"","Y1965","Y1966","Y1967","Y1968","Y1969","Y1970","Y1971","Y1972","Y1973","Y1974","Y1975","Y1976","Y1977","Y1978","Y1979","Y1980","Y1981","Y1982","Y1983","Y1984","Y1985","Y1986","Y1987","Y1988","Y1989","Y1990","Y1991","Y1992","Y1993","Y1994","Y1995","Y1996","Y1997","Y1998","Y1999","Y2000","Y2001","Y2002","Y2003","Y2004","Y2005","Y2006","Y2007","Y2008","Y2009","Y2010","Y2011","Y2012"
"ANNUAL_MIN_01Day_SW",3.539999962,5.800000191,4.110000134,5.099999905,4.980000019,4.25,6,5.829999924,3.109999895,3.279999971,6.429999828,4.619999886,4.159999847,4.639999866,3.839999914,4.420000076,4.659999847,5.320000172,5.710000038,4.119999886,3.359999895,3.450000048,3.599999905,4.139999866,4.079999924,4.889999866,4.610000134,3.74000001,4.889999866,4.800000191,4.670000076,4.630000114,7.449999809,3.960000038,6.010000229,5.230000019,4.210000038,4.980000019,2.68,2.769999981,4.960000038,2.579999924,5.639999866,5.300000191,5.480000019,4.389999866,5.679999828,3.549999952
"ANNUAL_MINDOY_01Day_SW",276,215,243,219,228,203,223,304,285,308,206,223,227,212,187,244,252,213,225,203,241,297,221,244,280,227,233,221,276,233,175,239,231,264,260,246,230,309,271,228,221,256,197,218,242,242,256,281
"ANNUAL_MIN_03Day_SW",3.74666666966667,5.93666680666667,4.110000134,5.2233332,4.980000019,4.34333340333333,6.29333337133333,6,4.46999979,3.443333387,6.71333328866667,4.97666660966667,4.643333435,4.699999968,3.919999997,4.429999987,4.83333333333333,5.36000013366667,5.74666674933333,4.41999991766667,3.61666671433333,3.49000000966667,3.73333326966667,4.41666666666667,4.12000004466667,4.96666653933333,4.70666662866667,3.79000004133333,5.060000102,4.88000011466667,4.80000003166667,4.649999936,7.519999981,3.99666674933333,6.12000004433333,5.30000003166667,4.22666660933333,5.106666724,2.75,2.823333343,5.02000014,2.616666635,5.679999987,5.330000083,5.53333330166667,4.459999879,5.83999983433333,3.596666654
"ANNUAL_MINDOY_03Day_SW",276,224,256,220,238,204,224,304,253,309,207,223,227,213,188,244,249,234,233,203,234,297,222,245,281,227,210,221,247,234,176,239,236,249,261,246,232,309,277,229,221,257,198,220,264,260,258,282
"ANNUAL_MIN_07Day_SW",4.22428570471429,6.30571433485714,4.32000010371429,5.25857128428571,5.07142857142857,4.642857211,6.71857139028571,6.14142853885714,4.56999996714286,3.712857178,6.92285708,5.40571423957143,4.97571427485714,4.78000000542857,3.94142862728571,4.89714281885714,4.93142856857143,5.38142858242857,5.85714285728571,5.021428517,3.71714282042857,3.67999999871429,3.96857145857143,4.52999993742857,4.36857148585714,5.24571425557143,4.765714305,4.00285717428571,5.09000008457143,5.03714282157143,4.87285709385714,4.71999992628571,7.58999994814286,4.01857147914286,6.23571429928571,5.39142860671429,4.26428570071429,5.31714289542857,2.77,2.88857146685714,5.13142858228571,2.66000001771429,5.81000001071429,5.44857140971429,5.57857138785714,4.56142854685714,5.89285700642857,4.13857153485714
"ANNUAL_MINDOY_07Day_SW",276,225,269,223,240,206,225,262,279,309,210,225,227,215,177,245,253,219,233,207,243,298,314,224,284,227,214,224,251,245,181,243,236,250,261,247,232,310,277,233,222,259,245,221,268,242,260,277
"ANNUAL_MIN_30Day_SW",5.07000006023333,6.4456666947,4.6523333869,6.56899989446667,5.35766660363333,5.03566668833333,7.91999998086667,6.38533333146667,4.83566660873333,5.64000001743333,7.1133332728,8.39766658163333,5.51066668836667,5.2350000063,4.2550000271,5.29766667683333,5.52866663926667,5.5186666807,6.39300003053333,5.2619999886,3.88133331936667,4.1736666918,4.3356666883,4.7653333028,5.35433335306667,5.36033333133333,4.9990000089,4.3036666632,5.2016667049,5.29800004956667,5.1043333531,4.88633332253333,8.3873333136,4.1366666715,6.41200002026667,5.52466669073333,4.70466664626667,5.75833333333333,2.97533331616667,2.9886666934,5.27033333783333,2.9596666654,5.95266668003333,5.66900003753333,5.62499996826667,4.7919999917,6.2103333473,4.68766668636667
"ANNUAL_MINDOY_30Day_SW",223,244,270,237,256,230,237,262,278,312,234,231,234,237,193,259,260,239,247,246,244,257,314,246,285,241,236,247,259,251,200,265,256,268,279,250,233,311,278,233,246,278,259,232,271,260,264,283
"ANNUAL_MIN_DAILY_SW",3.539999962,5.800000191,4.110000134,5.099999905,4.980000019,4.25,6,5.829999924,3.109999895,3.279999971,6.429999828,4.619999886,4.159999847,4.639999866,3.839999914,4.420000076,4.659999847,5.320000172,5.710000038,4.119999886,3.359999895,3.450000048,3.599999905,4.139999866,4.079999924,4.889999866,4.610000134,3.74000001,4.889999866,4.800000191,4.670000076,4.630000114,7.449999809,3.960000038,6.010000229,5.230000019,4.210000038,4.980000019,2.68,2.769999981,4.960000038,2.579999924,5.639999866,5.300000191,5.480000019,4.389999866,5.679999828,3.549999952
"ANNUAL_MAX_DAILY_SW",196,362,213,450,150,153,187,425,337,343,345,165,233,101,336,385,244,217,303,197,86.40000153,400,198,139,176,326,248,324,191,257,286,254,359,325,282,88.69999695,255,289,312,213,321,333,381,166,407,365,222,229
"ANNUAL_MEAN_DAILY_SW",47.7262465195479,60.3254518850712,61.709917751663,69.525027298541,47.5065479025945,36.8476712497973,55.6226576845945,53.932295065877,53.3354520933425,69.4606575554164,66.5918630247233,47.7715300184016,47.6957260052603,30.2525205536137,43.4654246793699,58.6596720948525,60.3122740849644,49.7634794863315,61.2967397414959,58.1211200750191,27.7545479034877,52.8535890083397,47.3614247270082,46.1110109670109,40.1717260230849,59.7154794392575,45.9352329699562,42.7496994823525,33.4678904495973,47.672931473937,71.3442192116658,50.6037704306503,79.1223286811562,57.352328744126,71.8006302010027,36.6093169653661,41.9732603086767,49.3046300548219,66.0323287897945,43.5291803731858,48.5167671583616,70.730027381,71.4507671499616,40.5884700420383,53.1628218991096,64.3641643393562,57.9724656915342,58.5145081965519
"ANNUAL_TOTALQ_DAILY_SW",1505094910.24046,1902423450.64761,1946083966.21644,2198548223.24538,1498166494.65622,1162028160.53361,1754116132.74137,1705468607.49119,1681986817.21565,2190511296.66761,2100040992.34767,1510650430.8539,1504132415.30189,954043488.178761,1370725632.68861,1854959614.85226,1902007875.54344,1569341089.08095,1933053984.48781,1837929307.46028,875267422.684387,1666790782.967,1493589890.19093,1458140833.20321,1266855551.86401,1883187359.59643,1448613506.94054,1351848096.91074,1055443393.2185,1503413566.96208,2249911297.05909,1600212670.0662,2495201757.28894,1808663039.27476,2264304674.01882,1157674464.80559,1323668737.09443,1554870813.40886,2082395520.71496,1376497153.43303,1530024769.10609,2230542143.48722,2253271392.84119,1283504835.05735,1676542751.41032,2029788286.60594,1828219678.04822,1850369183.99464
"ANNUAL_YIELDMM_DAILY_SW",1822.1488017439,2303.1760903724,2356.0338574049,2661.68065768206,1813.76088941431,1406.81375367265,2123.62727934791,2064.73197032832,2036.30365280345,2651.95072235788,2542.42250889549,1828.87461362458,1820.98355363425,1155.01632951424,1659.47413158427,2245.71381943373,2302.67297281288,1899.92867927476,2340.25906112326,2225.09601387444,1059.6457901748,2017.9065169092,1808.22020604229,1765.30367215885,1533.72342840679,2279.88784454773,1753.76937886264,1636.6199720469,1277.77650510714,1820.1132771938,2723.86355576161,1937.30347465641,3020.82537202051,2189.66469645855,2741.28895159664,1401.54293559999,1602.5045243274,1882.41018572502,2521.05995243942,1666.46144483418,1852.330228942,2700.41421729687,2727.93146833074,1553.87994559001,2029.7127741045,2457.37080702898,2213.34101458623,2240.15639708795
"ANNUAL_CUMQ_DAILY_SW",17420.079979635,22018.789938051,22524.119979357,25446.159991266,17339.889984447,13449.400006176,20302.270054877,19739.219994111,19467.44001407,25353.140007727,24306.030004024,17484.379986735,17408.93999192,11042.170002069,15864.88000797,21469.439986716,22013.980041012,18163.670012511,22373.310005646,21272.329947457,10130.409984773,19291.559988044,17286.920025358,16876.630013926,14662.679998426,21796.149995329,16766.360034034,15646.390010541,12215.780014103,17400.619987987,26040.640012258,18520.979977618,28879.649968622,20933.599991606,26207.230023366,13399.010009324,15320.240012667,17996.18997001,24101.800008275,15931.680016586,17708.620012802,25816.459994065,26079.530009736,14855.380035386,19404.429993175,23492.919983865,21159.94997741,21416.309999938
"ANNUAL_Date_25P_CUMQ_DAILY_SW",55,48,39,32,81,48,48,62,30,37,89,37,69,40,67,51,54,51,45,54,80,32,33,66,50,58,39,30,70,54,50,38,57,36,42,53,70,34,39,39,36,32,45,42,90,36,45,45
"ANNUAL_Date_50P_CUMQ_DAILY_SW",141,129,111,84,126,105,106,98,149,91,297,91,244,97,167,124,176,120,75,123,134,76,71,123,104,265,96,51,121,86,108,102,124,97,107,121,236,94,95,120,108,128,102,118,311,109,95,109
"ANNUAL_Date_75P_CUMQ_DAILY_SW",327,341,314,310,295,327,266,302,341,204,325,160,334,275,348,336,327,321,317,311,310,199,181,321,318,331,323,197,333,322,333,310,295,335,315,302,337,323,300,330,310,329,319,293,331,317,280,318
"JFM_TOTALQ_DAILY_SW",565669440.528768,732991673.4768,874480319.932608,1148152320.92362,443759039.702784,492134398.677216,768821761.452384,797618879.407296,740543040.856224,1083352320.92448,532906559.141184,756112319.932608,506744640.526176,450567360.136512,522210240.936576,767707199.670816,658255682.208384,688711680.395712,1084121278.41629,744551998.351488,247535999.834112,944023680.395712,893885762.107296,512939520.264384,531982078.41888,658393919.275968,703200960.134784,896045761.612224,377585280.39744,784140480.067392,1040739841.18714,764138879.410752,985175999.011584,886965119.607744,1058011199.99914,470672639.542944,374544000.083808,763542718.942464,996312959.80128,609180480.235872,604186559.639712,976268160.459648,1045543679.73562,555906241.51632,423973439.046144,865581118.94592,871732798.351488,809023679.735616
"AMJ_TOTALQ_DAILY_SW",232522271.420861,314576352.977789,258498431.058672,227285566.673501,540264385.594685,222619104.751594,449962561.698624,363951359.22672,159158304.296438,512118718.942464,307342080.564192,430358398.515648,213457248.179798,166250880.273542,168313248.035856,229981247.355283,310749699.326918,239137920.430272,164309473.069632,380806272.042768,254879998.268458,295191647.603165,226875167.49888,388029312.981763,279964511.49672,240517727.174966,167297184.035942,107343359.844048,315653760.547776,200471327.339645,161398655.665373,300474143.301888,519428157.328512,113498495.699674,439966081.05408,297181439.374464,254214721.168992,287354302.573363,311927328.326506,135324864.431741,391680577.248739,239394526.845005,310594175.724211,292714561.368576,267626592.057197,414793440.485222,420056929.276819,393163200.330912
"JAS_TOTALQ_DAILY_SW",48689855.9959392,74649599.7541056,44503776.3432672,93315455.5851936,76129631.142912,46146239.826336,104791967.907293,94936320.3468096,49729248.1379808,105398496.15431,98178912.5256576,96090623.657424,52511327.9990496,95011488.1307232,77674463.978832,64524383.7899616,77556095.8233984,58525632.050112,112688928.452909,66518495.9474688,40603679.962848,51728543.8596,46415807.8989984,46855584.2003616,45534527.9159328,50489567.948592,122873760.379987,44648063.8343712,50913792.0182304,46701792.1003968,44616960.3380832,40623551.9849664,170220960.752717,35138880.0456192,96341183.7892704,56720736.1859328,55390175.7249888,50770368.0722304,38440223.844048,35883648.0560736,52456896.1117152,31023648.035856,61282656.1613952,77844672.2070144,47885471.9193024,43291584.0772416,64668672.0019008,63979200.0823392
"OND_TOTALQ_DAILY_SW",658213342.294896,780205824.438912,768601438.881898,729794880.063072,438013438.21584,401128417.278461,430539841.683072,448962048.510365,732556223.925005,489641760.646358,1161613440.11664,228089088.748224,731419198.596864,242213759.637984,602527679.737344,792746784.036202,855446398.184736,582965856.204854,571934304.548986,646052541.11856,332247744.61897,375846911.108525,326413152.685757,510316415.756698,409374434.032474,933786145.196899,455241602.389824,303810911.620099,311290560.255053,472099967.454643,1003155839.8685,494976095.368589,820376640.196128,773060543.921722,669986209.176336,333099649.702253,639519840.11664,453203423.820806,735715008.743126,596108160.709344,481700736.105926,983855808.146707,835850881.219968,357039359.96544,937057248.387677,706122143.097552,471761278.418016,584203103.845776
"JFM_YIELDMM_DAILY_SW",684.82983114863,887.399120431961,1058.69288127434,1390.01491637242,537.238546855671,595.804356752077,930.776950910877,965.640289839341,896.541211690344,1311.56455317734,645.165325836785,915.390217836087,613.492300879148,545.481065540571,632.215788058809,929.427602507041,796.919712116688,833.791380624349,1312.49549445071,901.39467112771,299.680387208368,1142.88581161708,1082.18615267227,620.992155283758,644.046099780726,797.087069341365,851.332881519109,1084.80116417945,457.125036800775,949.322615093695,1259.97559465755,925.107602192194,1192.70702059514,1073.80765085683,1280.88523002317,569.821597509617,453.44309937507,924.385858283855,1206.19002397249,737.506634668126,731.460725956068,1181.92271242088,1265.7913798252,673.009977622663,513.285035164823,1047.91903020087,1055.36658396064,979.447554159342
"AMJ_YIELDMM_DAILY_SW",281.503960557943,380.843042345991,312.952095712678,275.164124302059,654.073106046834,269.514654662946,544.748864041918,440.619078966973,192.685598421838,619.998449082886,372.084843298053,521.015010309501,258.422818619611,201.272252147146,203.769065418712,278.42766023642,376.210289742032,289.513220859893,198.921880229579,461.024542424659,308.57142647513,357.374876032887,274.667273001065,469.769144045718,338.940086557772,291.183689073809,202.538963723901,129.955641457685,382.147409864136,242.701364817972,195.397888214737,363.770149275893,628.847648097472,137.407379781687,532.646587232542,359.783824908552,307.76600625786,347.886564858793,377.635990710055,163.831555002107,474.189560833825,289.82388237894,376.02200450873,354.375982286412,324.003138083773,502.171235454264,508.543497913825,475.984504032581
"JAS_YIELDMM_DAILY_SW",58.9465568958102,90.3748181042441,53.8786638538344,112.972706519605,92.1666236596998,55.8671184338208,126.866789234011,114.935012526404,60.2049008934392,127.601084932579,118.860668917261,116.33247416153,63.573036318462,115.026014686106,94.0368813303051,78.116687397048,93.8935784786906,70.854276089724,136.427274156064,80.5308667644901,49.1569975337143,62.6253557622276,56.1934720326857,56.7258888624233,55.1265471137201,61.1253849256562,148.757579152527,54.0533460464542,61.6389733876881,56.539699879415,54.0156904819409,49.1810556718722,206.078644979076,42.5410170043816,116.635815725509,68.6691721379332,67.0583241222625,61.4653366491893,46.5378012639806,43.4426731913724,63.5071381497763,37.5588959271864,74.1920776772339,94.2429445605501,57.972726294555,52.4111187375806,78.2913704623496,77.4566586953259
"OND_YIELDMM_DAILY_SW",796.86845314152,944.559109490208,930.510216564041,883.528910487981,530.282612852107,485.627623823802,521.234675161104,543.537588995599,886.871941797827,592.786635165083,1406.31167084339,276.136911317462,885.495397817027,293.236997140416,729.452396776446,959.741869293222,1035.64939247547,705.769801700792,692.414412286908,782.145933557579,402.23697895759,455.020473497003,395.173308336267,617.816483966946,495.610694954568,1130.4917012069,551.139954467099,367.809820363316,376.865085054543,571.549597402716,1214.47438240738,599.244667516451,993.192058348823,935.908648815644,811.121318615419,403.26834104389,774.237094572203,548.67242593318,890.696136492889,721.680581972572,583.172804002332,1191.10872656986,1011.92600631957,432.251041120387,1134.45187456135,854.869422636262,571.139562249414,707.267680200697
"JAN_MIN_DAILY_SW",28.89999962,57.20000076,106,67.69999695,30,39.09999847,44.70000076,35.09999847,92.90000153,49.59999847,63.40000153,90.30000305,40.20000076,52.70000076,15.60000038,59.09999847,68.5,42.79999924,89.59999847,43,26.20000076,24.70000076,94.30000305,29.39999962,65,39.40000153,45.59999847,81.30000305,18.39999962,60.40000153,89.40000153,67.69999695,98.5,60.70000076,103,46.90000153,53.5,79.19999695,96,53.5,33.5,139,95.09999847,53.5,32.79999924,99.59999847,91.69999695,76.80000305
"FEB_MIN_DAILY_SW",96.30000305,54.40000153,58.59999847,90,28.29999924,48.09999847,83.5,51.29999924,38.20000076,87.80000305,40.5,66.5,34.5,42.79999924,14.69999981,61.90000153,40.09999847,68.40000153,68.09999847,60.79999924,21.89999962,60,67.80000305,49.79999924,35.5,63.09999847,76,86.19999695,27.10000038,38.90000153,82.40000153,54.29999924,54.90000153,95.19999695,113,46.40000153,30.5,57.79999924,51.5,54.29999924,37,51.40000153,69.40000153,42.79999924,27.29999924,64.69999695,65.09999847,73.69999695
"MAR_MIN_DAILY_SW",31.70000076,46.70000076,49.59999847,74.80000305,36.5,39.90000153,61.40000153,91.69999695,38.79999924,62.90000153,49,47.59999847,52.40000153,24,46.70000076,52.90000153,26.5,39.40000153,64.30000305,66.90000153,23,70.69999695,54.20000076,44.20000076,43.5,57.40000153,29,25.10000038,26.5,76.80000305,79.30000305,41.20000076,59.79999924,44,79.69999695,44.29999924,15.80000019,53.09999847,42.59999847,28.60000038,19,43.20000076,67.59999847,46.79999924,28.5,53.29999924,58.09999847,64.09999847
"APR_MIN_DAILY_SW",28.89999962,43,34.5,36.79999924,81.30000305,24.70000076,52.40000153,51.29999924,8.670000076,60.29999924,39.59999847,56.40000153,41.90000153,24.70000076,25.70000076,45.40000153,31.89999962,23.89999962,14.80000019,49.29999924,40,32.20000076,31.89999962,42.20000076,51,35.79999924,24.70000076,13.30000019,35,30,20.5,32.09999847,60.20000076,20.29999924,34.09999847,35.90000153,25.5,33.5,39.09999847,22.89999962,44.79999924,30.70000076,55,28.10000038,38.59999847,70,50.90000153,68.90000153
"MAY_MIN_DAILY_SW",8.069999695,7.360000134,28.10000038,10.10000038,58,12.5,51.79999924,20.39999962,8.779999733,30.89999962,31.70000076,48.09999847,9.829999924,12.89999962,12.69999981,11.10000038,14,28.5,6.46999979,34.79999924,22,23,9.31000042,35,6.989999771,8.399999619,9.949999809,6.570000172,17.5,7.559999943,6.480000019,21.10000038,30.60000038,7.139999866,33.29999924,27.39999962,24.5,23.29999924,14.10000038,9.020000458,15.60000038,20.79999924,25,19.5,16.60000038,17.60000038,29.89999962,22.20000076
"JUN_MIN_DAILY_SW",6.510000229,6.769999981,6.230000019,8.069999695,6.510000229,5.46999979,13.39999962,10,11,16.5,7.25,13.89999962,5.78000021,6.460000038,3.900000095,4.889999866,8.159999847,12.60000038,6.070000172,7.449999809,6.269999981,6.679999828,12.10000038,5.659999847,6,7.420000076,5.909999847,6.050000191,11.69999981,6.320000172,4.670000076,6.440000057,16,4.539999962,32.29999924,15,13.89999962,9.960000038,6.320000172,2.99000001,8.170000076,5.75,6.53000021,15,7.03000021,7.820000172,6.380000114,15.10000038
"JUL_MIN_DAILY_SW",4.809999943,6.090000153,5.800000191,6.400000095,6.090000153,4.25,9.460000038,6.679999828,5.659999847,11.60000038,6.429999828,8.68999958,5.349999905,4.639999866,3.839999914,6.96999979,8.279999733,5.409999847,13.39999962,4.119999886,3.700000048,6.25,5.269999981,4.960000038,5.539999962,5.349999905,4.619999886,4.630000114,5.860000134,5.340000153,4.789999962,5.050000191,14.5,4.139999866,10.60000038,5.739999771,4.429999828,5.480000019,5.800000191,2.849999905,5.800000191,3.109999895,5.639999866,5.590000153,5.920000076,5.139999866,6.260000229,6.440000057
"AUG_MIN_DAILY_SW",4.5,5.800000191,4.110000134,5.099999905,4.980000019,4.699999809,6,6.119999886,4.389999866,6.630000114,6.909999847,4.619999886,4.159999847,4.730000019,4.349999905,4.420000076,4.889999866,5.320000172,5.710000038,4.849999905,3.359999895,3.660000086,3.599999905,4.139999866,5.050000191,4.889999866,4.610000134,3.74000001,5.039999962,4.800000191,5.239999771,4.630000114,7.449999809,4.059999943,7.090000153,5.300000191,4.210000038,5.440000057,3.49000001,2.769999981,4.960000038,3.269999981,5.650000095,5.300000191,5.480000019,4.389999866,6.090000153,5.53000021
"SEP_MIN_DAILY_SW",4.110000134,6.260000229,4.110000134,12.60000038,5.239999771,5.239999771,7.670000076,5.949999809,4.130000114,6.460000038,10,9.170000076,5.659999847,7.019999981,4.869999886,4.699999809,4.659999847,5.590000153,7.989999771,5.130000114,3.779999971,3.880000114,4.099999905,4.320000172,4.96999979,4.909999847,11.5,4.429999828,5.03000021,4.940000057,4.840000153,4.71999979,7.829999924,3.960000038,6.010000229,5.230000019,5.329999924,5.440000057,2.68,3.170000076,5.019999981,2.579999924,5.769999981,5.800000191,5.5,4.389999866,5.679999828,4.079999924
"OCT_MIN_DAILY_SW",3.539999962,6.369999886,4.699999809,14.39999962,24.39999962,6.230000019,11.19999981,5.829999924,3.109999895,3.339999914,10.60000038,7.5,10.69999981,14.39999962,12.60000038,9.420000076,24.29999924,7.320000172,6.670000076,9.06000042,7.610000134,3.450000048,3.940000057,7.480000019,4.079999924,5.820000172,11,5.190000057,4.889999866,5.139999866,4.929999828,4.880000114,51.40000153,4.369999886,6.28000021,9.020000458,9.090000153,5.5,2.72,14.89999962,5.809999943,3.049999952,21.5,16.70000076,5.5,4.409999847,12.89999962,3.549999952
"NOV_MIN_DAILY_SW",72.80000305,30.60000038,51,72.80000305,23.5,19.5,39.90000153,7.21999979,28.29999924,3.279999971,119,17.5,88.30000305,13.60000038,28.70000076,21.89999962,89.19999695,42,17.29999924,44.29999924,33.59999847,8.079999924,3.799999952,14.30000019,28.20000076,61.40000153,13.39999962,42.09999847,9.340000153,37.79999924,39.79999924,48.29999924,56.59999847,11.89999962,42.70000076,27.70000076,44,4.980000019,39.70000076,45.40000153,52.40000153,5.230000019,50.79999924,27.5,63.90000153,54.20000076,35.5,57.09999847
"DEC_MIN_DAILY_SW",68.80000305,119,49.29999924,88.09999847,34,45,41.29999924,27,110,88.09999847,69.40000153,26.10000038,68.19999695,24.20000076,36.59999847,89.90000153,69.09999847,69.19999695,36.5,45.79999924,26.60000038,56.79999924,44.40000153,53,38.40000153,59,67.90000153,36.29999924,27.5,52,101,54.20000076,67.09999847,123,68.69999695,46.90000153,82.30000305,44.09999847,83.59999847,69.30000305,26.39999962,104,71.80000305,30.79999924,83.19999695,62.29999924,37.90000153,63.40000153
"JAN_MAX_DAILY_SW",92.59999847,260,213,450,98.5,150,172,178,270,343,108,165,96.30000305,101,39.40000153,174,244,158,199,197,44.40000153,400,187,127,131,132,170,324,94.40000153,139,201,254,245,275,282,88.69999695,139,289,252,180,321,297,304,166,121,365,211,229
"FEB_MAX_DAILY_SW",196,119,187,211,65.69999695,80.69999695,187,180,107,246,68.5,125,80.09999847,89.80000305,170,172,213,201,303,127,41.20000076,201,138,99,90,174,248,299,71.40000153,143,262,137,169,180,232,82.90000153,67.80000305,174,181,120,137,236,107,65.5,49.20000076,113,130,133
"MAR_MAX_DAILY_SW",86.69999695,117,138,135,103,72.19999695,151,185,79.30000305,202,98.30000305,104,147,64,196,144,93.90000153,138,177,111,37.90000153,156,149,105,87.09999847,89.30000305,79.40000153,88.59999847,123,257,157,80,359,109,175,70,40.79999924,99.69999695,229,70.90000153,47.40000153,69.59999847,278,71,90.19999695,99.30000305,222,132
"APR_MAX_DAILY_SW",70.80000305,140,77.59999847,76.5,141,138,92.30000305,116,38.20000076,154,49,85,57.79999924,56.90000153,44.40000153,73,75.90000153,45.29999924,78.30000305,78.19999695,66.59999847,95.40000153,59.70000076,136,106,59,80.80000305,37.70000076,89.80000305,75.19999695,80.09999847,121,124,35.09999847,83.90000153,50.29999924,50.90000153,103,146,63.70000076,129,66.09999847,105,47.20000076,68,133,107,94.09999847
"MAY_MAX_DAILY_SW",56.09999847,43.90000153,39.09999847,39.59999847,79,23.79999924,74.80000305,54.09999847,43.90000153,67.69999695,62.90000153,72.5,41.09999847,24.20000076,30.29999924,49.09999847,73.19999695,42.70000076,20.39999962,80.69999695,50.79999924,68.09999847,32.29999924,44.29999924,50.79999924,33.59999847,23.39999962,31.29999924,78,28.5,22.70000076,95.90000153,121,19.5,79.5,57.40000153,69.80000305,46.40000153,37,22.70000076,83.90000153,31.39999962,67.40000153,83.40000153,63.29999924,66.69999695,74.5,85.30000305
"JUN_MAX_DAILY_SW",15.89999962,31.70000076,32.59999847,20.79999924,64.80000305,11.80000019,52.70000076,25.20000076,38.79999924,64.80000305,38.79999924,56.59999847,25.89999962,19.79999924,12.39999962,12.5,41.09999847,28,12.80000019,60,19,51.29999924,21.39999962,51.79999924,6.889999866,55.70000076,9.319999695,8.390000343,25.60000038,17.5,5.829999924,21.39999962,47.70000076,6.449999809,73.40000153,42.40000153,24.20000076,31.89999962,14,9.729999542,40.40000153,30.39999962,24.5,49.90000153,16.39999962,67.40000153,50.40000153,25.39999962
"JUL_MAX_DAILY_SW",9.229999542,26.89999962,7.389999866,16.29999924,12.69999981,5.659999847,45,41.90000153,11,38.5,19.60000038,36,6.630000114,7.21999979,6.170000076,11.89999962,37.09999847,16.20000076,43.90000153,17.5,7.789999962,12.5,13.80000019,6.190000057,7.289999962,7.940000057,7.429999828,8.539999962,11.5,12.30000019,5.820000172,6.320000172,64.80000305,5.949999809,32.70000076,13.80000019,14.39999962,12.30000019,7.199999809,3.450000048,11.89999962,5.730000019,9.420000076,15.69999981,7.03000021,7.889999866,11.5,17.60000038
"AUG_MAX_DAILY_SW",11.39999962,13.30000019,6.739999771,16,6.090000153,5.320000172,13.5,8.159999847,6.739999771,11.89999962,26.29999924,12.89999962,6.710000038,6.940000057,5.099999905,10.89999962,8.229999542,6.119999886,17.89999962,5.769999981,4.769999981,10.19999981,6.75,5.760000229,5.989999771,6.070000172,87.90000153,4.929999828,6.039999962,5.989999771,6.820000172,5.550000191,12.80000019,4.670000076,10.60000038,6.639999866,6.539999962,6.210000038,6.460000038,3.660000086,5.699999809,5.360000134,9.06000042,14.19999981,6.5,5.400000095,10.39999962,7.119999886
"SEP_MAX_DAILY_SW",9.659999847,8.75,6.510000229,19.29999924,36.20000076,11.60000038,17.20000076,19.79999924,6,8.270000458,26.70000076,18.89999962,14.89999962,37.90000153,29.29999924,10.5,17.60000038,7.139999866,14.60000038,17.29999924,8.090000153,7.960000038,6.150000095,17.5,7.889999866,15.80000019,84.90000153,12.19999981,14.60000038,6.110000134,7.090000153,5.300000191,57.70000076,4.329999924,7.300000191,17.5,16.29999924,6.769999981,3.690000057,14.89999962,13.30000019,3.440000057,19.20000076,18.20000076,5.760000229,9.380000114,26.79999924,5.989999771
"OCT_MAX_DAILY_SW",67.09999847,43.29999924,167,122,39.09999847,27.20000076,42.20000076,15,34,8.720000267,182,16.20000076,62,34,67.5,15.19999981,158,105,17.20000076,111,73.30000305,8.649999619,5.170000076,14.10000038,32.90000153,74.40000153,20.20000076,34.59999847,13.30000019,25.29999924,65.80000305,64.5,157,14.60000038,50.90000153,53.20000076,45.29999924,14.69999981,312,42.79999924,90.90000153,5.78000021,112,32.40000153,84.19999695,85.80000305,51.70000076,68.59999847
"NOV_MAX_DAILY_SW",171,182,156,141,49.59999847,71.40000153,127,50.09999847,194,146,345,34.29999924,198,48.09999847,60.59999847,212,202,93.69999695,290,182,86.40000153,116,53,139,90.59999847,283,147,72.59999847,17.60000038,60,286,109,167,281,181,52.20000076,162,182,134,107,117,333,157,111,407,108,193,130
"DEC_MAX_DAILY_SW",188,362,187,177,150,153,83.80000305,425,337,227,265,95.09999847,233,55.20000076,336,385,221,217,109,148,56,149,198,114,176,326,157,66,191,250,286,129,171,325,211,88.19999695,255,166,132,213,187,276,381,56,239,261,135,194
"JAN_MEAN_DAILY_SW",45.1032258306452,123.841935065806,143.387096774194,204.73870948129,60.3290325290323,71.651612803871,96.7129034232258,67.1225803745161,162.106451711613,162.92258035,83.3451613148387,124.203225904839,56.2580643925806,71.2129033,25.5870970445161,113.08709692129,108.325807387419,73.622580743871,129.4483869,107.541934844194,32.8903227774194,152.580645407419,134.583871164516,63.1516129277419,83.7741933022581,83.3419354341935,82.4870963558065,139.000000245484,39.0838709806452,87.2580647622581,128.132258015484,133.996774243226,156.629032258065,145.658064565806,147.290322580645,64.8129027593548,70.6935485103226,138.803225363226,159.051612854194,104.629032505161,126.338709924194,205.322580645161,176.938709628065,101.854838832581,73.6419352870968,176.438709628065,135.170967594194,128.374193745161
"FEB_MEAN_DAILY_SW",124.08571434,83.4035709921429,111.246428353214,136.617241168621,45.7821425717857,66.5607141757143,119.817857197143,91.2551724665517,64.08214283,137.457143238571,51.2178570885714,96.0793101862069,60.4464288442857,61.1535714021429,74.8714289325,98.1172409062069,99.4249997821429,123.1642859325,177.014285223214,91.6620689917241,31.7571427475,107.392857142857,109.496428898214,68.2000002375862,56.21428517,105.199999945357,145.932143075357,155.75862069,48.496429035,77.3999997553571,157.392857415357,94.9586204003448,90.4142855232143,128.282142639286,155.464285714286,59.4482762572414,49.3107141767857,86.2821430478571,97.4607142035714,78.4896550675862,75.8499998364286,114.892857278571,83.9321428025,52.8448278493103,36.9607139996429,87.0535711564286,86.5821426932143,94.0896551206897
"MAR_MEAN_DAILY_SW",54.0161291564516,74.493546763871,82.6258066235484,96.129032996129,63.9999998758065,51.9709674467742,82.1096777151613,145.306451612903,56.5000002454839,117.400000295806,69.35806422,68.2161290570968,78.3419355574194,41.7741935490323,101.758064269355,81.7548388822581,47.6354839564516,72.2677417874194,115.432258113548,84.6935483867742,30.8451611306452,102.877419256452,100.254839004516,64.5580643680645,64.0709678893548,67.4548385383871,48.2483873683871,49.8354842270968,58.0870964909677,135.596774193548,118.274193794516,62.4677419364516,129.529032061613,69.6290322587097,107.306451612581,55.3032257325806,24.6064516193548,68.3387095535484,124.900000049032,49.3870967132258,30.7290320245161,55.4000000490323,137.612903225806,56.2612905196774,51.2677420345161,68.1032257080645,112.093548067419,85.6612900754839
"APR_MEAN_DAILY_SW",41.9033331543333,73.0400001536667,49.7533330273333,53.0633330026667,104.380000305,60.7633335113333,71.380000051,79.026666769,20.6506666493667,99.0733332316667,44.0466664636667,69.626666132,48.183333461,33.966666731,35.9166666666667,58.0066665646667,57.7433340073333,37.5966667183333,41.330000336,64.723333104,52.609999465,50.5233333586667,43.6100000386667,81.4499998723333,74.160000101,45.2533331556667,39.1400000253333,17.7766665463333,57.723333487,49.7366665516667,43.403333155,61.9900001526667,92.679999669,26.3666666026667,59.103333791,42.9700000766667,38.1866668066667,60.2099995936667,89.686666743,31.5800001146667,93.8266666413333,46.296666399,70.7833334596667,36.9633333206667,54.7633331293333,85.716666666,77.2066669466667,79.4999999996667
"MAY_MEAN_DAILY_SW",38.00129029,31.0096776872258,32.9645161780645,21.1548386545161,69.1354840170968,17.2290323929032,65.9193554532258,43.6322577687097,19.9609678632258,51.3838704622581,52.074193893871,61.5677418858064,20.4196773953548,18.2096775112903,21.5903225867742,21.7999998832258,41.3548391406452,36.7322581506452,14.2200000821935,55.6548390548387,35.9677418129032,45.3225804609677,24.2377418090323,39.716129426129,26.6151610343548,16.7022579869677,17.5467741873871,15.9125807205806,43.6774195393548,16.1148385852581,13.1006452495484,41.3032254858065,72.8322577322581,11.6583870459355,57.0032257570968,41.3516127058065,40.729032516129,31.1451611680645,20.3032258245161,13.4758065129355,38.2483874287097,26.7580643935484,33.9193545932258,50.9935486703226,36.8064518587097,43.2806452480645,53.5483872203226,50.9935485477419
"JUN_MEAN_DAILY_SW",8.53633332256667,16.2809999467667,15.9126665588333,12.7639998759,32.6153334925667,7.32033330596667,34.0999999693333,16.299999905,20.126666673,45.4066668826667,20.7166667303333,32.78666668,13.0686666331667,11.3566666128667,6.7090000075,8.19399997393333,19.4113334975333,16.706666692,7.36699999173333,24.6826665558333,8.5566666603,16.5290000119,18.873333232,27.2126667661,6.348666636,30.2799999395,7.2719999949,7.1936666489,18.9233332003333,10.9536666554667,5.32733329136667,11.253666576,32.4566663103333,5.374333334,51.7333333333333,28.9533332193333,17.8033333776667,18.4686666489333,9.67566669763333,6.7036666552,17.7613334974333,18.4123332820667,13.9946666876,23.2733335813333,10.4543333054,29.5883334315333,29.5190000849333,19.489999962
"JUL_MEAN_DAILY_SW",5.49806453316129,13.9138708580323,6.55161293103226,11.4912902465161,8.17451610877419,5.24387104290323,18.5612902797097,19.1809678693871,7.96225812345161,24.3483871032258,10.7758065035161,14.8899999125161,6.06999998712903,6.45516127932258,4.69096774445161,10.1348387042258,14.5219354013871,10.3564516647742,23.7096774816129,10.0283871310323,5.52870969616129,8.37096772667742,7.69548383825806,5.59193551151613,5.96838706535484,6.4758064516129,5.32741934251613,6.99677415045161,7.33225803996774,6.87354839993548,5.27806457403226,5.32161292719355,35.4354841177419,4.7322580583871,21.3225805529032,8.17419355151613,8.89677413822581,7.33741932516129,6.29580642322581,3.06870967348387,8.56322586912903,4.44999997841935,6.84129028935484,9.10064517293548,6.44935484858065,5.93677420767742,8.70225801793548,12.8470967815806
"AUG_MEAN_DAILY_SW",6.48967741380645,6.79903228825806,5.53870971732258,7.94225800409677,5.53677409677419,5.06806442809677,8.48064514887097,6.62903228883871,5.81548390851613,7.93806452909677,8.99290315564516,8.82387096648387,5.68290327448387,5.45129033051613,4.73387095235484,7.13806443087097,6.67161290877419,5.57322582129032,7.26645165106452,5.28354835516129,3.88354836745161,5.32516124948387,4.94741933574194,4.8332257886129,5.48870969590323,5.38935484412903,9.71935487580645,4.31806451274194,5.46548386551613,5.40580647990323,5.67870973770968,5.04806450870968,8.86838706845161,4.37193550606452,8.35612901570968,5.665806478,5.00064514525806,5.84322580219355,5.05225804545161,3.10483873280645,5.32193546912903,4.25129035229032,7.33322586551613,6.50419355212903,5.97741934558065,4.92645160612903,7.31032260774194,6.10354840367742
"SEP_MEAN_DAILY_SW",6.3973333199,7.39666665396667,4.6763333958,15.919999981,15.2026664569333,7.14766661296667,12.4856666880333,9.95633330363333,4.9486666202,7.3003333728,17.4500002216667,12.5676666262,8.11433329596667,24.3523333869333,20.2280000051333,7.0450000127,8.0213333447,6.11866661706667,11.4670000709667,9.840666644,5.9389999866,5.80433333713333,4.84300001456667,7.3043334005,5.72833331426667,7.2183333079,31.8566667876667,5.53333331746667,6.41833337136667,5.32899999623333,5.89133334163333,4.95733331043333,19.8910000646667,4.149000001,6.5006666978,7.5816667079,7.00899996763333,5.96733339626667,3.10399998886667,7.46466666846667,5.88999999356667,2.9776666721,8.99600003556667,13.9076667306333,5.63333330156667,5.47666668886667,8.40300002086667,5.101000007
"OCT_MEAN_DAILY_SW",33.4487096801613,16.8729032548387,70.1725805957742,52.2419358525806,31.7322578422581,13.3061291166774,21.8580645280645,9.13193545803226,11.5987095755484,6.51483872632258,76.0451614322581,9.82967748935484,20.1967741129032,22.2870967006452,25.4064516867742,13.3616129044839,43.9580642319355,29.8319355600323,9.93258064012903,55.7180640312903,28.8600000720645,5.19935479480645,4.44322581451613,11.1851613288387,12.2300000807742,28.6132259826774,14.2483871825806,13.8138708759032,7.0448386746129,9.6877418796129,28.5129032750968,27.5609677526452,96.451613026129,10.0406451381935,16.0861291269355,21.3167742761935,18.2854837912903,7.23032257629032,101.674838765194,24.4999999693548,18.5883872585806,4.17548391903226,66.6322583229032,24.5774195267742,20.9280643160323,38.0100001069355,38.4193548390323,15.7777418785484
"NOV_MEAN_DAILY_SW",96.1299997966667,61.636666806,94.946666718,100.079999541667,40.3866662336667,43.7199999483333,81.8700000766667,35.7276669026,79.536666743,51.9763335148333,212.5,24.8166666663333,118.573333231667,28.666666412,39.9966667183333,109.253333346,138.719999949333,67.283333588,142.329999860333,110.083333206333,58.8300001773333,42.6999999044333,16.7196665922333,99.3833333013333,60.3033336006667,173.256666946333,61.573333455,52.5599998466667,11.6903333663,48.7933331806667,157.823333231667,67.4999998726667,97.4533330283333,110.339999993667,105.176666768,40.676666704,88.533333461,66.4156667553667,70.710000229,88.610000102,90.1133330026667,192.926000006933,94.6100001016667,70.3533332823333,208.240000407,75.6699995663333,66.7599995926667,89.4933334346667
"DEC_MEAN_DAILY_SW",119.270967299355,214.774193548387,124.906451195161,123.380645259677,92.719354813871,94.1483875396774,59.6580650583871,123.916129020323,184.935483870968,125.996774242581,152.006451514516,51.3129034354839,138.135483526129,40.4032259912903,160.845161068387,176.887096774194,141.183870623226,122.709677173226,65.8645164741936,78.9580640480645,38.2548386970968,93.80322561,101.245161610323,83.1677418370968,82.2548391290323,152.354838709677,96.1322587532258,48.7516130016129,97.8645162274194,119.354838709677,193.290322580645,91.9193547154839,115.53225831,171.806451612903,132.274193794839,63.6838714845161,134.806451612581,97.7032256580645,104.580645161613,112.309677616129,74.0516131009677,176.451612903226,153.88064526,40.6419353483871,127.406451563871,152.396774169355,73.1096772225806,115.732257965806
"JAN_P50_DAILY_SW",39.59999847,111,124,203,61.20000076,62,91.5,42.5,159,165,83.30000305,123,54.40000153,67.69999695,25.10000038,113,87.30000305,61,121,89.40000153,32.09999847,76.59999847,137,67.09999847,80,82.30000305,65.40000153,111,27.89999962,80.69999695,127,128,150,135,137,66.69999695,65.09999847,121,154,99.40000153,63.20000076,205,149,104,76,163,128,122
"FEB_P50_DAILY_SW",117,81.70000076,103,124,42.600000385,65.80000305,108.5,77.30000305,56.800001145,122,50.25,99.69999695,66.80000305,59.600000385,78.60000229,89.09999847,81.099998475,119.5,205,96,34.600000385,100,115.5,64,54.450000765,103.049999235,128.5,122,48.39999962,76.549999235,154.5,96.90000153,79.299999235,126.5,143,59.70000076,49.10000038,75.35000229,83.849998475,73.69999695,68.89999771,100.25,83.40000153,51.20000076,35.79999924,84.549999235,80.5,90.40000153
"MAR_P50_DAILY_SW",54.90000153,69.69999695,81,98.30000305,73.09999847,46.70000076,77,143,53.20000076,114,68,66.30000305,69.40000153,40.5,95.69999695,76.80000305,41.09999847,63.29999924,111,83.30000305,31.5,104,106,58.59999847,63.70000076,68.09999847,44.40000153,46.5,52.09999847,113,119,63.40000153,77.90000153,67.40000153,95.19999695,55.5,22.10000038,65.09999847,141,49.79999924,29.39999962,52.5,146,54.79999924,41.29999924,64.5,100,85.09999847
"APR_P50_DAILY_SW",32.699998855,72.80000305,46.70000076,50.14999962,103,55.34999847,73.599998475,79.90000153,23.25,94.700000765,43.59999847,69.39999771,47,28.84999943,35.850000385,57.89999962,57.09999847,39.04999924,39.84999847,64.650001525,52.049999235,41.649999615,40.600000385,80.95000076,74.650001525,43.549999235,32.19999981,16.30000019,56.199998855,45.60000038,43.800001145,46.39999962,95.54999924,25,65.200000765,44,37.25,52.649999615,90.700000765,25.55000019,98.099998475,50.75,70.09999847,37.850000385,57.100000385,78.95000076,81.10000229,74.849998475
"MAY_P50_DAILY_SW",40.5,35.70000076,33.09999847,19,70.5,18.70000076,66.30000305,47.59999847,16.70000076,53.5,54.70000076,62.59999847,11.69999981,18.10000038,22.70000076,16.10000038,31.70000076,39.40000153,16.89999962,55.40000153,31,46,28.60000038,40.40000153,27.5,13.69999981,18.70000076,12.5,34.70000076,15.19999981,11.80000019,28.29999924,78.19999695,11,56.29999924,38.70000076,34.5,27.79999924,16.20000076,13.69999981,33.09999847,27.89999962,29.89999962,56.20000076,33.20000076,43.5,55.70000076,48.40000153
"JUN_P50_DAILY_SW",7.929999828,11,11.2950000755,11.799999715,32.849999425,6.5549998285,33.14999962,16.19999981,18.69999981,50.550001145,19,32.850000385,11.799999715,10.849999905,4.680000067,7.085000038,13.05000019,14.599999905,6.570000172,18.10000038,7.765000105,7.8549997805,19.44999981,24.30000019,6.329999924,28.55000019,7.230000019,7.2799999715,19.29999924,11,5.3849999905,10.599999905,32.09999943,5.5250000955,48.199998855,28.5,17.25,17.04999924,8.0499999525,8.5100002285,15,21.44999981,14.5,21.10000038,9.269999981,20.5,30.90000057,18
"JUL_P50_DAILY_SW",5.150000095,14,6.510000229,10.89999962,7.650000095,5.320000172,16.39999962,12.30000019,7.650000095,22.39999962,8.210000038,11.39999962,6.119999886,6.599999905,4.599999905,10.5,11.69999981,9.949999809,19.79999924,8.960000038,5.489999771,7.920000076,6.849999905,5.690000057,5.929999828,6.260000229,5.130000114,7.690000057,6.760000229,6.03000021,5.28000021,5.21999979,31,4.590000153,21.20000076,7.199999809,9.18999958,6.300000191,6.199999809,3.089999914,7.929999828,4.46999979,6.119999886,7.739999771,6.389999866,5.650000095,8.920000076,13.89999962
"AUG_P50_DAILY_SW",5.239999771,6.539999962,5.380000114,6.480000019,5.659999847,5.179999828,7.329999924,6.510000229,6,7.480000019,7.25,8.81000042,5.550000191,5.409999847,4.710000038,5.949999809,6.900000095,5.480000019,6.110000134,5.289999962,3.849999905,4.159999847,4.960000038,4.730000019,5.510000229,5.400000095,4.949999809,4.349999905,5.480000019,5.460000038,5.630000114,5.150000095,8.470000267,4.340000153,8.210000038,5.550000191,4.699999809,5.840000153,4.980000019,3.029999971,5.289999962,4.460000038,7.110000134,5.760000229,5.820000172,5,6.800000191,5.900000095
"SEP_P50_DAILY_SW",5.9149999615,7.3350000385,4.449999809,15.349999905,7.180000067,5.539999962,12.30000019,6.4850001335,4.809999943,7.194999933,17.40000057,12.349999905,6.9700000285,31.55000019,21.14999962,7.105000019,5.6849999425,6.0650000575,11.25,8.9200000765,6.1349999905,5.220000029,4.8599998955,5.3499999045,5.444999933,5.61500001,15.400000095,4.800000191,5.254999876,5.265000105,5.904999971,4.949999809,9.620000362,4.1649999615,6.424999952,6,5.699999809,5.9300000665,3.0349999665,6.8949999805,5.409999847,2.9850000145,6.3499999045,15.349999905,5.625,5.159999847,6.1600000855,5.2449998855
"OCT_P50_DAILY_SW",25.70000076,7.820000172,73.09999847,38.20000076,32.79999924,9.229999542,15,8.5,7.869999886,6.800000191,49.79999924,9.630000114,13.19999981,20.70000076,16.10000038,13.39999962,40.5,11.5,8.949999809,57.59999847,13.10000038,4.849999905,4.460000038,11.5,6.170000076,19.89999962,13,9.199999809,5.519999981,7.25,21.10000038,11.80000019,94,11.89999962,15.60000038,14.39999962,13.89999962,5.929999828,52.20000076,23.29999924,15.80000019,3.5,65.90000153,25.70000076,12.19999981,33.29999924,41,11.19999981
"NOV_P50_DAILY_SW",95.10000229,54.100000385,98.54999924,89.45000076,42.199998855,48.85000038,78.75,37.550001145,84.549999235,37.200000765,210,20.60000038,114,26.30000019,37.90000153,112.5,136.5,65.700000765,125,108.5,58.14999962,9.7750000955,7.4400000575,106,66.15000153,197.5,43.350000385,51.45000076,11.650000095,48.75,164,67.45000076,93.75,118,111,42.25,100.099998475,57.200000765,69.05000305,89.19999695,99.19999695,183,87.60000229,71.150001525,192,72.950000765,41.85000038,79.29999924
"DEC_P50_DAILY_SW",111,182,118,121,104,88.09999847,58.90000153,47,184,119,151,55.5,129,43.29999924,168,152,138,113,68.90000153,77.59999847,34.5,86.19999695,100,86,68.90000153,143,84,48.29999924,83.59999847,92,195,94.5,114,155,132,62.20000076,119,99,105,97.69999695,43.90000153,187,137,39.20000076,112,156,61.09999847,97.40000153
"JAN_P80_DAILY_SW",33.70000076,91.19999695,118,90.90000153,36.79999924,47,51.29999924,38.5,122,70.19999695,70.80000305,110,44.70000076,60.90000153,21,78.59999847,77.90000153,46.79999924,104,77.19999695,29.39999962,33.5,101,32.90000153,69.19999695,67.09999847,52.29999924,91.80000305,21.89999962,70.19999695,104,96.09999847,116,89.90000153,111,55.29999924,58.29999924,94.59999847,110,66.69999695,42.90000153,159,117,71.40000153,50.90000153,115,108,96.90000153
"FEB_P80_DAILY_SW",101.4,59.70000076,77.62000122,106,34.940000152,60.59999847,96.919999694,55.679999544,45.740000156,94.46000061,46.020001222,81.859997558,41.240000156,50.459999082,18.60000038,71.760002138,46.979999544,80.819999698,83.359999082,70.439997862,23.240000152,74.8,90.759999082,54.080001068,41.379998778,72.36000061,106,101.52000122,34.6,45.8,106.4,76.959997558,71.1,108.2,128.2,47.90000153,37.960000614,66.23999939,71.19999695,62.879999544,45.740000918,60.719999694,72.539999388,46.120001222,30.059999468,75.060002138,71.39999695,84.040000918
"MAR_P80_DAILY_SW",38.20000076,54.40000153,64,79,40.5,40.5,69.69999695,117,47.59999847,88.09999847,58.29999924,53.5,60.29999924,28.89999962,61.09999847,65.80000305,29.39999962,42.29999924,74.5,71.80000305,27.29999924,77.30000305,68.30000305,51.20000076,57.20000076,59.20000076,34.79999924,31.5,38.40000153,90.90000153,93,52.5,68.59999847,60.79999924,86.80000305,47.70000076,17.39999962,56.09999847,43.79999924,32.59999847,23.70000076,47.09999847,78.80000305,49.90000153,31.10000038,59.29999924,68.69999695,72
"APR_P80_DAILY_SW",29.70000076,51.69999924,39.09999847,39.319998928,89.68000183,37.220001224,61.360000608,57.280000306,9.436000061,67.819999694,42.619999698,60.179999544,44.5,27.080000304,31.120000076,48.719999694,46.860001376,31.159999468,17.879999544,57.259999086,44.919999694,33.180000302,37.99999924,54.69999847,57.720001224,41.380001072,29.140000532,14,42.320001224,37.60000153,26.3,38.260001376,68.679997254,22.839999772,41.240000918,38.279999544,31.560000228,37.819999694,58.00000076,23.660000608,77.45999756,31.680000684,63.059999082,31.919998928,43.919999694,73.480000306,53.4,71.93999939
"MAY_P80_DAILY_SW",34.29999924,23.39999962,30.29999924,13,64.59999847,12.89999962,58,40.79999924,9.909999847,41.29999924,43.90000153,53.79999924,10.19999981,15.80000019,13.89999962,12.19999981,19.89999962,31.20000076,9.220000267,44.20000076,28,31.29999924,14.10000038,36.40000153,10,9.430000305,12.60000038,9.960000038,23.79999924,14.19999981,8.909999847,25,41.59999847,9.829999924,44.59999847,33.09999847,29.89999962,26,15.5,9.390000343,18.20000076,23.79999924,25.89999962,21.39999962,21.20000076,25.5,37.5,36.40000153
"JUN_P80_DAILY_SW",7.360000134,6.9280000684,7.21999979,8.9640003208,6.880000114,6.1900000572,19.59999924,11.379999734,14.779999924,32.000001148,8.6679996488,20.759999848,6.3940000532,7.6139999394,3.950000048,6.1259999272,9.9340000152,13.39999962,6.3279999736,9.2940002444,7.0379998204,7.0380000116,17.839999772,12.480000114,6.1979998586,16.080000684,6.5579999926,6.5299999238,14.580000114,6.5579999926,4.93599987,6.9899999618,27.840000152,4.670000076,43.39999847,22.239999392,14.80000019,12.580000304,6.544000149,3.3960000516,10.460000038,7.5539999962,7.0880001064,17.759999848,7.7039998052,8.6299997334,13.10000019,16.239999392
"JUL_P80_DAILY_SW",4.960000038,6.480000019,6.289999962,8.779999733,6.650000095,4.980000019,13.19999981,9.880000114,6.510000229,17.39999962,7.139999866,10.19999981,5.860000134,6.369999886,4.039999962,9.640000343,8.909999847,6.199999809,15.80000019,5.5,4.010000229,6.639999866,5.599999905,5.210000038,5.650000095,5.849999905,4.989999771,5.769999981,6.389999866,5.5,5.050000191,5.130000114,23.39999962,4.389999866,15.5,6.349999905,5.710000038,5.699999809,6.010000229,2.910000086,6.820000172,3.480000019,5.900000095,5.760000229,6.119999886,5.409999847,6.659999847,10.30000019
"AUG_P80_DAILY_SW",4.960000038,6.03000021,5.099999905,5.46999979,5.099999905,4.699999809,6.909999847,6.289999962,5.239999771,6.909999847,7.019999981,5.949999809,5.269999981,4.960000038,4.590000153,5.369999886,5.820000172,5.380000114,5.840000153,5.119999886,3.74000001,3.99000001,4.599999905,4.53000021,5.300000191,5.130000114,4.860000134,4.059999943,5.25,5.130000114,5.480000019,4.78000021,7.739999771,4.230000019,7.5,5.400000095,4.300000191,5.670000076,4.329999924,2.950000048,5.170000076,3.430000067,5.840000153,5.489999771,5.670000076,4.559999943,6.400000095,5.71999979
"SEP_P80_DAILY_SW",4.960000038,6.6980000494,4.2960001948,13.460000038,5.320000172,5.239999771,9.149999809,6.119999886,4.46999979,6.8879999158,10.760000228,10.359999658,5.914000034,9.1420000074,13.240000342,5.3280001644,5.059999943,5.7840000154,9.0620000836,6.0360000608,4.45,4.356000137,4.300000191,4.9079998966,5.2920001986,5.355999947,12.19999981,4.5739999774,5.110000134,5.059999943,5.7260000228,4.8580000882,8.3479999546,4.0280001642,6.2619999886,5.6060001378,5.5360001566,5.7420000076,2.9180000308,3.4500000004,5.2780001642,2.7400000096,6,10.3159999848,5.5979999546,4.7880000116,5.953999996,4.6579998966
"OCT_P80_DAILY_SW",19.39999962,6.940000057,47.90000153,21.20000076,25.20000076,7.309999943,14.19999981,6.679999828,4.809999943,4.420000076,22,8.210000038,11.60000038,16.39999962,13.10000038,12.69999981,31.10000038,9.869999886,7.079999924,25.89999962,8.010000229,3.910000086,4.190000057,9.289999962,4.760000229,18.10000038,12,5.610000134,5.349999905,5.400000095,5.53000021,5.630000114,65,5.380000114,9.210000038,9.369999886,9.529999733,5.760000229,3.779999971,16.89999962,6.5,3.130000114,46.70000076,21.39999962,7.300000191,6.650000095,31.5,4.260000229
"NOV_P80_DAILY_SW",79.89999695,35.760000608,65.540000152,80.240000918,36.440000152,22.720000076,59.79999924,32.759999848,32.479998776,5.9120001794,160.8,18.459999848,98.119999694,21,31.580000304,85.620001224,117.8,50.69999847,54.519999698,98.740000918,41.2,9.0060001374,4.146000099,88.479998776,31.940000532,69.60000305,15.720000076,45.640000918,10.159999848,39.4,60.619999694,55.480001072,64.760001376,14.619999886,72.799997712,31.340000152,46.90000153,5.906000042,47.359999848,83.820001224,65.859999082,154,59.69999847,54.079999544,102.96000061,60.879998776,37.70000076,65.20000305
"DEC_P80_DAILY_SW",89.19999695,165,86.69999695,106,40.20000076,62.29999924,50.40000153,33.40000153,124,108,102,30,94.59999847,25.60000038,64.09999847,131,105,84,43.29999924,59.70000076,30.79999924,65,62.70000076,66,49.40000153,89,73.40000153,44.5,60.20000076,65.5,128,66.5,86.09999847,138,95.90000153,56.70000076,102,57.09999847,94.19999695,81.90000153,32,118,102,33,94.5,92.69999695,44.5,78.80000305
"JAN_P90_DAILY_SW",29.70000076,66.80000305,113,76.19999695,33.70000076,44.70000076,47.59999847,36.79999924,106,60,68,106,41.09999847,58.59999847,19.10000038,67.80000305,73.30000305,44.40000153,99.40000153,74.19999695,28.79999924,26.79999924,97.30000305,30.79999924,67.40000153,43.79999924,48.5,88,19.5,68.19999695,97.90000153,84.40000153,109,69.19999695,106,50.29999924,55.5,85.69999695,102,58.90000153,37.40000153,144,110,58.79999924,35,111,103,87.40000153
"FEB_P90_DAILY_SW",98.679998014,58,68.079998014,95.079997254,30.95000038,57.289999009,92.979999541,54.09999847,41.270000073,91.140000915,43.59999847,72.239999386,37.570000843,47.30000153,14.940000057,68.70000153,43.439999388,73.10000153,74.14999695,65.380000306,22.580000304,66,77.57000122,52.180001072,38.409999468,68.570001986,91.170000459,94.039997866,30.340000532,42.430000304,92.45000305,63.240000152,62.310000228,101.25,123.1,47,33.95000153,61.520000459,61.420000073,60.280000302,41.130000304,53.720000073,72.090001676,45.539998624,29.029999354,70.35000153,67.00000305,81.480000306
"MAR_P90_DAILY_SW",34.29999924,51.29999924,57.20000076,74.80000305,40.5,39.90000153,62.59999847,110,40.20000076,75.90000153,53.79999924,50.40000153,58.59999847,26.89999962,54.09999847,58,27.60000038,41,70,71.19999695,24.60000038,73.80000305,63.70000076,48.09999847,48.40000153,58.79999924,31.10000038,28.20000076,34.40000153,82.5,85,46.40000153,63.70000076,58.29999924,83.59999847,46.09999847,16.89999962,54.5,43.59999847,29.89999962,22,45.90000153,72.80000305,48.5,29.70000076,57,63.59999847,68.19999695
"APR_P90_DAILY_SW",29.39999962,47.369998547,36.739999392,38.20000076,85.5,33.260001377,57.3,54.640000531,8.779999733,62.909998699,41.569998547,57.5,43.269999316,26.929999924,27.360000038,47.15000076,38.769999316,26.269999696,17.640000722,56.419999316,42.959999847,32.589998623,35.459998699,45.29999924,51.959999847,40.929999924,28.120000646,13.489999962,39.710001377,33.560000608,21.789999392,37.170000837,61.49999847,22.180000684,37.70000076,37.810001377,28.510000608,36.219999316,47.030001453,23.190000722,61.490000531,31.080000304,56.49999847,29.669999316,40.160000608,73.039998623,52.029998776,70.95
"MAY_P90_DAILY_SW",21.60000038,13.69999981,29.70000076,12.80000019,59.70000076,12.60000038,56.40000153,24.79999924,9.569999695,39.59999847,34.79999924,50.70000076,9.909999847,14.60000038,13.19999981,11.89999962,18.20000076,30.29999924,6.840000153,37.29999924,25,25.29999924,9.520000458,35.79999924,7.25,9.090000153,10.39999962,9.819999695,21,11.19999981,8.659999847,23,32.29999924,9.510000229,38.40000153,31.70000076,27.10000038,24.10000038,14.69999981,9.340000153,16.5,23.60000038,25.39999962,20.70000076,17,22.20000076,34.29999924,27.60000038
"JUN_P90_DAILY_SW",6.940000057,6.769999981,6.849999905,8.579999924,6.645000076,5.9930001737,14.379999639,10.989999962,12.179999829,22.15000038,7.8180001263,19.04999924,6.3290001396,6.6689998624,3.939000058,5.7559998992,9.135000324,13.189999867,6.2720001699,8.7529996874,6.3340001587,6.8910000798,16.829999734,7.3349998472,6.1890000341,11.3800003039,6.0729999545,6.4679997919,12.530000304,6.5090002061,4.849999905,6.6690000531,21.14999962,4.6149999146,41.059999469,17.040000342,14.570000361,10.480000019,6.4859997748,3.2629999877,9.3720003126,6.1639998433,6.6430000779,15.839999677,7.5220001699,8.039999962,10.060999871,15.889999677
"JUL_P90_DAILY_SW",4.960000038,6.480000019,6.090000153,7.670000076,6.510000229,4.53000021,9.970000267,7.21999979,6.170000076,15.60000038,7.019999981,10,5.800000191,4.840000153,3.99000001,8.149999619,8.5,6.150000095,14.10000038,5.409999847,3.819999933,6.53000021,5.46999979,5.110000134,5.610000134,5.690000057,4.769999981,5.559999943,6.239999771,5.449999809,4.900000095,5.070000172,19.79999924,4.260000229,12.80000019,6.090000153,4.739999771,5.659999847,5.980000019,2.890000105,6.190000057,3.380000114,5.78000021,5.690000057,6.110000134,5.340000153,6.420000076,7.429999828
"AUG_P90_DAILY_SW",4.960000038,6.03000021,4.53000021,5.099999905,4.980000019,4.699999809,6.570000172,6.119999886,4.980000019,6.800000191,7.019999981,5.269999981,5.039999962,4.840000153,4.440000057,4.489999771,5.730000019,5.360000134,5.739999771,5.050000191,3.670000076,3.880000114,4,4.489999771,5.25,5.070000172,4.820000172,4.03000021,5.090000153,4.960000038,5.380000114,4.739999771,7.579999924,4.21999979,7.349999905,5.389999866,4.239999771,5.619999886,4.269999981,2.900000095,5.090000153,3.339999914,5.809999943,5.360000134,5.619999886,4.489999771,6.269999981,5.610000134
"SEP_P90_DAILY_SW",4.7789999487,6.5769999031,4.1820000647,12.689999867,5.239999771,5.239999771,8.66499958,6.0539999487,4.4619997976,6.7830001833,10.590000342,9.9770000458,5.8520001416,8.31400032,7.685000229,4.7580001832,4.9029998776,5.7050000189,8.6630002974,5.2990001681,3.920000076,4.0859999183,4.2659999848,4.8150001529,5.2169998167,5.2089998244,11.980000019,4.524000168,5.0579999449,5.024000168,5.5719999317,4.8289999488,8.010000229,3.9890000109,6.1929998395,5.4929999828,5.3889998908,5.5779999259,2.8469999933,3.2170000318,5.2349997996,2.6580000879,5.8940001008,6.6349998472,5.5779999259,4.6550000665,5.8949998852,4.1480000969
"OCT_P90_DAILY_SW",6.230000019,6.650000095,7.559999943,16.10000038,25.20000076,6.599999905,14.10000038,6.170000076,4.46999979,4.159999847,16.10000038,7.989999771,11.19999981,15.30000019,12.69999981,12,30.20000076,7.550000191,6.909999847,10.10000038,7.860000134,3.769999981,4.099999905,8.479999542,4.269999981,17.60000038,11.5,5.300000191,5.269999981,5.340000153,5.409999847,5.440000057,57.5,5,6.559999943,9.31000042,9.18999958,5.679999828,2.87,15.89999962,6.03000021,3.079999924,22.39999962,20.5,7.170000076,4.760000229,31.39999962,3.980000019
"NOV_P90_DAILY_SW",76.05999756,31.640000722,54.230001453,78.69999695,28.89999962,20.470000076,56.370001224,18.8550003515,29.70000076,3.625000095,144.9,17.60000038,93.279997255,14.169999791,30.979999924,52.130000684,99.069997408,44.269999316,40.9,89.309999847,36.9,8.8180001263,3.9740000247,54.65000076,30.130000684,65.2,14.669999791,43.420000076,9.5090002061,38.65000076,44.809999847,50.55000076,60.710001377,14.25000019,44.420000076,29.010000418,45.709999469,5.3140001777,41.779999163,77.139997102,58.410000608,26.859999658,54.039998623,34.39999847,71.590000153,57.160000608,37.229999163,62.519999316
"DEC_P90_DAILY_SW",82.69999695,162,85,96,37.40000153,48.40000153,46.40000153,28.89999962,116,101,81,27.39999962,77.59999847,24.70000076,62.5,105,81.69999695,80.19999695,40.40000153,51.59999847,28.20000076,62.09999847,51.90000153,60,42.40000153,74,70.90000153,41.09999847,55.09999847,56.5,113,59.40000153,73.80000305,127,84.5,51.29999924,96.59999847,47.5,89.40000153,73.69999695,28.89999962,106,89.40000153,31.89999962,88.30000305,70.40000153,41,73.09999847
"Oct_to_Sept_TOTALQ_DAILY_SW",1132277554.21294,1780430968.50359,1957688351.77346,2237354782.06421,1789947936.50345,1198913181.47099,1724704708.33676,1687046400.6639,1398392641.80101,2433425759.94626,1428069312.87739,2444174782.22232,1000802305.45325,1443248927.13764,1010411712.58925,1664740510.5534,1839308261.3949,1841821631.06083,1944085536.14368,1763811070.89071,1189072219.18398,1623191616.47745,1543023648.6137,1274237570.13227,1367797533.58823,1358775648.432,1927158049.74761,1503278787.68047,1047963744.58355,1342604159.76249,1718855424.64524,2108392414.56611,2169801212.4614,1855979135.54916,2367379008.76421,1494561024.27968,1017248546.68004,1741187229.7047,1799883935.79264,1516104001.46681,1644432193.70951,1728387071.44643,2401276319.76793,1762316356.31188,1096524862.98808,2260723391.89606,2062580542.72776,1737927358.56688
"Oct_to_Sept_YIELDMM_DAILY_SW",1370.79607047571,2155.48543402372,2370.08275033106,2708.66196375812,2167.00718705019,1451.46874270095,2088.02022801061,2042.42905649382,1692.96930000122,2946.03602899063,1728.89747321718,2959.04937315051,1211.62506713468,1747.27473019085,1223.25873194824,2015.42434691696,2226.76544963063,2229.80827004943,2353.61445053715,2135.36449260377,1439.55474477479,1965.12302236979,1868.06737120303,1542.66049652817,1655.92921741916,1645.0068382954,2333.12112560244,1819.95010615069,1268.72124041591,1625.42876484563,2080.93877075694,2552.53318954734,2626.87798118814,2246.94810599172,2866.07628179686,1809.39591317152,1231.53577079908,2107.97485436404,2179.03624187971,1835.47699935449,1990.83800691224,2092.47829472934,2907.11418858103,2133.5549107892,1327.51194066354,2736.95325895407,2497.07087497308,2104.02827913666
"ONDJFM_TOTALQ_DAILY_SW",1143909313.06929,1391205015.7717,1654686144.37152,1916753759.80551,1173553919.76586,930147836.893056,1169950178.73084,1228158721.09037,1189505089.36659,1815908544.84948,1022548319.78754,1917725760.04925,734833729.2744,1181986558.73338,764424000.57456,1370234879.40816,1451002466.24459,1544158078.58045,1667087134.62114,1316486302.90047,893588540.952672,1276271425.01468,1269732673.21582,839352672.950141,1042298494.17558,1067768353.30844,1636987105.33168,1351287364.00205,681396192.017539,1095431040.32244,1512839808.64178,1767294719.27925,1480152094.38017,1707341759.80387,1831071743.92086,1140658848.71928,707643649.786061,1403062559.0591,1449516383.62209,1344895488.979,1200294720.34906,1457968896.56557,2029399487.88232,1391757122.73629,781012799.011584,1802638367.3336,1577854941.44904,1280784958.15363
"AMJJAS_TOTALQ_DAILY_SW",281212127.4168,389225952.731894,303002207.401939,320601022.258694,616394016.737597,268765344.57793,554754529.605917,458887679.57353,208887552.434419,617517215.096774,405520993.08985,526449022.173072,265968576.178848,261262368.404266,245987712.014688,294505631.145245,388305795.150317,297663552.480384,276998401.522541,447324767.990237,295483678.231306,346920191.462765,273290975.397878,434884897.182125,325499039.412653,291007295.123558,290170944.41593,151991423.678419,366567552.566006,247173119.440042,206015616.003456,341097695.286854,689649118.081229,148637375.745293,536307264.84335,353902175.560397,309604896.893981,338124670.645594,350367552.170554,171208512.487814,444137473.360454,270418174.880861,371876831.885606,370559233.57559,315512063.976499,458085024.562464,484725601.27872,457142400.413251
"ONDJFM_YIELDMM_DAILY_SW",1384.87810298945,1684.26757357348,2003.25199076455,2320.52513293646,1420.76745734365,1126.08696960418,1416.40457473468,1486.87496500045,1440.07880068594,2198.43649497516,1237.95196100187,2321.70188867948,889.62921219661,1430.9764633576,925.452785199225,1658.87999928349,1756.66158140991,1869.44077309982,2018.2652961515,1593.80908341462,1081.82632076595,1545.12279057467,1537.20662616927,1016.16546362003,1261.86258374767,1292.69776429593,1981.82458272601,1635.94111864655,824.934857164091,1326.18770014824,1831.52519206027,2139.58198459958,1791.95168811159,2066.99970920566,2216.79387883881,1380.94291612504,856.71144041896,1698.62295285606,1754.86244990567,1628.20277116102,1453.14130792864,1765.09551642321,2456.90010639506,1684.93598394224,945.536076285211,2182.37090476222,1910.2360065969,1550.58711640876
"AMJJAS_YIELDMM_DAILY_SW",340.450517453753,471.217860450235,366.830759566512,388.136830821664,746.239729706534,325.381773096767,671.615653275928,555.554091493377,252.890499315278,747.599534015465,490.945512215314,637.347484471032,321.995854938073,316.298266833251,297.805946749017,356.544347633468,470.103868220722,360.367496949617,335.349154385643,541.555409189149,357.728424008844,420.000231795115,330.860745033751,526.495032908141,394.066633671493,352.309073999465,351.296542876428,184.008987504139,443.786383251824,299.241064697387,249.413578696678,412.951204947766,834.926293076548,179.948396786069,649.282402958051,428.452997046485,374.824330380122,409.351901507983,424.173791974036,207.27422819348,537.696698983601,327.382778306127,450.214082185964,448.618926846962,381.975864378328,554.582354191845,586.834868376174,553.441162727907
