"","1965","1966","1967","1968","1969","1970","1971","1972","1973","1974","1975","1976","1977","1978","1979","1980","1981","1982","1983","1984","1985","1986","1987","1988","1989","1990","1991","1992","1993","1994","1995","1996","1997","1998","1999","2000","2001","2002","2003","2004","2005","2006","2007","2008","2009","2010","2011","2012"
"CY_MIN_01Day_SW",3.54,5.8,4.11,5.1,4.98,4.25,6,5.83,3.11,3.28,6.43,4.62,4.16,4.64,3.84,4.42,4.66,5.32,5.71,4.12,3.36,3.45,3.6,4.14,4.08,4.89,4.61,3.74,4.89,4.8,4.67,4.63,7.45,3.96,6.01,5.23,4.21,4.98,2.68,2.77,4.96,2.58,5.64,5.3,5.48,4.39,5.68,3.55
"CY_MINDOY_01Day_SW",276,215,243,219,228,203,223,304,285,308,206,223,227,212,187,244,252,213,225,203,241,297,221,244,280,227,233,221,276,233,175,239,231,264,260,246,230,309,271,228,221,256,197,218,242,242,256,281
"CY_MIN_03Day_SW",3.747,5.937,4.11,5.223,4.98,4.343,6.293,6,4.47,3.443,6.713,4.977,4.643,4.7,3.92,4.43,4.833,5.36,5.747,4.42,3.617,3.49,3.733,4.417,4.12,4.967,4.707,3.79,5.06,4.88,4.8,4.65,7.52,3.997,6.12,5.3,4.227,5.107,2.75,2.823,5.02,2.617,5.68,5.33,5.533,4.46,5.84,3.597
"CY_MINDOY_03Day_SW",276,224,256,220,238,204,224,304,253,309,207,223,227,213,188,244,249,234,233,203,234,297,222,245,281,227,210,221,247,234,176,239,236,249,261,246,232,309,277,229,221,257,198,220,264,260,258,282
"CY_MIN_07Day_SW",4.224,6.306,4.32,5.259,5.071,4.643,6.719,6.141,4.57,3.713,6.923,5.406,4.976,4.78,3.941,4.897,4.931,5.381,5.857,5.021,3.717,3.68,3.969,4.53,4.369,5.246,4.766,4.003,5.09,5.037,4.873,4.72,7.59,4.019,6.236,5.391,4.264,5.317,2.77,2.889,5.131,2.66,5.81,5.449,5.579,4.561,5.893,4.139
"CY_MINDOY_07Day_SW",276,225,269,223,240,206,225,262,279,309,210,225,227,215,177,245,253,219,233,207,243,298,314,224,284,227,214,224,251,245,181,243,236,250,261,247,232,310,277,233,222,259,245,221,268,242,260,277
"CY_MIN_30Day_SW",5.07,6.446,4.652,6.569,5.358,5.036,7.92,6.385,4.836,5.64,7.113,8.398,5.511,5.235,4.255,5.298,5.529,5.519,6.393,5.262,3.881,4.174,4.336,4.765,5.354,5.36,4.999,4.304,5.202,5.298,5.104,4.886,8.387,4.137,6.412,5.525,4.705,5.758,2.975,2.989,5.27,2.96,5.953,5.669,5.625,4.792,6.21,4.688
"CY_MINDOY_30Day_SW",223,244,270,237,256,230,237,262,278,312,234,231,234,237,193,259,260,239,247,246,244,257,314,246,285,241,236,247,259,251,200,265,256,268,279,250,233,311,278,233,246,278,259,232,271,260,264,283
"CY_MIN_DAILY_SW",3.54,5.8,4.11,5.1,4.98,4.25,6,5.83,3.11,3.28,6.43,4.62,4.16,4.64,3.84,4.42,4.66,5.32,5.71,4.12,3.36,3.45,3.6,4.14,4.08,4.89,4.61,3.74,4.89,4.8,4.67,4.63,7.45,3.96,6.01,5.23,4.21,4.98,2.68,2.77,4.96,2.58,5.64,5.3,5.48,4.39,5.68,3.55
"CY_MAX_DAILY_SW",196,362,213,450,150,153,187,425,337,343,345,165,233,101,336,385,244,217,303,197,86.4,400,198,139,176,326,248,324,191,257,286,254,359,325,282,88.7,255,289,312,213,321,333,381,166,407,365,222,229
"CY_MEAN_DAILY_SW",47.726,60.325,61.781,69.525,47.507,36.848,55.623,53.932,53.335,69.461,66.592,47.772,47.696,30.253,43.571,58.66,60.312,49.763,61.297,58.121,27.755,52.854,47.361,46.111,40.172,59.715,45.935,42.75,33.468,47.673,71.344,50.604,79.122,57.352,71.801,36.609,41.973,49.305,66.032,43.529,48.517,70.73,71.451,40.588,53.163,64.364,57.972,58.521
"CY_MEDIAN_DAILY_SW",35.1,39.9,51,44.75,40.5,23.7,54.9,36.8,26.7,53.8,48.4,38.35,40.2,26.1,25.35,38.1,44.1,40,20.4,62.1,29.3,32.2,21,41.6,36.2,42.6,25.1,16.9,21,26.5,38.6,46.2,73.5,14.4,59.2,40.15,30.3,29.4,43.9,25,30.4,30,65.1,34.55,32.8,60.6,46,64.55
"CY_TOTALQ_DAILY_SW",1505094910.24,1902423450.648,1948337396.827,2198548223.245,1498166494.656,1162028160.534,1754116132.741,1705468607.491,1681986817.216,2190511296.668,2100040992.348,1510650430.854,1504132415.302,954043488.179,1374065973.011,1854959614.852,1902007875.543,1569341089.081,1933053984.488,1837929307.46,875267422.684,1666790782.967,1493589890.191,1458140833.203,1266855551.864,1883187359.596,1448613506.941,1351848096.911,1055443393.218,1503413566.962,2249911297.059,1600212670.066,2495201757.289,1808663039.275,2264304674.019,1157674464.806,1323668737.094,1554870813.409,2082395520.715,1376497153.433,1530024769.106,2230542143.487,2253271392.841,1283504835.057,1676542751.41,2029788286.606,1828219678.048,1850562829.413
"CY_YIELDMM_DAILY_SW",1822.149,2303.176,2358.762,2661.681,1813.761,1406.814,2123.627,2064.732,2036.304,2651.951,2542.423,1828.875,1820.984,1155.016,1663.518,2245.714,2302.673,1899.929,2340.259,2225.096,1059.646,2017.907,1808.22,1765.304,1533.723,2279.888,1753.769,1636.62,1277.777,1820.113,2723.864,1937.303,3020.825,2189.665,2741.289,1401.543,1602.505,1882.41,2521.06,1666.461,1852.33,2700.414,2727.931,1553.88,2029.713,2457.371,2213.341,2240.391
"CY_CUMQ_DAILY_SW",17420.08,22018.79,22550.201,25446.16,17339.89,13449.4,20302.27,19739.22,19467.44,25353.14,24306.03,17484.38,17408.94,11042.17,15903.541,21469.44,22013.98,18163.67,22373.31,21272.33,10130.41,19291.56,17286.92,16876.63,14662.68,21796.15,16766.36,15646.39,12215.78,17400.62,26040.64,18520.98,28879.65,20933.6,26207.23,13399.01,15320.24,17996.19,24101.8,15931.68,17708.62,25816.46,26079.53,14855.38,19404.43,23492.92,21159.95,21418.551
"CY_Date_25P_CUMQ_DAILY_SW",55,48,39,32,81,48,48,62,30,37,89,37,69,40,67,51,54,51,45,54,80,32,33,66,50,58,39,30,70,54,50,38,57,36,42,53,70,34,39,39,36,32,45,42,90,36,45,45
"CY_Date_33P_CUMQ_DAILY_SW",73,77,59,44,96,69,65,73,53,54,132,52,89,54,78,67,81,62,52,73,101,47,44,88,71,85,49,35,86,63,62,53,80,50,58,73,112,53,68,57,56,45,70,66,118,59,66,66
"CY_Date_50P_CUMQ_DAILY_SW",141,129,111,84,126,105,106,98,149,91,297,91,244,97,171,124,176,120,75,123,134,76,71,123,104,265,96,51,121,86,108,102,124,97,107,121,236,94,95,120,108,128,102,118,311,109,95,110
"CY_Date_75P_CUMQ_DAILY_SW",327,341,314,310,295,327,266,302,341,204,325,160,334,275,348,336,327,321,317,311,310,199,181,321,318,331,323,197,333,322,333,310,295,335,315,302,337,323,300,330,310,329,319,293,331,317,280,320
"JFM_TOTALQ_DAILY_SW",565669440.529,732991673.477,874480319.933,1148152320.924,443759039.703,492134398.677,768821761.452,797618879.407,740543040.856,1083352320.924,532906559.141,756112319.933,506744640.526,450567360.137,522210240.937,767707199.671,658255682.208,688711680.396,1084121278.416,744551998.351,247535999.834,944023680.396,893885762.107,512939520.264,531982078.419,658393919.276,703200960.135,896045761.612,377585280.397,784140480.067,1040739841.187,764138879.411,985175999.012,886965119.608,1058011199.999,470672639.543,374544000.084,763542718.942,996312959.801,609180480.236,604186559.64,976268160.46,1045543679.736,555906241.516,423973439.046,865581118.946,871732798.351,809521439.999
"AMJ_TOTALQ_DAILY_SW",232522271.421,314576352.978,258251883.782,227285566.674,540264385.595,222619104.752,449962561.699,363951359.227,159158304.296,512118718.942,307342080.564,430358398.516,213457248.18,166250880.274,168313248.036,229981247.355,310749699.327,239137920.43,164309473.07,380806272.043,254879998.268,295191647.603,226875167.499,388029312.982,279964511.497,240517727.175,167297184.036,107343359.844,315653760.548,200471327.34,161398655.665,300474143.302,519428157.329,113498495.7,439966081.054,297181439.374,254214721.169,287354302.573,311927328.327,135324864.432,391680577.249,239394526.845,310594175.724,292714561.369,267626592.057,414793440.485,420056929.277,395994144.301
"JAS_TOTALQ_DAILY_SW",48689855.996,74649599.754,44503776.343,93315455.585,76129631.143,46146239.826,104791967.907,94936320.347,49729248.138,105398496.154,98178912.526,96090623.657,52511327.999,95011488.131,78099143.728,64524383.79,77556095.823,58525632.05,112688928.453,66518495.947,40603679.963,51728543.86,46415807.899,46855584.2,45534527.916,50489567.949,122873760.38,44648063.834,50913792.018,46701792.1,44616960.338,40623551.985,170220960.753,35138880.046,96341183.789,56720736.186,55390175.725,50770368.072,38440223.844,35883648.056,52456896.112,31023648.036,61282656.161,77844672.207,47885471.919,43291584.077,64668672.002,63979200.082
"OND_TOTALQ_DAILY_SW",658213342.295,780205824.439,768601438.882,729794880.063,438013438.216,401128417.278,430539841.683,448962048.51,732556223.925,489641760.646,1161613440.117,228089088.748,731419198.597,242213759.638,602527679.737,792746784.036,855446398.185,582965856.205,571934304.549,646052541.119,332247744.619,375846911.109,326413152.686,510316415.757,409374434.032,933786145.197,455241602.39,303810911.62,311290560.255,472099967.455,1003155839.868,494976095.369,820376640.196,773060543.922,669986209.176,333099649.702,639519840.117,453203423.821,735715008.743,596108160.709,481700736.106,983855808.147,835850881.22,357039359.965,937057248.388,706122143.098,471761278.418,584203103.846
"JFM_YIELDMM_DAILY_SW",684.83,887.399,1058.693,1390.015,537.239,595.804,930.777,965.64,896.541,1311.565,645.165,915.39,613.492,545.481,632.216,929.428,796.92,833.791,1312.495,901.395,299.68,1142.886,1082.186,620.992,644.046,797.087,851.333,1084.801,457.125,949.323,1259.976,925.108,1192.707,1073.808,1280.885,569.822,453.443,924.386,1206.19,737.507,731.461,1181.923,1265.791,673.01,513.285,1047.919,1055.367,980.05
"AMJ_YIELDMM_DAILY_SW",281.504,380.843,312.654,275.164,654.073,269.515,544.749,440.619,192.686,619.998,372.085,521.015,258.423,201.272,203.769,278.428,376.21,289.513,198.922,461.025,308.571,357.375,274.667,469.769,338.94,291.184,202.539,129.956,382.147,242.701,195.398,363.77,628.848,137.407,532.647,359.784,307.766,347.887,377.636,163.832,474.19,289.824,376.022,354.376,324.003,502.171,508.543,479.412
"JAS_YIELDMM_DAILY_SW",58.947,90.375,53.879,112.973,92.167,55.867,126.867,114.935,60.205,127.601,118.861,116.332,63.573,115.026,94.551,78.117,93.894,70.854,136.427,80.531,49.157,62.625,56.193,56.726,55.127,61.125,148.758,54.053,61.639,56.54,54.016,49.181,206.079,42.541,116.636,68.669,67.058,61.465,46.538,43.443,63.507,37.559,74.192,94.243,57.973,52.411,78.291,77.457
"OND_YIELDMM_DAILY_SW",796.868,944.559,930.51,883.529,530.283,485.628,521.235,543.538,886.872,592.787,1406.312,276.137,885.495,293.237,729.452,959.742,1035.649,705.77,692.414,782.146,402.237,455.02,395.173,617.816,495.611,1130.492,551.14,367.81,376.865,571.55,1214.474,599.245,993.192,935.909,811.121,403.268,774.237,548.672,890.696,721.681,583.173,1191.109,1011.926,432.251,1134.452,854.869,571.14,707.268
"JAN_MIN_DAILY_SW",28.9,57.2,106,67.7,30,39.1,44.7,35.1,92.9,49.6,63.4,90.3,40.2,52.7,15.6,59.1,68.5,42.8,89.6,43,26.2,24.7,94.3,29.4,65,39.4,45.6,81.3,18.4,60.4,89.4,67.7,98.5,60.7,103,46.9,53.5,79.2,96,53.5,33.5,139,95.1,53.5,32.8,99.6,91.7,76.8
"FEB_MIN_DAILY_SW",96.3,54.4,58.6,90,28.3,48.1,83.5,51.3,38.2,87.8,40.5,66.5,34.5,42.8,14.7,61.9,40.1,68.4,68.1,60.8,21.9,60,67.8,49.8,35.5,63.1,76,86.2,27.1,38.9,82.4,54.3,54.9,95.2,113,46.4,30.5,57.8,51.5,54.3,37,51.4,69.4,42.8,27.3,64.7,65.1,73.7
"MAR_MIN_DAILY_SW",31.7,46.7,49.6,74.8,36.5,39.9,61.4,91.7,38.8,62.9,49,47.6,52.4,24,46.7,52.9,26.5,39.4,64.3,66.9,23,70.7,54.2,44.2,43.5,57.4,29,25.1,26.5,76.8,79.3,41.2,59.8,44,79.7,44.3,15.8,53.1,42.6,28.6,19,43.2,67.6,46.8,28.5,53.3,58.1,64.1
"APR_MIN_DAILY_SW",28.9,43,34.5,36.8,81.3,24.7,52.4,51.3,8.67,60.3,39.6,56.4,41.9,24.7,25.7,45.4,31.9,23.9,14.8,49.3,40,32.2,31.9,42.2,51,35.8,24.7,13.3,35,30,20.5,32.1,60.2,20.3,34.1,35.9,25.5,33.5,39.1,22.9,44.8,30.7,55,28.1,38.6,70,50.9,68.9
"MAY_MIN_DAILY_SW",8.07,7.36,28.1,10.1,58,12.5,51.8,20.4,8.78,30.9,31.7,48.1,9.83,12.9,12.7,11.1,14,28.5,6.47,34.8,22,23,9.31,35,6.99,8.4,9.95,6.57,17.5,7.56,6.48,21.1,30.6,7.14,33.3,27.4,24.5,23.3,14.1,9.02,15.6,20.8,25,19.5,16.6,17.6,29.9,22.2
"JUN_MIN_DAILY_SW",6.51,6.77,6.23,8.07,6.51,5.47,13.4,10,11,16.5,7.25,13.9,5.78,6.46,3.9,4.89,8.16,12.6,6.07,7.45,6.27,6.68,12.1,5.66,6,7.42,5.91,6.05,11.7,6.32,4.67,6.44,16,4.54,32.3,15,13.9,9.96,6.32,2.99,8.17,5.75,6.53,15,7.03,7.82,6.38,15.1
"JUL_MIN_DAILY_SW",4.81,6.09,5.8,6.4,6.09,4.25,9.46,6.68,5.66,11.6,6.43,8.69,5.35,4.64,3.84,6.97,8.28,5.41,13.4,4.12,3.7,6.25,5.27,4.96,5.54,5.35,4.62,4.63,5.86,5.34,4.79,5.05,14.5,4.14,10.6,5.74,4.43,5.48,5.8,2.85,5.8,3.11,5.64,5.59,5.92,5.14,6.26,6.44
"AUG_MIN_DAILY_SW",4.5,5.8,4.11,5.1,4.98,4.7,6,6.12,4.39,6.63,6.91,4.62,4.16,4.73,4.35,4.42,4.89,5.32,5.71,4.85,3.36,3.66,3.6,4.14,5.05,4.89,4.61,3.74,5.04,4.8,5.24,4.63,7.45,4.06,7.09,5.3,4.21,5.44,3.49,2.77,4.96,3.27,5.65,5.3,5.48,4.39,6.09,5.53
"SEP_MIN_DAILY_SW",4.11,6.26,4.11,12.6,5.24,5.24,7.67,5.95,4.13,6.46,10,9.17,5.66,7.02,4.87,4.7,4.66,5.59,7.99,5.13,3.78,3.88,4.1,4.32,4.97,4.91,11.5,4.43,5.03,4.94,4.84,4.72,7.83,3.96,6.01,5.23,5.33,5.44,2.68,3.17,5.02,2.58,5.77,5.8,5.5,4.39,5.68,4.08
"OCT_MIN_DAILY_SW",3.54,6.37,4.7,14.4,24.4,6.23,11.2,5.83,3.11,3.34,10.6,7.5,10.7,14.4,12.6,9.42,24.3,7.32,6.67,9.06,7.61,3.45,3.94,7.48,4.08,5.82,11,5.19,4.89,5.14,4.93,4.88,51.4,4.37,6.28,9.02,9.09,5.5,2.72,14.9,5.81,3.05,21.5,16.7,5.5,4.41,12.9,3.55
"NOV_MIN_DAILY_SW",72.8,30.6,51,72.8,23.5,19.5,39.9,7.22,28.3,3.28,119,17.5,88.3,13.6,28.7,21.9,89.2,42,17.3,44.3,33.6,8.08,3.8,14.3,28.2,61.4,13.4,42.1,9.34,37.8,39.8,48.3,56.6,11.9,42.7,27.7,44,4.98,39.7,45.4,52.4,5.23,50.8,27.5,63.9,54.2,35.5,57.1
"DEC_MIN_DAILY_SW",68.8,119,49.3,88.1,34,45,41.3,27,110,88.1,69.4,26.1,68.2,24.2,36.6,89.9,69.1,69.2,36.5,45.8,26.6,56.8,44.4,53,38.4,59,67.9,36.3,27.5,52,101,54.2,67.1,123,68.7,46.9,82.3,44.1,83.6,69.3,26.4,104,71.8,30.8,83.2,62.3,37.9,63.4
"JAN_MAX_DAILY_SW",92.6,260,213,450,98.5,150,172,178,270,343,108,165,96.3,101,39.4,174,244,158,199,197,44.4,400,187,127,131,132,170,324,94.4,139,201,254,245,275,282,88.7,139,289,252,180,321,297,304,166,121,365,211,229
"FEB_MAX_DAILY_SW",196,119,187,211,65.7,80.7,187,180,107,246,68.5,125,80.1,89.8,170,172,213,201,303,127,41.2,201,138,99,90,174,248,299,71.4,143,262,137,169,180,232,82.9,67.8,174,181,120,137,236,107,65.5,49.2,113,130,133
"MAR_MAX_DAILY_SW",86.7,117,138,135,103,72.2,151,185,79.3,202,98.3,104,147,64,196,144,93.9,138,177,111,37.9,156,149,105,87.1,89.3,79.4,88.6,123,257,157,80,359,109,175,70,40.8,99.7,229,70.9,47.4,69.6,278,71,90.2,99.3,222,132
"APR_MAX_DAILY_SW",70.8,140,77.6,76.5,141,138,92.3,116,38.2,154,49,85,57.8,56.9,44.4,73,75.9,45.3,78.3,78.2,66.6,95.4,59.7,136,106,59,80.8,37.7,89.8,75.2,80.1,121,124,35.1,83.9,50.3,50.9,103,146,63.7,129,66.1,105,47.2,68,133,107,94.1
"MAY_MAX_DAILY_SW",56.1,43.9,39.1,39.6,79,23.8,74.8,54.1,43.9,67.7,62.9,72.5,41.1,24.2,30.3,49.1,73.2,42.7,20.4,80.7,50.8,68.1,32.3,44.3,50.8,33.6,23.4,31.3,78,28.5,22.7,95.9,121,19.5,79.5,57.4,69.8,46.4,37,22.7,83.9,31.4,67.4,83.4,63.3,66.7,74.5,85.3
"JUN_MAX_DAILY_SW",15.9,31.7,32.6,20.8,64.8,11.8,52.7,25.2,38.8,64.8,38.8,56.6,25.9,19.8,12.4,12.5,41.1,28,12.8,60,19,51.3,21.4,51.8,6.89,55.7,9.32,8.39,25.6,17.5,5.83,21.4,47.7,6.45,73.4,42.4,24.2,31.9,14,9.73,40.4,30.4,24.5,49.9,16.4,67.4,50.4,25.4
"JUL_MAX_DAILY_SW",9.23,26.9,7.39,16.3,12.7,5.66,45,41.9,11,38.5,19.6,36,6.63,7.22,6.17,11.9,37.1,16.2,43.9,17.5,7.79,12.5,13.8,6.19,7.29,7.94,7.43,8.54,11.5,12.3,5.82,6.32,64.8,5.95,32.7,13.8,14.4,12.3,7.2,3.45,11.9,5.73,9.42,15.7,7.03,7.89,11.5,17.6
"AUG_MAX_DAILY_SW",11.4,13.3,6.74,16,6.09,5.32,13.5,8.16,6.74,11.9,26.3,12.9,6.71,6.94,5.1,10.9,8.23,6.12,17.9,5.77,4.77,10.2,6.75,5.76,5.99,6.07,87.9,4.93,6.04,5.99,6.82,5.55,12.8,4.67,10.6,6.64,6.54,6.21,6.46,3.66,5.7,5.36,9.06,14.2,6.5,5.4,10.4,7.12
"SEP_MAX_DAILY_SW",9.66,8.75,6.51,19.3,36.2,11.6,17.2,19.8,6,8.27,26.7,18.9,14.9,37.9,29.3,10.5,17.6,7.14,14.6,17.3,8.09,7.96,6.15,17.5,7.89,15.8,84.9,12.2,14.6,6.11,7.09,5.3,57.7,4.33,7.3,17.5,16.3,6.77,3.69,14.9,13.3,3.44,19.2,18.2,5.76,9.38,26.8,5.99
"OCT_MAX_DAILY_SW",67.1,43.3,167,122,39.1,27.2,42.2,15,34,8.72,182,16.2,62,34,67.5,15.2,158,105,17.2,111,73.3,8.65,5.17,14.1,32.9,74.4,20.2,34.6,13.3,25.3,65.8,64.5,157,14.6,50.9,53.2,45.3,14.7,312,42.8,90.9,5.78,112,32.4,84.2,85.8,51.7,68.6
"NOV_MAX_DAILY_SW",171,182,156,141,49.6,71.4,127,50.1,194,146,345,34.3,198,48.1,60.6,212,202,93.7,290,182,86.4,116,53,139,90.6,283,147,72.6,17.6,60,286,109,167,281,181,52.2,162,182,134,107,117,333,157,111,407,108,193,130
"DEC_MAX_DAILY_SW",188,362,187,177,150,153,83.8,425,337,227,265,95.1,233,55.2,336,385,221,217,109,148,56,149,198,114,176,326,157,66,191,250,286,129,171,325,211,88.2,255,166,132,213,187,276,381,56,239,261,135,194
"JAN_MEAN_DAILY_SW",45.103,123.842,143.387,204.739,60.329,71.652,96.713,67.123,162.106,162.923,83.345,124.203,56.258,71.213,25.587,113.087,108.326,73.623,129.448,107.542,32.89,152.581,134.584,63.152,83.774,83.342,82.487,139,39.084,87.258,128.132,133.997,156.629,145.658,147.29,64.813,70.694,138.803,159.052,104.629,126.339,205.323,176.939,101.855,73.642,176.439,135.171,128.374
"FEB_MEAN_DAILY_SW",124.086,83.404,111.246,136.617,45.782,66.561,119.818,91.255,64.082,137.457,51.218,96.079,60.446,61.154,74.871,98.117,99.425,123.164,177.014,91.662,31.757,107.393,109.496,68.2,56.214,105.2,145.932,155.759,48.496,77.4,157.393,94.959,90.414,128.282,155.464,59.448,49.311,86.282,97.461,78.49,75.85,114.893,83.932,52.845,36.961,87.054,86.582,94.09
"MAR_MEAN_DAILY_SW",54.016,74.494,82.626,96.129,64,51.971,82.11,145.306,56.5,117.4,69.358,68.216,78.342,41.774,101.758,81.755,47.635,72.268,115.432,84.694,30.845,102.877,100.255,64.558,64.071,67.455,48.248,49.835,58.087,135.597,118.274,62.468,129.529,69.629,107.306,55.303,24.606,68.339,124.9,49.387,30.729,55.4,137.613,56.261,51.268,68.103,112.094,85.277
"APR_MEAN_DAILY_SW",41.903,73.04,49.753,53.063,104.38,60.763,71.38,79.027,20.651,99.073,44.047,69.627,48.183,33.967,35.917,58.007,57.743,37.597,41.33,64.723,52.61,50.523,43.61,81.45,74.16,45.253,39.14,17.777,57.723,49.737,43.403,61.99,92.68,26.367,59.103,42.97,38.187,60.21,89.687,31.58,93.827,46.297,70.783,36.963,54.763,85.717,77.207,79.5
"MAY_MEAN_DAILY_SW",38.001,31.01,32.873,21.155,69.135,17.229,65.919,43.632,19.961,51.384,52.074,61.568,20.42,18.21,21.59,21.8,41.355,36.732,14.22,55.655,35.968,45.323,24.238,39.716,26.615,16.702,17.547,15.913,43.677,16.115,13.101,41.303,72.832,11.658,57.003,41.352,40.729,31.145,20.303,13.476,38.248,26.758,33.919,50.994,36.806,43.281,53.548,50.994
"JUN_MEAN_DAILY_SW",8.536,16.281,15.913,12.764,32.615,7.32,34.1,16.3,20.127,45.407,20.717,32.787,13.069,11.357,6.709,8.194,19.411,16.707,7.367,24.683,8.557,16.529,18.873,27.213,6.349,30.28,7.272,7.194,18.923,10.954,5.327,11.254,32.457,5.374,51.733,28.953,17.803,18.469,9.676,6.704,17.761,18.412,13.995,23.273,10.454,29.588,29.519,19.555
"JUL_MEAN_DAILY_SW",5.498,13.914,6.552,11.491,8.175,5.244,18.561,19.181,7.962,24.348,10.776,14.89,6.07,6.455,4.684,10.135,14.522,10.356,23.71,10.028,5.529,8.371,7.695,5.592,5.968,6.476,5.327,6.997,7.332,6.874,5.278,5.322,35.435,4.732,21.323,8.174,8.897,7.337,6.296,3.069,8.563,4.45,6.841,9.101,6.449,5.937,8.702,12.847
"AUG_MEAN_DAILY_SW",6.49,6.799,5.539,7.942,5.537,5.068,8.481,6.629,5.815,7.938,8.993,8.824,5.683,5.451,4.734,7.138,6.672,5.573,7.266,5.284,3.884,5.325,4.947,4.833,5.489,5.389,9.719,4.318,5.465,5.406,5.679,5.048,8.868,4.372,8.356,5.666,5.001,5.843,5.052,3.105,5.322,4.251,7.333,6.504,5.977,4.926,7.31,6.104
"SEP_MEAN_DAILY_SW",6.397,7.397,4.676,15.92,15.203,7.148,12.486,9.956,4.949,7.3,17.45,12.568,8.114,24.352,20.228,7.045,8.021,6.119,11.467,9.841,5.939,5.804,4.843,7.304,5.728,7.218,31.857,5.533,6.418,5.329,5.891,4.957,19.891,4.149,6.501,7.582,7.009,5.967,3.104,7.465,5.89,2.978,8.996,13.908,5.633,5.477,8.403,5.101
"OCT_MEAN_DAILY_SW",33.449,16.873,70.173,52.242,31.732,13.306,21.858,9.132,11.599,6.515,76.045,9.83,20.197,22.287,25.406,13.362,43.958,29.832,9.933,55.718,28.86,5.199,4.443,11.185,12.23,28.613,14.248,13.814,7.045,9.688,28.513,27.561,96.452,10.041,16.086,21.317,18.285,7.23,101.675,24.5,18.588,4.175,66.632,24.577,20.928,38.01,38.419,15.778
"NOV_MEAN_DAILY_SW",96.13,61.637,94.947,100.08,40.387,43.72,81.87,35.728,79.537,51.976,212.5,24.817,118.573,28.667,39.997,109.253,138.72,67.283,142.33,110.083,58.83,42.7,16.72,99.383,60.303,173.257,61.573,52.56,11.69,48.793,157.823,67.5,97.453,110.34,105.177,40.677,88.533,66.416,70.71,88.61,90.113,192.926,94.61,70.353,208.24,75.67,66.76,89.493
"DEC_MEAN_DAILY_SW",119.271,214.774,124.906,123.381,92.719,94.148,59.658,123.916,184.935,125.997,152.006,51.313,138.135,40.403,160.845,176.887,141.184,122.71,65.865,78.958,38.255,93.803,101.245,83.168,82.255,152.355,96.132,48.752,97.865,119.355,193.29,91.919,115.532,171.806,132.274,63.684,134.806,97.703,104.581,112.31,74.052,176.452,153.881,40.642,127.406,152.397,73.11,115.732
"JAN_P50_DAILY_SW",39.6,111,124,203,61.2,62,91.5,42.5,159,165,83.3,123,54.4,67.7,25.1,113,87.3,61,121,89.4,32.1,76.6,137,67.1,80,82.3,65.4,111,27.9,80.7,127,128,150,135,137,66.7,65.1,121,154,99.4,63.2,205,149,104,76,163,128,122
"FEB_P50_DAILY_SW",117,81.7,103,124,42.6,65.8,108.5,77.3,56.8,122,50.25,99.7,66.8,59.6,78.6,89.1,81.1,119.5,205,96,34.6,100,115.5,64,54.45,103.05,128.5,122,48.4,76.55,154.5,96.9,79.3,126.5,143,59.7,49.1,75.35,83.85,73.7,68.9,100.25,83.4,51.2,35.8,84.55,80.5,90.4
"MAR_P50_DAILY_SW",54.9,69.7,81,98.3,73.1,46.7,77,143,53.2,114,68,66.3,69.4,40.5,95.7,76.8,41.1,63.3,111,83.3,31.5,104,106,58.6,63.7,68.1,44.4,46.5,52.1,113,119,63.4,77.9,67.4,95.2,55.5,22.1,65.1,141,49.8,29.4,52.5,146,54.8,41.3,64.5,100,83.15
"APR_P50_DAILY_SW",32.7,72.8,46.7,50.15,103,55.35,73.6,79.9,23.25,94.7,43.6,69.4,47,28.85,35.85,57.9,57.1,39.05,39.85,64.65,52.05,41.65,40.6,80.95,74.65,43.55,32.2,16.3,56.2,45.6,43.8,46.4,95.55,25,65.2,44,37.25,52.65,90.7,25.55,98.1,50.75,70.1,37.85,57.1,78.95,81.1,74.85
"MAY_P50_DAILY_SW",40.5,35.7,32.95,19,70.5,18.7,66.3,47.6,16.7,53.5,54.7,62.6,11.7,18.1,22.7,16.1,31.7,39.4,16.9,55.4,31,46,28.6,40.4,27.5,13.7,18.7,12.5,34.7,15.2,11.8,28.3,78.2,11,56.3,38.7,34.5,27.8,16.2,13.7,33.1,27.9,29.9,56.2,33.2,43.5,55.7,48.4
"JUN_P50_DAILY_SW",7.93,11,11.295,11.8,32.85,6.555,33.15,16.2,18.7,50.55,19,32.85,11.8,10.85,4.68,7.085,13.05,14.6,6.57,18.1,7.765,7.855,19.45,24.3,6.33,28.55,7.23,7.28,19.3,11,5.385,10.6,32.1,5.525,48.2,28.5,17.25,17.05,8.05,8.51,15,21.45,14.5,21.1,9.27,20.5,30.9,18.1
"JUL_P50_DAILY_SW",5.15,14,6.51,10.9,7.65,5.32,16.4,12.3,7.65,22.4,8.21,11.4,6.12,6.6,4.58,10.5,11.7,9.95,19.8,8.96,5.49,7.92,6.85,5.69,5.93,6.26,5.13,7.69,6.76,6.03,5.28,5.22,31,4.59,21.2,7.2,9.19,6.3,6.2,3.09,7.93,4.47,6.12,7.74,6.39,5.65,8.92,13.9
"AUG_P50_DAILY_SW",5.24,6.54,5.38,6.48,5.66,5.18,7.33,6.51,6,7.48,7.25,8.81,5.55,5.41,4.71,5.95,6.9,5.48,6.11,5.29,3.85,4.16,4.96,4.73,5.51,5.4,4.95,4.35,5.48,5.46,5.63,5.15,8.47,4.34,8.21,5.55,4.7,5.84,4.98,3.03,5.29,4.46,7.11,5.76,5.82,5,6.8,5.9
"SEP_P50_DAILY_SW",5.915,7.335,4.45,15.35,7.18,5.54,12.3,6.485,4.81,7.195,17.4,12.35,6.97,31.55,21.15,7.105,5.685,6.065,11.25,8.92,6.135,5.22,4.86,5.35,5.445,5.615,15.4,4.8,5.255,5.265,5.905,4.95,9.62,4.165,6.425,6,5.7,5.93,3.035,6.895,5.41,2.985,6.35,15.35,5.625,5.16,6.16,5.245
"OCT_P50_DAILY_SW",25.7,7.82,73.1,38.2,32.8,9.23,15,8.5,7.87,6.8,49.8,9.63,13.2,20.7,16.1,13.4,40.5,11.5,8.95,57.6,13.1,4.85,4.46,11.5,6.17,19.9,13,9.2,5.52,7.25,21.1,11.8,94,11.9,15.6,14.4,13.9,5.93,52.2,23.3,15.8,3.5,65.9,25.7,12.2,33.3,41,11.2
"NOV_P50_DAILY_SW",95.1,54.1,98.55,89.45,42.2,48.85,78.75,37.55,84.55,37.2,210,20.6,114,26.3,37.9,112.5,136.5,65.7,125,108.5,58.15,9.775,7.44,106,66.15,197.5,43.35,51.45,11.65,48.75,164,67.45,93.75,118,111,42.25,100.1,57.2,69.05,89.2,99.2,183,87.6,71.15,192,72.95,41.85,79.3
"DEC_P50_DAILY_SW",111,182,118,121,104,88.1,58.9,47,184,119,151,55.5,129,43.3,168,152,138,113,68.9,77.6,34.5,86.2,100,86,68.9,143,84,48.3,83.6,92,195,94.5,114,155,132,62.2,119,99,105,97.7,43.9,187,137,39.2,112,156,61.1,97.4
"JAN_P20_DAILY_SW",33.7,91.2,118,90.9,36.8,47,51.3,38.5,122,70.2,70.8,110,44.7,60.9,21,78.6,77.9,46.8,104,77.2,29.4,33.5,101,32.9,69.2,67.1,52.3,91.8,21.9,70.2,104,96.1,116,89.9,111,55.3,58.3,94.6,110,66.7,42.9,159,117,71.4,50.9,115,108,96.9
"FEB_P20_DAILY_SW",101.4,59.7,77.62,106,34.94,60.6,96.92,55.68,45.74,94.46,46.02,81.86,41.24,50.46,18.6,71.76,46.98,80.82,83.36,70.44,23.24,74.8,90.76,54.08,41.38,72.36,106,101.52,34.6,45.8,106.4,76.96,71.1,108.2,128.2,47.9,37.96,66.24,71.2,62.88,45.74,60.72,72.54,46.12,30.06,75.06,71.4,84.04
"MAR_P20_DAILY_SW",38.2,54.4,64,79,40.5,40.5,69.7,117,47.6,88.1,58.3,53.5,60.3,28.9,61.1,65.8,29.4,42.3,74.5,71.8,27.3,77.3,68.3,51.2,57.2,59.2,34.8,31.5,38.4,90.9,93,52.5,68.6,60.8,86.8,47.7,17.4,56.1,43.8,32.6,23.7,47.1,78.8,49.9,31.1,59.3,68.7,71.58
"APR_P20_DAILY_SW",29.7,51.7,39.1,39.32,89.68,37.22,61.36,57.28,9.436,67.82,42.62,60.18,44.5,27.08,31.12,48.72,46.86,31.16,17.88,57.26,44.92,33.18,38,54.7,57.72,41.38,29.14,14,42.32,37.6,26.3,38.26,68.68,22.84,41.24,38.28,31.56,37.82,58,23.66,77.46,31.68,63.06,31.92,43.92,73.48,53.4,71.94
"MAY_P20_DAILY_SW",34.3,23.4,30.3,13,64.6,12.9,58,40.8,9.91,41.3,43.9,53.8,10.2,15.8,13.9,12.2,19.9,31.2,9.22,44.2,28,31.3,14.1,36.4,10,9.43,12.6,9.96,23.8,14.2,8.91,25,41.6,9.83,44.6,33.1,29.9,26,15.5,9.39,18.2,23.8,25.9,21.4,21.2,25.5,37.5,36.4
"JUN_P20_DAILY_SW",7.36,6.928,7.22,8.964,6.88,6.19,19.6,11.38,14.78,32,8.668,20.76,6.394,7.614,3.95,6.126,9.934,13.4,6.328,9.294,7.038,7.038,17.84,12.48,6.198,16.08,6.558,6.53,14.58,6.558,4.936,6.99,27.84,4.67,43.4,22.24,14.8,12.58,6.544,3.396,10.46,7.554,7.088,17.76,7.704,8.63,13.1,16.18
"JUL_P20_DAILY_SW",4.96,6.48,6.29,8.78,6.65,4.98,13.2,9.88,6.51,17.4,7.14,10.2,5.86,6.37,4.04,9.64,8.91,6.2,15.8,5.5,4.01,6.64,5.6,5.21,5.65,5.85,4.99,5.77,6.39,5.5,5.05,5.13,23.4,4.39,15.5,6.35,5.71,5.7,6.01,2.91,6.82,3.48,5.9,5.76,6.12,5.41,6.66,10.3
"AUG_P20_DAILY_SW",4.96,6.03,5.1,5.47,5.1,4.7,6.91,6.29,5.24,6.91,7.02,5.95,5.27,4.96,4.59,5.37,5.82,5.38,5.84,5.12,3.74,3.99,4.6,4.53,5.3,5.13,4.86,4.06,5.25,5.13,5.48,4.78,7.74,4.23,7.5,5.4,4.3,5.67,4.33,2.95,5.17,3.43,5.84,5.49,5.67,4.56,6.4,5.72
"SEP_P20_DAILY_SW",4.96,6.698,4.296,13.46,5.32,5.24,9.15,6.12,4.47,6.888,10.76,10.36,5.914,9.142,13.24,5.328,5.06,5.784,9.062,6.036,4.45,4.356,4.3,4.908,5.292,5.356,12.2,4.574,5.11,5.06,5.726,4.858,8.348,4.028,6.262,5.606,5.536,5.742,2.918,3.45,5.278,2.74,6,10.316,5.598,4.788,5.954,4.658
"OCT_P20_DAILY_SW",19.4,6.94,47.9,21.2,25.2,7.31,14.2,6.68,4.81,4.42,22,8.21,11.6,16.4,13.1,12.7,31.1,9.87,7.08,25.9,8.01,3.91,4.19,9.29,4.76,18.1,12,5.61,5.35,5.4,5.53,5.63,65,5.38,9.21,9.37,9.53,5.76,3.78,16.9,6.5,3.13,46.7,21.4,7.3,6.65,31.5,4.26
"NOV_P20_DAILY_SW",79.9,35.76,65.54,80.24,36.44,22.72,59.8,32.76,32.48,5.912,160.8,18.46,98.12,21,31.58,85.62,117.8,50.7,54.52,98.74,41.2,9.006,4.146,88.48,31.94,69.6,15.72,45.64,10.16,39.4,60.62,55.48,64.76,14.62,72.8,31.34,46.9,5.906,47.36,83.82,65.86,154,59.7,54.08,102.96,60.88,37.7,65.2
"DEC_P20_DAILY_SW",89.2,165,86.7,106,40.2,62.3,50.4,33.4,124,108,102,30,94.6,25.6,64.1,131,105,84,43.3,59.7,30.8,65,62.7,66,49.4,89,73.4,44.5,60.2,65.5,128,66.5,86.1,138,95.9,56.7,102,57.1,94.2,81.9,32,118,102,33,94.5,92.7,44.5,78.8
"JAN_P10_DAILY_SW",29.7,66.8,113,76.2,33.7,44.7,47.6,36.8,106,60,68,106,41.1,58.6,19.1,67.8,73.3,44.4,99.4,74.2,28.8,26.8,97.3,30.8,67.4,43.8,48.5,88,19.5,68.2,97.9,84.4,109,69.2,106,50.3,55.5,85.7,102,58.9,37.4,144,110,58.8,35,111,103,87.4
"FEB_P10_DAILY_SW",98.68,58,68.08,95.08,30.95,57.29,92.98,54.1,41.27,91.14,43.6,72.24,37.57,47.3,14.94,68.7,43.44,73.1,74.15,65.38,22.58,66,77.57,52.18,38.41,68.57,91.17,94.04,30.34,42.43,92.45,63.24,62.31,101.25,123.1,47,33.95,61.52,61.42,60.28,41.13,53.72,72.09,45.54,29.03,70.35,67,81.48
"MAR_P10_DAILY_SW",34.3,51.3,57.2,74.8,40.5,39.9,62.6,110,40.2,75.9,53.8,50.4,58.6,26.9,54.1,58,27.6,41,70,71.2,24.6,73.8,63.7,48.1,48.4,58.8,31.1,28.2,34.4,82.5,85,46.4,63.7,58.3,83.6,46.1,16.9,54.5,43.6,29.9,22,45.9,72.8,48.5,29.7,57,63.6,68.03
"APR_P10_DAILY_SW",29.4,47.37,36.74,38.2,85.5,33.26,57.3,54.64,8.78,62.91,41.57,57.5,43.27,26.93,27.36,47.15,38.77,26.27,17.64,56.42,42.96,32.59,35.46,45.3,51.96,40.93,28.12,13.49,39.71,33.56,21.79,37.17,61.5,22.18,37.7,37.81,28.51,36.22,47.03,23.19,61.49,31.08,56.5,29.67,40.16,73.04,52.03,70.95
"MAY_P10_DAILY_SW",21.6,13.7,29.56,12.8,59.7,12.6,56.4,24.8,9.57,39.6,34.8,50.7,9.91,14.6,13.2,11.9,18.2,30.3,6.84,37.3,25,25.3,9.52,35.8,7.25,9.09,10.4,9.82,21,11.2,8.66,23,32.3,9.51,38.4,31.7,27.1,24.1,14.7,9.34,16.5,23.6,25.4,20.7,17,22.2,34.3,27.6
"JUN_P10_DAILY_SW",6.94,6.77,6.85,8.58,6.645,5.993,14.38,10.99,12.18,22.15,7.818,19.05,6.329,6.669,3.939,5.756,9.135,13.19,6.272,8.753,6.334,6.891,16.83,7.335,6.189,11.38,6.073,6.468,12.53,6.509,4.85,6.669,21.15,4.615,41.06,17.04,14.57,10.48,6.486,3.263,9.372,6.164,6.643,15.84,7.522,8.04,10.061,15.88
"JUL_P10_DAILY_SW",4.96,6.48,6.09,7.67,6.51,4.53,9.97,7.22,6.17,15.6,7.02,10,5.8,4.84,3.988,8.15,8.5,6.15,14.1,5.41,3.82,6.53,5.47,5.11,5.61,5.69,4.77,5.56,6.24,5.45,4.9,5.07,19.8,4.26,12.8,6.09,4.74,5.66,5.98,2.89,6.19,3.38,5.78,5.69,6.11,5.34,6.42,7.43
"AUG_P10_DAILY_SW",4.96,6.03,4.53,5.1,4.98,4.7,6.57,6.12,4.98,6.8,7.02,5.27,5.04,4.84,4.44,4.49,5.73,5.36,5.74,5.05,3.67,3.88,4,4.49,5.25,5.07,4.82,4.03,5.09,4.96,5.38,4.74,7.58,4.22,7.35,5.39,4.24,5.62,4.27,2.9,5.09,3.34,5.81,5.36,5.62,4.49,6.27,5.61
"SEP_P10_DAILY_SW",4.779,6.577,4.182,12.69,5.24,5.24,8.665,6.054,4.462,6.783,10.59,9.977,5.852,8.314,7.685,4.758,4.903,5.705,8.663,5.299,3.92,4.086,4.266,4.815,5.217,5.209,11.98,4.524,5.058,5.024,5.572,4.829,8.01,3.989,6.193,5.493,5.389,5.578,2.847,3.217,5.235,2.658,5.894,6.635,5.578,4.655,5.895,4.148
"OCT_P10_DAILY_SW",6.23,6.65,7.56,16.1,25.2,6.6,14.1,6.17,4.47,4.16,16.1,7.99,11.2,15.3,12.7,12,30.2,7.55,6.91,10.1,7.86,3.77,4.1,8.48,4.27,17.6,11.5,5.3,5.27,5.34,5.41,5.44,57.5,5,6.56,9.31,9.19,5.68,2.87,15.9,6.03,3.08,22.4,20.5,7.17,4.76,31.4,3.98
"NOV_P10_DAILY_SW",76.06,31.64,54.23,78.7,28.9,20.47,56.37,18.855,29.7,3.625,144.9,17.6,93.28,14.17,30.98,52.13,99.07,44.27,40.9,89.31,36.9,8.818,3.974,54.65,30.13,65.2,14.67,43.42,9.509,38.65,44.81,50.55,60.71,14.25,44.42,29.01,45.71,5.314,41.78,77.14,58.41,26.86,54.04,34.4,71.59,57.16,37.23,62.52
"DEC_P10_DAILY_SW",82.7,162,85,96,37.4,48.4,46.4,28.9,116,101,81,27.4,77.6,24.7,62.5,105,81.7,80.2,40.4,51.6,28.2,62.1,51.9,60,42.4,74,70.9,41.1,55.1,56.5,113,59.4,73.8,127,84.5,51.3,96.6,47.5,89.4,73.7,28.9,106,89.4,31.9,88.3,70.4,41,73.1
"WY_MIN_01Day_SW",4.11,3.54,4.11,4.7,4.98,4.25,6,5.95,4.13,3.11,3.28,4.62,4.16,4.64,3.84,4.42,4.66,5.32,5.71,4.12,3.36,3.66,3.45,3.8,4.97,4.08,4.61,3.74,5.03,4.8,4.67,4.63,4.88,3.96,4.37,5.23,4.21,5.44,2.68,2.72,4.96,2.58,3.05,5.3,5.48,4.39,4.41,4.08
"WY_MINDOY_01Day_SW",365,3,335,1,320,295,315,339,337,12,35,315,319,304,279,336,344,305,317,295,333,332,24,39,350,7,325,313,338,325,267,331,1,356,1,338,322,334,363,4,313,348,6,310,334,334,5,366
"WY_MIN_03Day_SW",4.587,3.747,4.11,4.603,4.98,4.343,6.293,6.023,4.47,4.473,3.443,4.977,4.643,4.7,3.92,4.43,4.833,5.36,5.747,4.42,3.617,3.78,3.49,3.883,5.1,4.12,4.707,3.79,5.06,4.88,4.8,4.65,4.91,3.997,4.293,5.3,4.227,5.523,2.757,2.75,5.02,2.617,3.063,5.33,5.533,4.46,4.557,4.12
"WY_MINDOY_03Day_SW",362,3,348,1,330,296,316,354,345,2,36,315,319,305,280,336,341,326,325,295,326,333,24,39,350,8,302,313,339,326,268,331,2,341,1,338,324,297,365,4,313,349,7,312,356,352,6,366
"WY_MIN_07Day_SW",4.657,4.224,4.32,4.506,5.071,4.643,6.719,6.141,4.583,4.57,3.713,5.406,4.976,4.78,3.941,4.897,4.931,5.381,5.857,5.021,3.717,3.874,3.68,3.969,5.237,4.369,4.766,4.003,5.09,5.037,4.873,4.72,4.979,4.019,4.274,5.391,4.264,5.559,2.894,2.77,5.131,2.66,3.089,5.449,5.579,4.561,4.904,4.361
"WY_MINDOY_07Day_SW",365,3,361,1,332,298,317,354,353,6,36,317,319,307,269,337,345,311,325,299,335,335,25,41,351,11,306,316,343,337,273,335,2,342,1,339,324,338,365,4,314,351,1,313,360,334,6,366
"WY_MIN_30Day_SW",5.07,5.718,4.652,4.693,5.358,5.036,7.35,6.385,4.937,4.836,5.64,8.398,5.511,5.235,4.255,5.298,5.529,5.519,6.159,5.262,3.881,4.174,4.816,4.336,5.472,5.354,4.999,4.304,5.202,5.298,5.104,4.886,4.938,4.137,4.158,5.525,4.705,5.788,3.104,2.975,5.27,2.978,2.96,5.669,5.625,4.792,5.425,5.101
"WY_MINDOY_30Day_SW",315,5,362,1,348,322,1,354,357,5,39,323,326,329,285,351,352,331,1,338,336,349,340,41,335,12,328,339,351,343,292,357,3,360,1,342,325,341,365,5,338,365,5,324,363,352,6,366
"WY_MIN_DAILY_SW",4.11,3.54,4.11,4.7,4.98,4.25,6,5.95,4.13,3.11,3.28,4.62,4.16,4.64,3.84,4.42,4.66,5.32,5.71,4.12,3.36,3.66,3.45,3.8,4.97,4.08,4.61,3.74,5.03,4.8,4.67,4.63,4.88,3.96,4.37,5.23,4.21,5.44,2.68,2.72,4.96,2.58,3.05,5.3,5.48,4.39,4.41,4.08
"WY_MAX_DAILY_SW",196,260,362,450,177,150,187,185,425,343,227,345,147,233,196,336,385,221,303,290,182,400,187,198,139,176,326,324,123,257,262,286,359,275,325,211,139,289,252,312,321,297,333,381,121,407,261,229
"WY_MEAN_DAILY_SW",35.904,56.457,62.15,70.752,56.759,38.017,54.69,53.35,44.343,77.163,45.284,77.293,31.735,45.765,32.114,52.644,58.324,58.404,61.647,55.777,37.705,51.471,48.929,40.295,43.373,43.086,61.11,47.538,33.231,42.574,54.505,66.674,68.804,58.853,75.069,47.263,32.257,55.213,57.074,47.944,52.145,54.807,76.144,55.73,34.771,71.687,65.404,54.945
"WY_MEDIAN_DAILY_SW",29.7,49.8,36.2,54.95,52.7,34.5,51.5,44.05,20,57.2,41.9,66.4,20.6,28.9,24.45,35.15,37.1,40.4,33.4,52.85,31,34.5,25.1,36.35,40,36.9,31.1,15.65,28.7,14.5,21.7,44.95,61.6,35.1,52.6,42.6,30.1,39.1,18.1,25.55,32.6,30.4,39.7,47.85,31.1,60.6,61.1,43.55
"WY_TOTALQ_DAILY_SW",1132277554.213,1780430968.504,1959973662.564,2237354782.064,1789947936.503,1198913181.471,1724704708.337,1687046400.664,1398392641.801,2433425759.946,1428069312.877,2444174782.222,1000802305.453,1443248927.138,1012762179.505,1664740510.553,1839308261.395,1841821631.061,1944085536.144,1763811070.891,1189072219.184,1623191616.477,1543023648.614,1274237570.132,1367797533.588,1358775648.432,1927158049.748,1503278787.68,1047963744.584,1342604159.762,1718855424.645,2108392414.566,2169801212.461,1855979135.549,2367379008.764,1494561024.28,1017248546.68,1741187229.705,1799883935.793,1516104001.467,1644432193.71,1728387071.446,2401276319.768,1762316356.312,1096524862.988,2260723391.896,2062580542.728,1737503191.758
"WY_YIELDMM_DAILY_SW",1370.796,2155.485,2372.849,2708.662,2167.007,1451.469,2088.02,2042.429,1692.969,2946.036,1728.897,2959.049,1211.625,1747.275,1226.104,2015.424,2226.765,2229.808,2353.614,2135.364,1439.555,1965.123,1868.067,1542.66,1655.929,1645.007,2333.121,1819.95,1268.721,1625.429,2080.939,2552.533,2626.878,2246.948,2866.076,1809.396,1231.536,2107.975,2179.036,1835.477,1990.838,2092.478,2907.114,2133.555,1327.512,2736.953,2497.071,2103.515
"WY_CUMQ_DAILY_SW",13105.064,20606.84,22684.88,25895.31,20716.99,13876.31,19961.86,19526,16185.1,28164.65,16528.58,28289.06,11583.36,16704.27,11721.784,19267.83,21288.29,21317.38,22500.99,20414.48,13762.41,18786.94,17859.07,14748.12,15830.99,15726.57,22305.07,17399.06,12129.21,15539.4,19894.16,24402.69,25113.44,21481.24,27400.22,17298.16,11773.71,20152.63,20831.99,17547.5,19032.78,20004.48,27792.55,20397.18,12691.26,26165.78,23872.46,20109.991
"WY_Date_25P_CUMQ_DAILY_SW",137,69,78,76,65,79,98,90,88,84,82,51,96,61,96,82,74,60,83,67,46,109,93,91,68,77,59,81,81,96,89,63,95,58,79,67,79,77,92,51,73,89,70,64,67,60,80,89
"WY_Date_33P_CUMQ_DAILY_SW",147,84,84,91,79,88,117,117,93,104,91,65,114,72,135,89,86,71,100,95,57,114,103,112,82,100,67,97,113,108,102,74,110,72,94,77,94,86,101,67,86,98,82,70,95,73,91,100
"WY_Date_50P_CUMQ_DAILY_SW",183,112,111,114,125,120,142,153,110,126,124,98,148,91,153,112,101,107,129,127,82,130,127,147,116,128,99,121,151,144,126,98,143,107,125,106,121,108,125,96,116,112,102,98,122,107,119,129
"WY_Date_75P_CUMQ_DAILY_SW",NA,174,156,155,201,175,201,188,153,183,195,172,186,156,181,163,160,154,161,185,182,176,167,196,180,174,144,143,206,171,162,150,202,139,175,179,200,165,175,139,187,149,165,169,192,165,179,187
"ONDJFM_TOTALQ_DAILY_SW",1143909313.069,1391205015.772,1654686144.372,1916753759.806,1173553919.766,930147836.893,1169950178.731,1228158721.09,1189505089.367,1815908544.849,1022548319.788,1917725760.049,734833729.274,1181986558.733,764424000.575,1370234879.408,1451002466.245,1544158078.58,1667087134.621,1316486302.9,893588540.953,1276271425.015,1269732673.216,839352672.95,1042298494.176,1067768353.308,1636987105.332,1351287364.002,681396192.018,1095431040.322,1512839808.642,1767294719.279,1480152094.38,1707341759.804,1831071743.921,1140658848.719,707643649.786,1403062559.059,1449516383.622,1344895488.979,1200294720.349,1457968896.566,2029399487.882,1391757122.736,781012799.012,1802638367.334,1577854941.449,1279378015.112
"AMJJAS_TOTALQ_DAILY_SW",281212127.417,389225952.732,301565626.937,320601022.259,616394016.738,268765344.578,554754529.606,458887679.574,208887552.434,617517215.097,405520993.09,526449022.173,265968576.179,261262368.404,246912737.962,294505631.145,388305795.15,297663552.48,276998401.523,447324767.99,295483678.231,346920191.463,273290975.398,434884897.182,325499039.413,291007295.124,290170944.416,151991423.678,366567552.566,247173119.44,206015616.003,341097695.287,689649118.081,148637375.745,536307264.843,353902175.56,309604896.894,338124670.646,350367552.171,171208512.488,444137473.36,270418174.881,371876831.886,370559233.576,315512063.976,458085024.562,484725601.279,458125176.646
"ONDJFM_YIELDMM_DAILY_SW",1384.878,1684.268,2003.252,2320.525,1420.767,1126.087,1416.405,1486.875,1440.079,2198.436,1237.952,2321.702,889.629,1430.976,925.453,1658.88,1756.662,1869.441,2018.265,1593.809,1081.826,1545.123,1537.207,1016.165,1261.863,1292.698,1981.825,1635.941,824.935,1326.188,1831.525,2139.582,1791.952,2067,2216.794,1380.943,856.711,1698.623,1754.862,1628.203,1453.141,1765.096,2456.9,1684.936,945.536,2182.371,1910.236,1548.884
"AMJJAS_YIELDMM_DAILY_SW",340.451,471.218,365.092,388.137,746.24,325.382,671.616,555.554,252.89,747.6,490.946,637.347,321.996,316.298,298.926,356.544,470.104,360.367,335.349,541.555,357.728,420,330.861,526.495,394.067,352.309,351.297,184.009,443.786,299.241,249.414,412.951,834.926,179.948,649.282,428.453,374.824,409.352,424.174,207.274,537.697,327.383,450.214,448.619,381.976,554.582,586.835,554.631
"CY_N_BELOW_25",126,33,47,25,87,162,37,79,117,36,31,75,74,168,176,50,46,50,89,20,211,109,117,106,109,38,171,195,146,117,111,111,1,213,7,81,112,58,97,167,98,161,15,104,65,56,32,27
"CY_N_ABOVE_75",73,115,78,170,113,9,175,134,66,217,160,143,42,46,77,87,159,59,125,126,13,81,56,62,17,78,53,30,37,44,112,48,242,68,205,33,37,36,90,21,72,97,129,88,47,120,161,115
"CY_N_OUTSIDE_25_75",199,148,125,195,200,171,212,213,183,253,191,218,116,214,253,137,205,109,214,146,224,190,173,168,126,116,224,225,183,161,223,159,243,281,212,114,149,94,187,188,170,258,144,192,112,176,193,142
