"Year","CY_MIN_01Day_SW","CY_MINDOY_01Day_SW","CY_MIN_03Day_SW","CY_MINDOY_03Day_SW","CY_MIN_07Day_SW","CY_MINDOY_07Day_SW","CY_MIN_30Day_SW","CY_MINDOY_30Day_SW","CY_MIN_DAILY_SW","CY_MAX_DAILY_SW","CY_MEAN_DAILY_SW","CY_TOTALQ_DAILY_SW","CY_YIELDMM_DAILY_SW","CY_CUMQ_DAILY_SW","CY_Date_25P_CUMQ_DAILY_SW","CY_Date_50P_CUMQ_DAILY_SW","CY_Date_75P_CUMQ_DAILY_SW","JFM_TOTALQ_DAILY_SW","AMJ_TOTALQ_DAILY_SW","JAS_TOTALQ_DAILY_SW","OND_TOTALQ_DAILY_SW","JFM_YIELDMM_DAILY_SW","AMJ_YIELDMM_DAILY_SW","JAS_YIELDMM_DAILY_SW","OND_YIELDMM_DAILY_SW","JAN_MIN_DAILY_SW","FEB_MIN_DAILY_SW","MAR_MIN_DAILY_SW","APR_MIN_DAILY_SW","MAY_MIN_DAILY_SW","JUN_MIN_DAILY_SW","JUL_MIN_DAILY_SW","AUG_MIN_DAILY_SW","SEP_MIN_DAILY_SW","OCT_MIN_DAILY_SW","NOV_MIN_DAILY_SW","DEC_MIN_DAILY_SW","JAN_MAX_DAILY_SW","FEB_MAX_DAILY_SW","MAR_MAX_DAILY_SW","APR_MAX_DAILY_SW","MAY_MAX_DAILY_SW","JUN_MAX_DAILY_SW","JUL_MAX_DAILY_SW","AUG_MAX_DAILY_SW","SEP_MAX_DAILY_SW","OCT_MAX_DAILY_SW","NOV_MAX_DAILY_SW","DEC_MAX_DAILY_SW","JAN_MEAN_DAILY_SW","FEB_MEAN_DAILY_SW","MAR_MEAN_DAILY_SW","APR_MEAN_DAILY_SW","MAY_MEAN_DAILY_SW","JUN_MEAN_DAILY_SW","JUL_MEAN_DAILY_SW","AUG_MEAN_DAILY_SW","SEP_MEAN_DAILY_SW","OCT_MEAN_DAILY_SW","NOV_MEAN_DAILY_SW","DEC_MEAN_DAILY_SW","JAN_P50_DAILY_SW","FEB_P50_DAILY_SW","MAR_P50_DAILY_SW","APR_P50_DAILY_SW","MAY_P50_DAILY_SW","JUN_P50_DAILY_SW","JUL_P50_DAILY_SW","AUG_P50_DAILY_SW","SEP_P50_DAILY_SW","OCT_P50_DAILY_SW","NOV_P50_DAILY_SW","DEC_P50_DAILY_SW","JAN_P20_DAILY_SW","FEB_P20_DAILY_SW","MAR_P20_DAILY_SW","APR_P20_DAILY_SW","MAY_P20_DAILY_SW","JUN_P20_DAILY_SW","JUL_P20_DAILY_SW","AUG_P20_DAILY_SW","SEP_P20_DAILY_SW","OCT_P20_DAILY_SW","NOV_P20_DAILY_SW","DEC_P20_DAILY_SW","JAN_P10_DAILY_SW","FEB_P10_DAILY_SW","MAR_P10_DAILY_SW","APR_P10_DAILY_SW","MAY_P10_DAILY_SW","JUN_P10_DAILY_SW","JUL_P10_DAILY_SW","AUG_P10_DAILY_SW","SEP_P10_DAILY_SW","OCT_P10_DAILY_SW","NOV_P10_DAILY_SW","DEC_P10_DAILY_SW","WY_MIN_01Day_SW","WY_MINDOY_01Day_SW","WY_MIN_03Day_SW","WY_MINDOY_03Day_SW","WY_MIN_07Day_SW","WY_MINDOY_07Day_SW","WY_MIN_30Day_SW","WY_MINDOY_30Day_SW","WY_MIN_DAILY_SW","WY_MAX_DAILY_SW","WY_MEAN_DAILY_SW","WY_TOTALQ_DAILY_SW","WY_YIELDMM_DAILY_SW","WY_CUMQ_DAILY_SW","WY_Date_25P_CUMQ_DAILY_SW","WY_Date_50P_CUMQ_DAILY_SW","WY_Date_75P_CUMQ_DAILY_SW","ONDJFM_TOTALQ_DAILY_SW","AMJJAS_TOTALQ_DAILY_SW","ONDJFM_YIELDMM_DAILY_SW","AMJJAS_YIELDMM_DAILY_SW","CY_N_BELOW_25","CY_N_ABOVE_75","CY_N_OUTSIDE_25_75"
1964,3.94,84,4.597,84,5.076,84,5.556,89,3.94,314,56.618,1790412768,1556.881,20722.37,164,192,230,56288736,672632640,829267200,232224192,48.947,584.898,721.102,201.934,7.93,5.32,3.94,11,21.5,115,101,47,29.2,27,16.4,9.77,11.6,7.79,8.55,21.1,147,212,314,141,126,75,46.7,19.2,9.116,6.67,5.66,14.447,69.958,172.767,172.968,88.026,50.24,48.558,26.07,12.915,9.06,6.68,5.66,14,59.7,171.5,151,89.8,43.75,52.1,23.25,12.5,8.33,6.296,5.32,12.16,42.8,158,129,67.1,35.52,33.1,19.72,10.1,7.99,6,5.1,11.48,31.1,151.8,113,59.7,30.57,28.9,18.64,9.85,3.94,176,4.597,176,5.076,176,5.556,181,3.94,314,58.199,1840384275.14,1600.334,21300.744,253,283,320,148797140.87,1501899840,129.389,1306,87,117,204
1965,7.36,37,7.4,89,7.54,91,8.195,61,7.36,219,50.758,1600690464,1391.905,18526.51,155,187,227,70140384,653961600,667733760,208854720,60.992,568.662,580.638,181.613,8.64,7.36,7.36,7.7,32.8,91.2,88.9,43,21.2,21.5,17,11.8,11,8.78,10.3,79.3,201,219,191,167,53.2,76.5,52.4,19.3,10.212,8.206,8.564,30.517,76.735,142.49,126.377,94.381,29.497,35.629,28.203,15.055,10.5,8.21,8.55,28.1,64.8,141,121,88.9,26.8,32.3,23.6,15,9.34,7.846,7.7,12.2,43,118,103,83.5,23.44,28.3,19.4,13.3,9.34,7.605,7.36,10.165,36.2,96.18,91.7,68.8,22.25,22.7,18.48,12.9,7.36,129,7.4,181,7.54,183,8.195,153,7.36,219,51.499,1624059936,1412.226,18796.99,219,260,297,302364576,1321695360,262.926,1149.3,67,124,191
1966,5.66,62,5.66,64,5.864,68,7.067,82,5.66,214,57.62,1817096544,1580.084,21031.21,154,187,221,79514784,752492160,824091840,160997760,69.143,654.341,716.602,139.998,9.2,6.91,5.66,14.2,24.7,117,115,55.5,39.4,19,14.4,10.1,21.1,9.91,13,36.8,193,210,214,157,65.7,61.2,25.6,14.6,14.346,8.408,7.747,24.973,100.265,161.733,162,95.213,52.15,29.971,17.987,12.732,13.5,8.55,7.65,24.85,85,168.5,159,84.7,51.95,27.3,17.15,12.6,10.8,7.706,6.23,20.14,62,129.6,131,71.4,46.36,21,15.8,11.8,9.85,7.36,5.8,18.08,56.1,123.7,127,66,44.89,20.1,15.59,11.3,5.66,154,5.66,156,5.864,160,7.067,174,5.66,214,59.137,1864953504,1621.699,21585.11,225,265,298,288369504,1576584000,250.756,1370.943,35,130,165
1967,6.46,72,6.833,73,7.207,75,7.561,82,6.46,334,59.815,1886338368,1640.294,21832.62,159,183,220,68956704,851330304,821309760,144741600,59.962,740.287,714.182,125.862,8.13,7.62,6.46,7.99,23.6,158,110,54.4,36.8,17.7,10.3,7.67,12.5,9.51,9.29,22.7,153,334,221,113,104,66.3,51.3,11.8,10.451,8.424,7.686,14.662,78.113,233.067,160.774,90.332,57.387,25.71,19.197,9.753,10.8,8.27,7.62,13.9,63.1,235,150,96.3,54.5,23.8,18.2,9.91,9.51,7.99,7.25,11.88,37.9,205.8,129,69.7,42.96,18.8,14.16,8.21,9.15,7.795,7.02,9.349,31.1,183.6,127,58.3,41.26,18.6,10.57,7.79,6.46,164,6.833,165,7.207,167,7.561,174,6.46,334,60.331,1902594528,1654.43,22020.77,243,267,297,229954464,1672640064,199.96,1454.47,59,117,176
1968,6.17,366,6.68,366,8.6,53,9.263,9,6.17,326,59.81,1891335744,1644.64,21890.46,157,188,228,82280448,781125120,835341120,192589056,71.548,679.239,726.384,167.469,9.06,8.5,10.8,11.5,41.1,118,110,53.5,48.7,27.6,18.4,6.17,10.5,10.8,14.4,48.4,177,326,275,168,90.9,48.1,35.7,17.1,9.64,9.609,12.09,15.06,97.871,185.167,164.032,86.4,63.497,35.026,24.973,12.711,9.49,9.77,11.8,12.65,94.9,170,147,77,62.4,34.5,24.7,13.3,9.34,8.64,11.3,11.9,52.7,136.8,116,69.4,52.1,29.7,21.16,11.8,9.2,8.64,11,11.9,45.3,124.9,114,57.8,50.91,28.9,20.7,8.5,7.67,76,7.75,77,8.196,79,9.263,101,7.67,326,58.297,1843488288,1603.033,21336.67,238,270,300,227022048,1616466240,197.41,1405.623,24,176,200
1969,4.42,22,4.587,23,4.879,25,5.672,38,4.42,245,54.293,1712182752,1488.855,19816.93,148,174,220,51419232,898274880,582940800,179547840,44.712,781.109,506.905,156.129,4.42,5.8,6.23,12.6,49.3,117,69.1,37.4,29.7,23.2,13.5,9,6.74,7.87,10.5,91.2,207,245,150,102,72.5,64.6,32.3,14.9,5.772,7.06,7.05,38.467,116.797,187.4,106.023,65.148,48.023,34.503,21.063,12.148,5.97,7.15,6.82,39.9,114,187,97.1,66.8,46.3,31.1,21.4,12.4,5.13,6.408,6.34,18.4,64,156,80.1,55.2,36.04,25.5,18.22,9.97,4.93,6.146,6.29,13.44,54.4,144.8,76.5,51.3,32.96,24.4,15.93,9.4,4.42,114,4.587,115,4.879,117,5.672,130,4.42,245,54.706,1725223968,1500.195,19967.87,225,255,287,244008288,1481215680,212.181,1288.014,97,81,178
1970,6.51,335,6.53,336,6.634,336,7.871,42,6.51,242,43.738,1379333664,1199.421,15964.51,155,178,215,62694432,673986528,541961280,100691424,54.517,586.075,471.271,87.558,6.65,6.94,7.59,8.64,16,103,67.4,47,15.4,13.5,6.57,6.51,9.06,9.15,9.29,16.2,155,242,160,97.1,67.7,36,13.4,11,8.06,7.877,8.233,11.636,76.216,169.633,104.91,68.397,30.007,18.748,10.17,9.003,7.93,7.93,8.24,10.95,71.6,173,104,66.5,25.85,16.6,11.1,9.06,7.08,7.08,7.82,9.728,54.4,127.4,86.4,56.4,19.48,15.5,7.248,7.7,6.8,6.94,7.73,8.996,48.4,114.3,79.6,52.7,17.18,13.6,6.734,7.36,6.65,109,6.73,109,6.87,111,7.871,134,6.65,242,46.239,1458190080,1267.991,16877.2,231,260,292,242242272,1215947808,210.645,1057.346,154,17,171
1971,7.11,76,7.14,86,7.149,89,7.396,96,7.11,254,52.976,1670647680,1452.737,19336.2,150,182,219,77351328,757723680,702838080,132734592,67.262,658.89,611.164,115.421,9.34,9.34,7.11,7.19,50.7,96.6,77,59.5,19,16.4,12.9,7.65,13.6,13.9,9.63,63.1,190,254,186,156,90.9,56.1,16.4,12.6,10.805,11.402,7.776,21.872,112.823,153.877,126.806,98.487,38.353,25.884,14.647,9.499,10.2,11.45,7.22,10.5,110,142.5,126,84.7,26.55,21.3,14.55,9.06,9.63,9.91,7.16,8.996,77.6,109.6,92,75.6,21.98,18.8,13.66,8.21,9.34,9.63,7.14,7.247,68.5,99.67,83.5,70.2,20.37,17.5,13.37,7.93,6.51,62,6.53,63,6.634,63,7.396,188,6.51,254,51.96,1638604512,1424.873,18965.33,233,265,301,178042752,1460561760,154.82,1270.054,91,118,209
1972,5.95,344,6.137,345,6.453,348,8.025,63,5.95,360,62.809,1986156288,1727.092,22987.92,155,181,215,77931936,936014400,848888640,123321312,67.767,813.926,738.164,107.236,7.93,7.65,8.07,12.9,21.2,158,136,65.7,21.1,15.1,9.2,5.95,9.2,9.34,19.5,21.9,343,360,246,165,62.9,47.3,15.7,12.9,8.609,8.087,12.922,14.88,116.906,225.433,170.387,106.935,40.937,25.145,12.077,9.211,8.5,7.93,13,14.15,121,203.5,159,97.7,34.15,22.7,11.65,8.78,8.35,7.734,9.91,13.2,45,167.8,143,84.4,27.8,19.2,9.74,6.8,8.21,7.65,9.06,13.1,32,166,139,81.6,22.38,17.4,9.624,6.51,7.65,87,7.65,139,7.73,151,8.025,155,7.65,360,63.106,1995569568,1735.278,23096.87,242,265,297,210666528,1784903040,183.188,1552.09,78,124,202
1973,3.99,39,4.16,40,4.479,44,5.805,56,3.99,241,43.72,1378748736,1198.912,15957.74,155,185,221,51871104,606869280,572849280,147159072,45.105,527.712,498.13,127.964,5.41,3.99,6.88,8.21,22.9,79.6,84.4,31.1,23.2,16.9,15.5,7.28,7.79,7.14,8.1,25.5,176,241,167,116,61.4,44.2,25.8,15.3,6.752,5.868,7.315,16.008,84.652,130.65,112.826,67.219,34.96,25.097,19.19,11.275,6.8,6.325,7.11,16,81,113.5,111,68,30.15,21.2,19.45,10.3,5.97,4.76,6.99,10.2,37.1,87.46,94.6,37.7,26.6,18.3,16.84,8.95,5.78,4.512,6.97,8.886,29.7,82.32,91.2,35.1,25.69,17.5,15.9,8.27,3.99,131,4.16,132,4.479,136,5.805,148,3.99,241,42.964,1354910976,1178.183,15681.84,232,267,296,175192416,1179718560,152.341,1025.842,158,19,177
1974,7.11,12,7.11,14,7.136,14,7.97,17,7.11,328,57.801,1822798944,1585.043,21097.21,163,183,214,69841440,814639680,849165120,89152704,60.732,708.382,738.404,77.524,7.11,8.38,7.7,12,45,80.7,125,68.2,20,10.8,9.54,7.33,11,10.6,12.1,72.8,141,328,235,183,96.6,32.6,10.7,10.2,8.657,9.712,8.646,28.783,75.345,207.65,171.645,101.323,45.543,15.11,10.118,8.384,7.93,9.7,8.27,21.95,68,211,172,86.4,39.35,13.8,10.1,8.52,7.14,9.34,8.07,13.26,53,109,154,79.3,31.88,11.7,9.7,7.45,7.14,8.851,8.04,12.49,47.9,103.9,150,76.7,26.9,11.3,9.651,7.36,7.11,104,7.11,106,7.136,106,7.97,109,7.11,328,59.64,1880805312,1635.483,21768.58,240,268,299,217000512,1663804800,188.696,1446.787,123,110,233
1975,5.52,56,5.567,57,5.774,59,6.273,95,5.52,246,50.913,1605586752,1396.162,18583.18,162,188,226,52354080,633337056,722226240,197669376,45.525,550.728,628.023,171.886,5.66,5.52,5.66,6.26,22.7,94.6,81.6,47.9,21.6,16.7,17.8,8.64,8.5,7.33,10.1,22.6,129,244,246,114,52.4,82.7,83.5,27.5,7.299,6.215,6.635,11.116,69.877,161.02,160.687,72.794,37.373,27.061,34.617,13.24,7.25,6.29,6.23,11.5,66.5,163.5,140,71.6,40.2,22.4,27.2,12.6,7.08,5.86,6.23,6.43,36.8,131.6,102,59.7,28.6,19.4,20.98,9.12,6.85,5.636,6.14,6.337,27.2,111.2,99.1,50.1,25.01,17.8,18.66,8.92,5.52,148,5.567,149,5.774,151,6.273,187,5.52,246,47.472,1497070080,1301.8,17327.2,245,271,296,141506784,1355563296,123.049,1178.751,131,70,201
1976,6.37,74,6.567,65,6.826,90,6.944,91,6.37,275,63.524,2008783584,1746.768,23249.81,164,197,230,63101376,694655136,1116288000,134739072,54.871,604.048,970.685,117.164,7.08,7.25,6.37,7.19,47.9,62.6,125,99.1,54.1,15.8,9.34,8.78,9.91,12.4,7.67,37.4,179,250,275,206,136,60,17.9,12.2,8.428,8.732,6.962,18.91,111.365,134.013,191.774,150.294,77.197,26.797,13.342,10.598,8.55,7.9,6.91,16.95,113,131,188,150,69.4,22.1,12.85,10.6,7.79,7.298,6.77,11.816,86.9,87.74,155,125,61.36,16.9,11.98,10.1,7.36,7.25,6.65,7.636,80.1,67.29,151,115,56.37,16.5,10.74,10,6.37,166,6.567,157,6.826,182,6.944,183,6.37,275,65.514,2071713888,1801.49,23978.17,236,280,311,260770752,1810943136,226.757,1574.733,70,124,194
1977,7.22,56,7.24,58,7.351,62,7.779,78,7.22,246,43.616,1375478496,1196.068,15919.89,150,178,220,63027936,664873920,545970240,101606400,54.807,578.151,474.757,88.353,7.42,7.22,7.31,8.21,56.4,80.4,63.1,41.1,18.6,13.9,8.07,7.93,10.5,8.92,8.5,110,121,246,140,102,72.8,18.1,15.3,13.4,8.416,7.844,8.031,31.717,77.526,144.683,92.642,77.89,34.42,15.539,12.588,10.215,8.21,7.73,8.1,18.6,73.9,141,93.2,81.3,31.7,15.2,12.95,9.91,7.93,7.614,7.84,14.48,61.4,120.2,75,71.1,26.46,14.6,11.3,8.5,7.7,7.28,7.65,8.752,59.5,96.4,69.4,48.1,21.56,14.4,10.233,8.21,7.22,148,7.24,150,7.351,154,7.779,170,7.22,246,44.667,1408611168,1224.879,16303.37,223,261,299,197767008,1210844160,171.971,1052.908,135,28,163
1978,5.61,30,5.68,65,5.784,67,6.602,75,5.61,205,52.89,1667924352,1450.369,19304.68,159,191,240,62459424,635904000,785661120,183899808,54.313,552.96,683.184,159.913,5.61,6.8,5.66,16.5,43.9,77.3,96.6,46.4,45.6,22.5,12.5,7.6,8.92,8.35,24.6,94,130,205,197,114,161,65.1,58.3,16,7.559,7.3,9.167,28.5,68.116,146.447,136.861,74.565,84.637,35.584,22.293,11.502,7.56,7.125,6.8,19.7,58.6,144,132,76.5,76.35,32.3,20.15,11.3,6.94,7.08,5.95,18.2,51.5,115,108,52.4,62.36,27.9,16.34,10.2,6.8,7.071,5.75,17.64,47.3,103.8,103,49.3,54.93,26.9,14.67,8.6,5.61,122,5.68,157,5.784,159,6.602,167,5.61,205,50.28,1585630944,1378.81,18352.21,239,273,307,164065824,1421565120,142.666,1236.144,57,81,138
1979,6.74,46,7.06,54,7.224,58,7.521,63,6.74,225,48.009,1514003616,1316.525,17523.19,155,185,223,67093056,655044192,668027520,123838848,58.342,569.604,580.893,107.686,7.93,6.74,7.67,8.41,53.5,97.7,91.5,60.5,26.8,15.8,9.2,9.93,10.9,8.27,10.9,62,225,202,195,96.8,91.3,34.2,16.8,17.3,9.566,7.541,8.672,17.358,84.358,148.19,129.126,73.835,48,22.135,11.381,13.086,9.85,7.56,8.78,12.5,68.5,145.5,122,70.8,44.35,21.4,10.5,12.5,8.92,7.22,7.87,10.28,59.5,120.4,100,68.7,33.64,18,9.63,11.1,8.16,7.122,7.79,8.58,55.5,103.9,96.6,64.5,31.06,16.8,9.475,10.4,6.74,138,7.06,146,7.224,150,7.521,155,6.74,225,49.913,1574064576,1368.752,18218.34,230,265,296,250992864,1323071712,218.255,1150.497,80,50,130
1980,6.23,66,6.307,67,6.406,70,6.81,77,6.23,225,51.878,1640515680,1426.535,18987.45,139,173,218,62199360,852495840,548112960,177707520,54.086,741.301,476.62,154.528,8.17,6.65,6.23,8.4,111,87.1,77.3,28.7,28,17.5,14.6,12.9,10,8.17,8.65,187,225,195,154,94.2,102,69.5,32.2,32.8,8.997,7.391,7.312,50.702,144.194,129.193,107.232,56.523,42.25,29.648,20.513,16.848,9,7.45,7.34,23.65,144,130,105,58,38.1,23.8,18.9,15.7,8.42,6.796,6.6,8.9,122,105.8,90.7,42.2,33.66,20.2,16.18,13.8,8.28,6.696,6.4,8.689,119,99.73,84,36.1,29.96,18.7,15.73,13,6.23,158,6.307,159,6.406,162,6.81,169,6.23,225,50.175,1586647008,1379.693,18363.97,219,253,291,186038208,1400608800,161.772,1217.921,82,77,159
1981,7.8,44,8.133,45,8.6,46,10.527,62,7.8,234,54.998,1734428160,1508.198,20074.4,146,187,224,102677760,705447360,763940160,162362880,89.285,613.432,664.296,141.185,12.5,7.8,11.3,13.6,55,88.5,104,53.4,20.7,16.7,16,10.4,20.4,12.9,17.5,85.4,234,189,199,123,89.9,47,43.5,16.7,15.084,10.414,13.845,27.887,120.729,119.523,143.806,97.661,45.213,24.474,23.697,13.213,14.2,9.95,14,17.55,109,110,140,101,47.55,23.6,21.55,12.9,13.2,9,12.1,14.98,67.8,94.66,126,80.8,25.58,19.3,18.66,11.5,12.9,8.68,11.7,14.38,60.5,90.4,118,64,23.15,17.1,16.76,11,7.8,136,8.133,137,8.6,138,10.527,154,7.8,234,55.485,1749772800,1521.542,20252,226,261,299,280385280,1469387520,243.813,1277.728,35,169,204
1982,4.5,40,4.6,40,4.714,42,5.31,44,4.5,272,56.021,1766670048,1536.235,20447.57,164,186,225,53106624,760668192,819918720,132976512,46.18,661.451,712.973,115.632,5.3,4.5,6.93,7.95,24.3,96.4,99.6,74.9,30.8,20.1,11.8,8.9,9.4,8.6,8.24,30.2,161,272,210,132,135,34.2,21.4,11.8,6.448,6.486,7.521,13.958,78.932,197.947,144.568,96.548,67.173,25.135,14.98,10.015,6.1,6.65,7.43,11.35,84.5,219.5,136,91.1,53.4,24.6,14.35,10,5.4,4.9,7.18,8.304,36,136.4,119,81.6,44.68,21.6,12.68,9.1,5.4,4.7,7.12,8.018,27.2,117,113,76.7,42.68,21.2,12.2,9,4.5,132,4.6,132,4.714,134,5.31,136,4.5,272,56.953,1796056416,1561.788,20787.69,242,269,303,215469504,1580586912,187.365,1374.423,100,71,171
1983,6.5,36,6.543,37,6.694,40,7.992,52,6.5,436,53.459,1685891232,1465.992,19512.63,152,190,222,75861792,681670080,758263680,170095680,65.967,592.757,659.36,147.909,7.66,6.5,8.83,15.4,54,88.9,99.7,57.3,22.5,18.2,18.7,11.5,10.5,10.1,15.9,79.9,236,211,436,146,105,61.7,49.7,18.2,9.071,8.15,11.891,31.813,95.023,132.987,152.571,90.242,41.633,22.158,27.903,14.345,9.2,8.515,12.4,20.75,70,132,130,79.4,33.85,19.8,25.8,14,8.3,6.88,9,16.6,58.4,102.8,114,64.2,26.38,18.5,21.44,11.9,8.08,6.664,8.91,15.9,56.8,95.93,103,61,25.49,18.3,20.46,11.7,6.5,128,6.543,129,6.694,132,7.992,144,6.5,436,52.282,1648772064,1433.715,19083.01,234,267,298,208838304,1439933760,181.599,1252.116,31,124,155
1984,6.6,19,6.767,357,6.886,359,8.186,366,6.6,309,51.671,1633968288,1420.842,18911.67,165,193,226,80593920,606795840,816600960,129977568,70.082,527.649,710.088,113.024,6.6,8.23,8.05,13.7,23.7,71.2,101,55.7,27.2,15.3,12.2,6.7,16.2,11.3,14.3,47.6,154,309,191,223,100,44.3,18.5,12.1,11.019,9.045,10.61,24.937,49.055,158.477,149.645,102.9,54.083,26.013,14.677,8.312,10.7,8.89,10.3,21.5,45.8,147,153,97.6,51.4,25.4,14.55,8,8.3,8.454,8.28,14.56,27.2,107.14,133,66.8,37.48,20,13.08,7.1,7.4,8.25,8.21,14.09,24.6,83.72,113,64.7,30.84,19,12.39,6.9,6.6,111,6.867,112,7.429,114,8.523,162,6.6,309,52.94,1674086400,1455.727,19376,242,274,305,250689600,1423396800,217.991,1237.736,75,109,184
1985,5.25,33,5.283,34,5.417,35,6.003,53,5.25,277,50.308,1586516544,1379.58,18362.46,147,177,214,51768288,794153376,583234560,157360320,45.016,690.568,507.16,136.835,5.37,5.25,6.08,7.79,27.8,79.8,76.1,40.2,19.9,14.5,10.5,8.8,8.3,6.75,7.7,62.1,277,206,183,95.5,61.2,63.8,31.2,13,6.925,6.185,6.816,28.67,126.729,146.763,122.777,63.152,32.887,30.632,17.687,11.003,6.95,6.245,6.5,24.6,88.6,153.5,111,58.5,31.65,32.3,14.95,11.2,6.3,6.07,6.2,11.78,53,115.8,91.7,50.3,25.64,16.3,11.34,9.7,5.7,5.51,6.18,10.67,44.4,99.54,85.4,47.8,22.91,15.2,10.78,9,5.25,125,5.283,126,5.417,127,6.003,145,5.25,277,49.44,1559133792,1355.769,18045.53,232,257,288,181745856,1377387936,158.04,1197.729,154,51,205
1986,5.5,44,5.55,46,5.593,50,6.101,55,5.5,341,52.986,1670957856,1453.007,19339.79,151,175,212,72791136,850495680,630460800,117210240,63.297,739.561,548.227,101.922,6.6,5.5,9.45,18.4,26.4,113,68.5,54,17.2,13,10.6,8.7,9.33,10.3,23.2,48.1,341,321,199,111,79.4,57.2,19.5,12.1,7.862,6.469,13.472,29.793,102.642,192.267,123.852,80.235,32.343,20.545,14.09,9.581,7.8,5.965,12.5,28.8,49.4,189,122,79.5,23.15,18.7,13.55,9.5,7,5.65,11.3,23.94,38.6,153.8,107,58.1,19.5,14.5,12.3,9.2,6.65,5.585,9.6,19.62,36.8,143.7,95,56.4,18.54,13.5,11.47,9,5.5,136,5.55,138,5.593,142,6.101,147,5.5,341,54.259,1711107936,1487.92,19804.49,238,258,290,230151456,1480956480,200.132,1287.788,111,80,191
1987,6.4,16,6.533,60,6.613,61,7.303,63,6.4,284,51.246,1616082624,1405.289,18704.66,138,171,209,74520000,873400320,570784320,97377984,64.8,759.479,496.334,84.677,6.4,6.5,6.5,13.2,66,78.9,70.1,43.9,23.1,11.8,8.78,7.4,10.4,8.1,21.3,151,284,245,189,102,65,28.1,19.4,13.6,7.988,7.426,13.127,37.59,129.3,165.76,111.245,62.152,41.033,15.316,11.972,9.455,7.85,7.555,13.8,30.1,123,167.5,104,56.3,41.1,12.8,11.6,9,6.95,7.244,11.8,26.96,82,116.4,85,48.7,28.3,12.1,11.28,8,6.65,6.65,6.93,25.49,74.4,97.75,75.2,46.6,24.3,12.1,10.426,7.7,6.4,108,6.533,152,6.613,153,7.303,155,6.4,284,51.875,1635914880,1422.535,18934.2,222,257,287,191730240,1444184640,166.722,1255.813,135,72,207
1988,3.18,32,3.627,34,4.319,37,5.901,37,3.18,214,52.124,1648282176,1433.289,19077.34,149,180,223,54719712,801429984,607322880,184809600,47.582,696.896,528.107,160.704,4.2,3.18,7.3,8.51,42.3,90.2,86,50.1,19.6,20.2,16.1,9.4,7.4,8.15,10.2,122,214,213,186,102,75.6,63.2,45.5,15.8,6.211,6.471,8.165,45.114,103.894,156.723,116.897,72.842,38.243,31.565,25.877,12.394,6.2,6.9,7.85,51.5,104,156.5,110,72.2,32.6,29.5,22.7,12,5.7,5.38,7.6,11.58,52.3,109.8,93.8,60.5,23.14,26.3,18.34,10.6,5.4,4.64,7.4,10.66,45.8,106.21,92.9,58.5,22.26,22.5,16.96,10,3.18,124,3.627,126,4.319,129,5.901,129,3.18,214,49.359,1560850560,1357.261,18065.4,229,263,294,152097696,1408752864,132.259,1225.002,82,61,143
1989,4.5,34,4.567,35,5.036,39,5.915,83,4.5,271,46.609,1469867904,1278.146,17012.36,152,180,225,57391200,691866144,556822080,163788480,49.905,601.623,484.193,142.425,6.7,4.5,4.8,8.46,55.3,86.3,80.2,49.7,23.5,16.7,17.7,10.3,12.8,10.3,8.76,66.6,152,271,148,97.9,60.8,41.9,77.3,17.3,9.499,6.242,6.29,28.66,85.874,149.527,100.848,71.161,37.08,21.494,26.883,13.642,9.6,6.425,6,34.1,78.9,142.5,93.7,72.6,34.25,19.6,21.65,13.2,8,5.57,5.1,9.918,58.8,107.8,88.8,56.2,29.88,17.5,18.26,11.6,7.7,4.88,5,8.635,56.6,95.49,82.1,54.7,26.49,17.2,17.99,11.5,4.5,126,4.567,127,5.036,131,5.915,175,4.5,271,47.276,1490889024,1296.425,17255.66,219,257,293,242200800,1248688224,210.609,1085.816,129,82,211
1990,6.3,49,6.65,51,7.207,51,7.906,63,6.3,263,56.399,1778592384,1546.602,20585.56,154,185,223,71889984,761754240,747722880,197225280,62.513,662.395,650.194,171.5,7.85,6.3,7,20.5,43.6,101,108,39,25.7,17.2,18,7.8,11.5,9.55,15.7,83.1,171,263,222,123,61.4,61.5,82.5,24.2,9.886,8.024,9.706,44.497,85.99,160.533,152.71,86.026,41.78,25.574,33.58,15.565,10,7.9,8.91,36.6,76.9,149,142,93.7,42.8,23.9,29.4,16.5,8.9,7.54,8.37,30.4,64,115.4,117,71.5,34.26,19.1,19.5,10,8,7.21,7.5,27.62,59.4,105.7,114,44.3,28.43,18.4,18.66,8.8,6.3,141,6.65,143,7.207,143,7.906,155,6.3,263,55.339,1745155584,1517.527,20198.56,226,267,295,235678464,1509477120,204.938,1312.589,16,134,150
1991,4.9,7,5.167,7,5.679,10,7.837,30,4.9,263,58.577,1847284704,1606.335,21380.61,152,185,218,77823936,783276480,869970240,116214048,67.673,681.11,756.496,101.056,4.9,9.3,9.44,12.6,43.6,91.7,111,55.6,26.4,13.3,10,7.1,11.3,14.5,11.7,78.7,249,239,263,193,114,48.8,15.7,11.6,7.875,12.286,10.085,33.617,110.506,154.383,173.032,107.629,45.62,21.774,12.633,9.389,8,12,10,24.95,99.3,151,170,108,41.05,19.4,12.75,9.34,6.1,11.6,9.72,17.62,58.4,114.4,140,88.8,32.38,16.9,11.7,8.44,6,11.29,9.65,16.69,52,103.9,129,76.6,28.68,15,11.19,8,4.9,99,5.167,99,5.679,102,7.837,122,4.9,263,61.146,1928295936,1676.779,22318.24,230,268,298,275049216,1653246720,239.173,1437.606,69,115,184
1992,5.3,22,5.5,23,5.899,26,7.218,29,5.3,224,48.601,1536871968,1336.41,17787.87,143,172,215,88093440,824420160,473601600,150756768,76.603,716.887,411.827,131.093,5.3,8.17,9.29,21.1,60.5,112,68.2,26.4,16.9,16.7,9.85,6.2,9.87,11.9,26.5,189,188,224,110,88.8,72.7,67.8,24.9,14.4,7.326,9.244,16.917,44.563,109,160.867,84.765,58.59,34.583,30.974,16.06,9.77,7.3,8.72,18.8,39.35,89.5,162,84.2,61.9,32.05,25.3,15.95,9.8,6.4,8.488,11.2,24.28,74,141.8,76.5,38.7,23.64,19.5,12.74,8,5.89,8.324,10.3,22.42,64.5,118,71.9,28.6,18.54,18,11.27,7,5.3,114,5.5,115,5.899,118,7.218,121,5.3,224,47.508,1502329248,1306.373,17388.07,219,256,287,204307488,1298021760,177.659,1128.715,104,95,199
1993,4,47,4.3,48,4.929,50,5.832,63,4,212,39.727,1252825056,1089.413,14500.29,141,175,221,56738016,625950720,459129600,111006720,49.337,544.305,399.243,96.528,7,4,5.6,10.8,35.2,65.9,61,37.9,16.9,13.6,5.6,7.7,9.8,7.8,10,33.2,212,180,105,101,52.9,35.2,16.8,15,8.636,5.847,7.267,21.56,117.929,98.073,76.023,64.516,31.91,18.652,12.33,10.861,8.7,6,6.6,18.65,121,94.2,74.9,67.4,26.55,17.1,13.3,10.8,8,5.02,6.2,15.92,48.8,77.42,68.1,55.3,20.64,15.4,9,9,7.9,4.7,6,14.73,38.7,72.86,65.2,46.8,18.54,14,7.28,8,4,139,4.3,140,4.929,142,5.832,155,4,212,40.987,1292575104,1123.978,14960.36,224,250,295,207494784,1085080320,180.43,943.548,179,23,202
1994,5.2,365,5.867,40,6.4,43,7.209,57,5.2,219,48.815,1539431136,1338.636,17817.49,141,176,209,69809472,776295360,598734720,94591584,60.704,675.039,520.639,82.254,7.13,5.4,7.93,24.8,60,83.9,93,36.1,23.3,11.5,8.3,5.2,10.3,8.72,19.6,96.7,193,219,198,112,46.4,52.2,13,13,9.009,7.232,10.523,50.74,110.852,134.21,125.287,64.123,35.27,16.413,10.43,8.81,9.16,7.2,10.2,41.3,103,131,119,62.3,34.2,14.3,10.6,9,8,6.48,9.15,29.76,78.8,97.14,110,45.4,31.5,12.6,9.412,7.6,7.7,6.152,8.8,26.96,68.7,92.44,106,40.4,29.45,12.1,8.79,6.1,5.4,131,5.867,132,6.4,135,7.209,149,5.4,219,49.336,1555846272,1352.91,18007.48,222,259,292,180816192,1375030080,157.231,1195.678,129,66,195
1995,5,65,5.217,67,5.464,69,7.071,27,5,225,51.154,1613184768,1402.769,18671.12,154,184,231,64749888,713802240,612887040,221745600,56.304,620.698,532.945,192.822,5.4,5.4,5,14.7,30.1,113,65.9,48.8,27.1,18.8,17,13.1,8.4,15.8,13.7,36.1,209,225,202,111,81,110,42.7,35,7.175,9.793,8.155,20.093,91.381,160.867,110.432,75.21,44.623,36.655,26.117,20.861,7.2,9.4,8.79,16.75,83.7,156.5,94.7,75.2,45.15,31.7,23.8,18.4,6.6,8.5,5.8,15.84,56.9,133,87.6,56.5,30.8,23.5,21.18,16,6,7.28,5.4,15.27,41.6,123,86.1,51.5,28.48,20.8,18.4,14.8,5,157,5.217,159,5.464,161,7.071,119,5,225,47.122,1486030752,1292.201,17199.43,237,264,298,159341472,1326689280,138.558,1153.643,63,106,169
1996,6.1,32,6.267,32,6.8,34,9.003,48,6.1,266,55.673,1760521824,1530.889,20376.41,157,187,221,86547744,717154560,785410560,171408960,75.259,623.613,682.966,149.051,6.2,6.1,7.4,11.6,31.1,101,106,49.5,24.8,19.9,16.9,7.3,16,13.2,19.9,49.9,137,266,256,124,95,70.9,29.4,16.7,11.213,9.731,11.997,35.52,72.897,165.833,166.742,83.79,44.13,31.387,21.23,12.065,11,10.2,12,40.55,77.7,159,153,85.2,40.4,29.7,19.8,12.9,8.5,7.6,9,20.3,35.7,136.4,145,63.8,30.98,23.3,19.18,9,8,7.168,7.8,12.46,33.5,120.9,128,58.2,27.25,22.1,18.84,7.8,6.1,124,6.267,124,6.8,126,9.003,140,6.1,266,57.265,1810858464,1574.66,20959.01,229,265,297,308293344,1502565120,268.081,1306.578,29,142,171
1997,4.5,27,4.633,27,5.343,30,6.936,41,4.5,316,67.054,2114608032,1838.79,24474.63,153,187,227,70971552,922354560,836550720,284731200,61.714,802.047,727.435,247.592,4.5,5.7,7,12.7,44.1,111,94.2,52.5,43.3,35.3,19.4,9.5,10.3,10.8,20.2,57.4,282,316,309,151,95.3,212,40.8,19,7.474,8.925,10.963,25.033,129.787,196.7,170.716,84.084,59.45,65.806,28.97,12.465,8,9.75,8.94,16.3,138,200.5,160,73.7,58.95,48,27.1,12,5.6,7,8.09,13.28,57.7,130.4,131,59.5,46.5,39.4,21.84,10.6,5,6.14,7.88,13.09,45.6,116.9,121,57.5,45.27,37.4,20.48,10,4.5,119,4.633,119,5.343,122,6.936,133,4.5,316,63.46,2001285792,1740.249,23163.03,232,261,294,242380512,1758905280,210.766,1529.483,28,194,222
1998,5.2,12,5.4,13,5.829,15,7.383,32,5.2,219,47.533,1499007168,1303.484,17349.62,138,171,212,73421856,778325760,544466880,102792672,63.845,676.805,473.449,89.385,5.2,7.71,7.92,14.2,84.7,94.5,72.3,38,20.8,13.1,9.61,6.51,10,9.75,18.8,87.1,219,186,131,103,60.6,29.1,14.6,22,7.474,9.021,11.791,30.81,144.274,120.387,102.787,63.181,38.557,17.358,11.731,9.668,7.6,9.165,11.8,21.75,154,115.5,104,56.5,37.7,16.6,11.35,9.57,6.3,8.8,8.13,18.78,109,105.6,91.4,45.4,26.96,14.6,10.84,7.2,5.8,8.46,7.98,16.5,95.2,97.57,83.1,42.4,24,13.7,9.991,6.8,5.2,104,5.4,105,5.829,107,7.383,124,5.2,219,53.302,1680945696,1461.692,19455.39,210,244,286,358153056,1322792640,311.437,1150.254,142,79,221
1999,6.21,41,6.467,72,6.524,52,6.647,70,6.21,345,66.68,2102812704,1828.533,24338.11,167,197,228,65336544,761996160,1033300800,242179200,56.814,662.605,898.522,210.591,7,6.21,6.28,11,40.3,83.7,100,97.2,26.7,21,20.6,14.2,11.6,8.1,17.6,66.4,203,345,291,300,86.5,40.4,143,28.6,9.303,6.957,8.807,27.907,78.939,184.503,171.806,168.465,47.037,25.606,46.473,19.839,9.4,6.745,6.83,15.75,57.9,181,176,142,43.5,24.6,33.3,19.6,7.3,6.53,6.66,12.1,45.1,123,132,114,39.92,22.7,24.02,16.1,7.2,6.468,6.56,11.83,41.5,93.66,120,104,30.94,22,22.38,14.9,6.21,133,6.467,164,6.524,144,6.647,162,6.21,345,62.26,1963426176,1707.327,22724.84,247,277,308,168129216,1795296960,146.199,1561.128,55,148,203
2000,6.1,348,6.27,349,6.43,353,8.479,85,6.1,233,56.781,1795563072,1561.359,20781.98,159,190,220,75066048,714640320,862263360,143593344,65.275,621.426,749.794,124.864,7.5,7.14,8.12,11.6,45.2,104,119,46.8,32,22,12.4,6.1,14.6,9.58,11.7,54,198,229,233,177,99.5,57.5,22.7,12.5,11.167,8.625,8.791,26.73,85.271,160.867,175.581,91.745,56.427,28.855,16.187,9.092,11.9,8.53,8.55,22.5,77.8,160.5,177,70.4,56.65,26.2,14.7,9.5,8.7,8.16,8.33,15.66,49.4,137.8,154,55.7,38.44,24.2,13.62,6.6,8.3,7.912,8.24,14.29,48.6,118.8,146,50.4,33.99,22.9,12.78,6.5,7.14,141,7.863,143,8.226,166,8.479,177,7.14,233,59.899,1894148928,1647.086,21923.02,231,270,300,317245248,1576903680,275.865,1371.221,28,98,126
2001,6.3,39,6.367,40,6.5,41,6.822,51,6.3,228,44.789,1412459424,1228.226,16347.91,152,185,224,59882976,605190528,616299840,131086080,52.072,526.253,535.913,113.988,6.5,6.3,6.45,8.44,32.7,79.7,73.3,50.3,26.6,14.2,13.2,7.45,9.7,7.4,11,90.3,228,203,164,105,81.4,25,63.7,16.4,7.66,6.945,8.424,21.264,88.81,120.45,116.561,75.387,39.423,16.665,22.01,10.977,7.5,7.05,8.01,11.6,56.7,123,117,79.9,36.7,16,18,11.1,6.95,6.55,6.9,9.632,37.5,95.72,86.9,57.1,30.84,14.6,14.86,7.7,6.75,6.47,6.55,9.013,35.9,87.28,83.2,54.9,29.89,14.4,13.85,7.6,6.1,74,6.27,75,6.43,79,6.822,143,6.1,228,45.185,1424966688,1239.101,16492.67,234,265,298,203476320,1221490368,176.936,1062.166,125,26,151
2002,5.8,69,5.85,70,6.021,70,6.468,82,5.8,308,54.311,1712764224,1489.36,19823.66,157,181,210,63450432,805635936,724973760,118704096,55.174,700.553,630.412,103.221,7.9,6.2,5.8,8.32,28.2,89.2,88.7,52.5,24.6,12.3,11.2,6.7,14.5,8.25,9.05,45.1,223,308,256,96.6,118,37.8,18.5,14.6,10.005,7.418,6.985,22.036,84.619,201.34,163.829,66.623,41.563,20.713,14.36,9.709,9.4,7.6,6.6,24.1,50,194.5,159,66.8,37.15,20.3,14.4,9.2,9,6.444,6.05,12.08,35.2,149.8,126,57.5,28.74,16.2,12.8,7.7,8,6.335,6,8.948,29.7,114.1,111,55.2,26.65,15.3,11.94,7.5,5.8,161,5.85,162,6.021,162,6.468,174,5.8,308,54.704,1725146208,1500.127,19966.97,241,268,292,194536512,1530609696,169.162,1330.965,108,60,168
2003,5.2,68,5.333,70,5.571,24,6.441,27,5.2,220,49.661,1566105408,1361.831,18126.22,153,181,229,62978688,725284800,541442880,236399040,54.764,630.682,470.82,205.564,5.4,5.8,5.2,14.8,40.7,109,80.7,42.2,21.8,17.4,14.7,8.35,8.6,8.5,23,93.2,220,210,144,93.5,52.3,212,38.5,14.3,6.597,6.988,10.604,34.42,82.61,160.033,106.406,62.858,33.983,55.7,22.297,10.984,6.5,6.95,11.4,27.65,55.7,155,103,60.1,28.95,29.9,20.4,11,5.8,6.24,6.62,18.3,47.3,136.4,91.9,51.1,23.66,20.3,17.24,9.5,5.5,5.97,5.6,16.02,45.3,123.2,90,45.5,22.65,19.2,15.92,9,5.2,160,5.333,162,5.571,116,6.441,119,5.2,220,45.929,1448410464,1259.487,16764.01,232,259,292,181682784,1266727680,157.985,1101.502,108,56,164
2004,4.5,37,4.547,38,4.589,41,5.284,57,4.5,226,52.029,1645278912,1430.677,19042.58,150,183,230,65515392,750340800,655292160,174130560,56.97,652.47,569.819,151.418,5.5,4.5,6.8,22.3,58.2,77,77.1,61.4,33.3,23.1,15.4,8.6,10.2,6.7,26.8,79.3,129,226,182,120,89.3,69.6,26.8,15.3,7.732,5.336,11.737,45.967,91.11,149.37,115.719,80.242,50.32,33.703,20.017,11.939,7.55,5.15,11,45,89.5,151.5,110,79.3,47.1,29.6,20.25,11.7,6.66,4.65,8.91,31.66,75.4,110,89.2,71.6,38.98,25.2,17.64,9.7,6.3,4.58,7.4,24.03,66.4,88.82,84.3,66.4,37.74,24,16.53,9.2,4.5,129,4.547,130,4.589,133,5.284,149,4.5,226,53.998,1707547392,1484.824,19763.28,214,262,295,301914432,1405632960,262.534,1222.29,74,88,162
2005,5.5,13,5.733,13,6.057,13,8.493,15,5.5,204,53.426,1684851840,1465.089,19500.6,137,174,218,152167680,772450560,555888960,204344640,132.32,671.696,483.382,177.691,5.5,11.3,11.6,13,61.1,84.5,76.8,40.1,19.7,30.5,14,6.9,131,21.3,18.8,144,191,204,161,102,142,79.9,34,18.4,29.103,14.346,14.752,44.13,112.235,137.907,113.113,59.765,35.823,44.077,22.66,10.287,16.3,12.55,14,20.35,107,137,108,57.5,28.35,39.7,21.35,9.2,6.1,11.84,13.2,14.26,75.7,120.8,95,47,24.84,34.5,18.08,7.8,6,11.77,12.1,13.1,69.3,104.95,87.2,43.3,20.85,33.3,17.45,7.3,5.5,105,5.733,105,6.057,105,8.493,107,5.5,204,52.468,1654637760,1438.815,19150.9,209,250,287,326298240,1328339520,283.738,1155.078,93,144,237
2006,4.1,48,4.317,49,4.636,50,6.702,70,4.1,280,46.898,1478971008,1286.062,17117.72,143,168,205,69522624,819624960,489015360,100808064,60.454,712.717,425.231,87.659,9.78,4.1,7.25,11.9,42.5,102,55.7,33.8,18.4,11.2,6,5.9,12.3,10.5,10.6,94,280,215,165,67,46.7,20.6,36.6,14.3,11.075,7.082,8.485,30.513,125.645,155.867,104.216,48.368,30.993,13.555,15.753,8.837,11.2,6.56,8.32,29.7,108,154,96.1,48.5,26.7,12.7,14.85,7.6,10.1,5.02,7.84,21.84,47.8,128.4,80.1,45.3,21.44,12,10.94,6.5,9.89,4.57,7.5,13.25,47,111.5,68.8,43,19.96,11.4,7.49,6.15,4.1,140,4.317,141,4.636,142,6.702,162,4.1,280,50.181,1582507584,1376.094,18316.06,221,250,281,273867264,1308640320,238.145,1137.948,149,69,218
2007,5.19,14,5.203,14,5.257,16,5.748,23,5.19,324,56.97,1796611104,1562.271,20794.11,152,178,206,74780064,876147840,687493440,158189760,65.026,761.868,597.82,137.556,5.19,5.8,7.63,17.8,46.1,122,88.1,35,19.7,22.4,12.2,7.6,7.6,8.44,26.5,55.4,181,324,261,78.3,52.2,52.7,31.2,11.9,5.988,6.896,15.703,33.447,106.394,194.633,171.294,54.452,31.967,29.132,21.417,9.203,5.75,6.425,16.9,32.5,107,189.5,174,52.8,30.35,27,22.95,8.7,5.37,6.02,8.38,21.54,56.2,144,131,44.4,21.1,24.2,15.9,8,5.22,5.882,7.93,19.02,48.8,130.9,111,40.1,20.57,23.4,15.6,7.65,5.19,106,5.203,106,5.257,108,5.748,115,5.19,324,55.151,1739229408,1512.373,20129.97,233,261,289,175588128,1563641280,152.685,1359.688,104,94,198
2008,4.79,26,4.833,27,4.957,30,5.301,53,4.79,282,53.273,1684609056,1464.877,19497.79,153,183,224,54070848,776559744,675984960,177993504,47.018,675.269,587.813,154.777,4.79,5.19,6.55,7.62,23.7,114,75.9,61.6,23.2,22.5,19,4.9,9.57,6.35,8.6,33.2,244,276,282,129,59.6,45.3,42.7,19.2,7.032,5.508,8.003,13.692,119.361,162.567,136.358,81.713,35.457,29.768,27.343,10.226,8.05,5.44,8.1,12.8,113,154,111,74.6,35,28,28.3,6.65,5.1,5.272,7.71,8.516,41.6,126.4,95.4,65.5,28.86,24.6,21.34,5.5,4.95,5.218,7.5,7.741,32,119.9,92.3,62.7,25.37,23,19.77,5.22,4.79,118,4.833,119,4.957,122,5.301,145,4.79,282,52.646,1664805312,1447.657,19268.58,235,265,293,212260608,1452544704,184.574,1263.082,128,84,212
2009,4.2,58,4.367,59,4.786,59,5.087,75,4.2,189,41.206,1299484512,1129.987,15040.33,156,183,222,49602240,589861440,542808000,117212832,43.132,512.923,472.007,101.924,5.4,4.2,4.35,8,21.4,87.9,81.1,41.9,19.2,12.7,15.5,5.4,9.8,7.85,9.35,32.6,167,189,134,110,71.4,67.5,23.1,14.4,6.693,5.822,6.568,17.417,67.345,140.563,101.313,61.948,40.713,19.584,18.127,6.636,6.25,5.85,5.95,17.75,51.5,139.5,102,60.3,40.2,17.5,17.95,6.3,5.68,4.8,5.2,11.306,38.4,116.4,91.4,47.7,30.8,13.1,16.88,5.78,5.6,4.57,4.8,8.285,36.7,102.41,87.2,44,25.28,12.9,16.26,5.57,4.2,150,4.367,151,4.786,151,5.087,167,4.2,189,43.134,1360265184,1182.839,15743.81,231,262,297,227595744,1132669440,197.909,984.93,195,10,205
2010,3,7,3.3,8,4.257,10,5.576,10,3,200,44.772,1411922880,1227.759,16341.7,154,185,227,67956192,607633920,570058560,166274208,59.092,528.377,495.703,144.586,3,6.4,9.49,11.1,29.2,82.3,87,27.7,26.2,21.2,9,6.68,11.2,9.43,15.4,94.1,193,200,168,90.3,164,64.8,34.5,11.2,7.17,7.706,11.242,30.973,69.252,131.893,108.023,59.281,47.05,33.323,20.583,8.838,7.3,7.45,10.5,20.15,59.5,123,99.6,61,35.6,28.6,22.55,8.55,5.5,6.69,10.2,11.7,33,101.6,94.1,42.8,29.5,23.4,11.08,7.5,4.2,6.535,9.91,11.48,30.1,92.4,88.2,35.4,27.93,22.6,9.675,7.2,3,99,3.3,100,4.257,102,5.576,102,3,200,43.216,1362861504,1185.097,15773.86,230,266,298,185169024,1177692480,161.017,1024.08,123,66,189
2011,5.86,56,5.917,57,6.224,58,7.68,17,5.86,307,54.194,1709050752,1486.131,19780.68,158,186,220,68462496,729328320,733423680,177836256,59.533,634.199,637.76,154.64,6.91,5.86,7.32,10.8,20.7,127,117,50.1,27.2,25.9,15.5,9.42,10.1,8.8,13.5,18.7,193,248,307,111,77.6,68.1,25,17.7,8.382,7.804,10.13,12.973,89.971,175.433,156.968,75.542,42.697,36.006,19.9,11.132,8.17,8.25,9.91,11.95,93.6,173.5,154,79.9,42.7,32.3,20.2,10.2,7.61,6.628,9.37,11.28,35.4,146.6,130,58.5,35.98,28.4,17.78,9.63,7.18,6.141,9.2,11,26.2,136,122,56.8,31.87,26.8,15.8,9.57,5.86,148,5.917,149,6.224,150,7.68,109,5.86,307,53.827,1697488704,1476.077,19646.86,237,266,295,234736704,1462752000,204.119,1271.958,55,73,128
2012,7.3,46,7.43,48,7.713,51,8.091,64,7.3,370,63.038,1993410432,1733.4,23071.88,157,184,213,70370208,891423360,841337280,190279584,61.191,775.151,731.598,165.461,8.6,7.3,8.39,11.8,59.5,137,122,44.2,26,16.8,18.6,9.61,10.3,9.97,11.6,107,157,370,282,134,46.2,74.3,52.5,19.7,9.475,8.191,9.136,37.3,98.335,205,200.968,81.219,32.997,28.645,28.267,15.042,9.32,8.06,9,26.1,91.9,197,215,79.4,33,24.1,24.4,14.9,9.15,7.656,8.76,12.64,68.9,165.6,143,57.3,27.68,19.3,21.36,11.5,9.13,7.4,8.55,12.18,61.9,143.8,128,47.8,27.39,17.7,19.26,11.1,7.3,138,7.43,140,7.713,143,8.091,156,7.3,370,62.644,1980967104,1722.58,22927.86,234,267,292,248206464,1732760640,215.832,1506.748,25,143,168
2013,5.35,340,5.543,341,6.323,343,7.192,31,5.35,270,52.274,1648522368,1433.498,19080.12,145,177,214,73504800,821145600,645520320,108351648,63.917,714.04,561.322,94.219,6.57,6.96,8.26,21.1,29.9,95.7,66.5,46.8,23.8,14.1,6.95,5.35,8.79,9.2,20.7,41.8,238,221,270,87.1,80.6,32.8,15.8,12.1,7.233,8.568,12.473,29.053,120.606,163.12,123.974,69.026,49.61,20.21,11.282,9.326,6.86,8.635,12,28.1,119,169,110,74.3,54.4,18,12,9.62,6.69,8.404,9.58,22.46,89.5,137.4,89.9,58.2,35.06,16,8.55,7.9,6.62,7.794,9.41,22.17,40.4,121.3,78.1,50.2,28.2,15.1,7.331,5.97,6.57,96,6.633,114,6.701,119,7.192,123,6.57,270,54.872,1730450304,1504.739,20028.36,224,260,290,263784384,1466665920,229.378,1275.362,104,85,189
2014,5.16,5,5.217,36,5.241,38,6.154,41,5.16,221,55.876,1762116768,1532.275,20394.87,154,186,232,55182816,762132672,684054720,260746560,47.985,662.724,594.83,226.736,5.16,5.2,6.12,8.99,43.4,126,82.4,44.8,24.9,28.4,20.5,11.1,9.29,11.9,9.55,29,221,197,214,89.7,92.1,55.6,78.6,33.4,6.714,7.634,6.994,18.556,110.881,160.9,140.981,67.526,48.453,39.216,37.687,21.665,6.18,6.525,6.87,17.85,128,159.5,146,68.4,45.45,37.8,32.55,20.9,5.51,5.268,6.67,10.98,57.9,142.8,101,54.6,30.3,31.7,25.12,18.9,5.4,5.237,6.6,9.462,48.4,139,96,48.9,27.39,30.5,22.51,17.4,5.16,97,5.217,128,5.241,130,6.154,133,5.16,221,51.044,1609721856,1399.758,18631.04,236,265,294,163534464,1446187392,142.204,1257.554,89,123,212
