"","Y1964","Y1965","Y1966","Y1967","Y1968","Y1969","Y1970","Y1971","Y1972","Y1973","Y1974","Y1975","Y1976","Y1977","Y1978","Y1979","Y1980","Y1981","Y1982","Y1983","Y1984","Y1985","Y1986","Y1987","Y1988","Y1989","Y1990","Y1991","Y1992","Y1993","Y1994","Y1995","Y1996","Y1997","Y1998","Y1999","Y2000","Y2001","Y2002","Y2003","Y2004","Y2005","Y2006","Y2007","Y2008","Y2009","Y2010","Y2011","Y2012","Y2013","Y2014"
"ANNUAL_MIN_01Day_SW",3.94,7.36,5.66,6.46,6.17,4.42,6.51,7.11,5.95,3.99,7.11,5.52,6.37,7.22,5.61,6.74,6.23,7.8,4.5,6.5,6.6,5.25,5.5,6.4,3.18,4.5,6.3,4.9,5.3,4,5.2,5,6.1,4.5,5.2,6.21,6.1,6.3,5.8,5.2,4.5,5.5,4.1,5.19,4.79,4.2,3,5.86,7.3,5.35,5.16
"ANNUAL_MINDOY_01Day_SW",84,37,62,72,366,22,335,76,344,39,12,56,74,56,30,46,66,44,40,36,19,33,44,16,32,34,49,7,22,47,365,65,32,27,12,41,348,39,69,68,37,13,48,14,26,58,7,56,46,340,5
"ANNUAL_MIN_03Day_SW",4.59666666666667,7.4,5.66,6.83333333333333,6.68,4.58666666666666,6.53,7.14,6.13666666666666,4.15999999999999,7.10999999999999,5.56666666666665,6.56666666666665,7.23999999999999,5.67999999999998,7.05999999999998,6.30666666666665,8.13333333333332,4.59999999999998,6.54333333333332,6.76666666666664,5.28333333333331,5.54999999999998,6.53333333333331,3.62666666666664,4.56666666666664,6.64999999999997,5.16666666666664,5.49999999999997,4.29999999999997,5.86666666666663,5.21666666666663,6.26666666666664,4.6333333333333,5.39999999999997,6.46666666666663,6.26999999999997,6.36666666666664,5.84999999999996,5.3333333333333,4.54666666666662,5.73333333333329,4.31666666666662,5.20333333333329,4.83333333333329,4.36666666666662,3.29999999999995,5.91666666666662,7.42999999999995,5.54333333333329,5.21666666666662
"ANNUAL_MINDOY_03Day_SW",84,89,64,73,366,23,336,86,345,40,14,57,65,58,65,54,67,45,40,37,357,34,46,60,34,35,51,7,23,48,40,67,32,27,13,72,349,40,70,70,38,13,49,14,27,59,8,57,48,341,36
"ANNUAL_MIN_07Day_SW",5.07571428571429,7.54,5.86428571428571,7.20714285714285,8.6,4.87857142857142,6.6342857142857,7.14857142857142,6.45285714285713,4.47857142857142,7.13571428571428,5.77428571428571,6.82571428571428,7.35142857142856,5.7842857142857,7.2242857142857,6.40571428571427,8.59999999999998,4.71428571428569,6.69428571428569,6.88571428571427,5.41714285714284,5.59285714285712,6.61285714285712,4.3185714285714,5.03571428571425,7.20714285714282,5.6785714285714,5.8985714285714,4.9285714285714,6.39999999999997,5.46428571428569,6.79999999999997,5.34285714285712,5.8285714285714,6.52428571428569,6.42999999999998,6.49999999999998,6.02142857142854,5.57142857142854,4.5885714285714,6.05714285714283,4.63571428571426,5.25714285714283,4.95714285714283,4.78571428571425,4.25714285714283,6.22428571428568,7.71285714285711,6.32285714285711,5.24142857142853
"ANNUAL_MINDOY_07Day_SW",84,91,68,75,53,25,336,89,348,44,14,59,90,62,67,58,70,46,42,40,359,35,50,61,37,39,51,10,26,50,43,69,34,30,15,52,353,41,70,24,41,13,50,16,30,59,10,58,51,343,38
"ANNUAL_MIN_30Day_SW",5.556,8.195,7.06666666666667,7.56066666666667,9.26333333333333,5.672,7.871,7.39633333333333,8.025,5.80533333333333,7.96966666666667,6.27266666666666,6.944,7.779,6.602,7.52133333333334,6.81,10.5266666666667,5.31,7.992,8.18566666666667,6.00333333333334,6.10066666666667,7.30266666666667,5.90100000000001,5.91466666666667,7.90600000000001,7.83700000000001,7.21766666666667,5.83200000000001,7.20900000000001,7.07066666666667,9.00333333333334,6.93600000000001,7.38266666666668,6.64733333333334,8.47900000000001,6.82233333333334,6.46800000000001,6.44066666666668,5.28433333333335,8.49333333333334,6.70233333333335,5.74766666666668,5.30100000000001,5.08666666666668,5.57566666666668,7.68033333333335,8.09133333333334,7.19233333333334,6.15433333333334
"ANNUAL_MINDOY_30Day_SW",89,61,82,82,9,38,42,96,63,56,17,95,91,78,75,63,77,62,44,52,366,53,55,63,37,83,63,30,29,63,57,27,48,41,32,70,85,51,82,27,57,15,70,23,53,75,10,17,64,31,41
"ANNUAL_MIN_DAILY_SW",3.94,7.36,5.66,6.46,6.17,4.42,6.51,7.11,5.95,3.99,7.11,5.52,6.37,7.22,5.61,6.74,6.23,7.8,4.5,6.5,6.6,5.25,5.5,6.4,3.18,4.5,6.3,4.9,5.3,4,5.2,5,6.1,4.5,5.2,6.21,6.1,6.3,5.8,5.2,4.5,5.5,4.1,5.19,4.79,4.2,3,5.86,7.3,5.35,5.16
"ANNUAL_MAX_DAILY_SW",314,219,214,334,326,245,242,254,360,241,328,246,275,246,205,225,225,234,272,436,309,277,341,284,214,271,263,263,224,212,219,225,266,316,219,345,233,228,308,220,226,204,280,324,282,189,200,307,370,270,221
"ANNUAL_MEAN_DAILY_SW",56.6184972677596,50.7575616438356,57.6197534246575,59.815397260274,59.81,54.2929589041096,43.7383835616438,52.9758904109589,62.8085245901639,43.7198356164384,57.8005753424658,50.9128219178082,63.5240710382514,43.6161369863014,52.8895342465753,48.0087397260274,51.8782786885246,54.9983561643836,56.0207397260274,53.4592602739726,51.6712295081967,50.3081095890411,52.9857260273973,51.2456438356164,52.1238797814208,46.6092054794521,56.3987945205479,58.5770136986301,48.600737704918,39.7268219178082,48.8150410958904,51.1537534246575,55.6732513661202,67.0537808219178,47.5332054794521,66.6797534246575,56.7813661202186,44.7887945205479,54.311397260274,49.6608767123288,52.0289071038251,53.426301369863,46.8978630136986,56.9701643835616,53.272650273224,41.2063835616438,44.7717808219178,54.1936438356164,63.0379234972678,52.274301369863,55.8763561643836
"ANNUAL_TOTALQ_DAILY_SW",1790412768,1600690464,1817096544,1886338368,1891335744,1712182752,1379333664,1670647680,1986156288,1378748736,1822798944,1605586752,2008783584,1375478496,1667924352,1514003616,1640515680,1734428160,1766670048,1685891232,1633968288,1586516544,1670957856,1616082624,1648282176,1469867904,1778592384,1847284704,1536871968,1252825056,1539431136,1613184768,1760521824,2114608032,1499007168,2102812704,1795563072,1412459424,1712764224,1566105408,1645278912,1684851840,1478971008,1796611104,1684609056,1299484512,1411922880,1709050752,1993410432,1648522368,1762116768
"ANNUAL_YIELDMM_DAILY_SW",1556.88066782609,1391.90475130435,1580.08395130435,1640.29423304348,1644.6397773913,1488.85456695652,1199.4205773913,1452.73711304348,1727.09242434783,1198.91194434783,1585.04256,1396.16239304348,1746.76833391304,1196.0682573913,1450.36900173913,1316.52488347826,1426.53537391304,1508.1984,1536.23482434783,1465.99237565217,1420.84198956522,1379.57960347826,1453.00683130435,1405.28923826087,1433.28884869565,1278.14600347826,1546.60207304348,1606.33452521739,1336.41040695652,1089.41309217391,1338.63577043478,1402.76936347826,1530.8885426087,1838.78959304348,1303.48449391304,1828.53278608696,1561.35919304348,1228.22558608696,1489.36019478261,1361.83078956522,1430.67731478261,1465.08855652174,1286.06174608696,1562.27052521739,1464.87744,1129.98653217391,1227.75902608696,1486.13108869565,1733.40037565217,1433.49771130435,1532.27545043478
"ANNUAL_CUMQ_DAILY_SW",20722.37,18526.51,21031.21,21832.62,21890.46,19816.93,15964.51,19336.2,22987.92,15957.74,21097.21,18583.18,23249.81,15919.89,19304.68,17523.19,18987.45,20074.4,20447.57,19512.63,18911.67,18362.46,19339.79,18704.66,19077.34,17012.36,20585.56,21380.61,17787.87,14500.29,17817.49,18671.12,20376.41,24474.63,17349.62,24338.11,20781.98,16347.91,19823.66,18126.22,19042.58,19500.6,17117.72,20794.11,19497.79,15040.33,16341.7,19780.68,23071.88,19080.12,20394.87
"ANNUAL_Date_25P_CUMQ_DAILY_SW",164,155,154,159,157,148,155,150,155,155,163,162,164,150,159,155,139,146,164,152,165,147,151,138,149,152,154,152,143,141,141,154,157,153,138,167,159,152,157,153,150,137,143,152,153,156,154,158,157,145,154
"ANNUAL_Date_50P_CUMQ_DAILY_SW",192,187,187,183,188,174,178,182,181,185,183,188,197,178,191,185,173,187,186,190,193,177,175,171,180,180,185,185,172,175,176,184,187,187,171,197,190,185,181,181,183,174,168,178,183,183,185,186,184,177,186
"ANNUAL_Date_75P_CUMQ_DAILY_SW",230,227,221,220,228,220,215,219,215,221,214,226,230,220,240,223,218,224,225,222,226,214,212,209,223,225,223,218,215,221,209,231,221,227,212,228,220,224,210,229,230,218,205,206,224,222,227,220,213,214,232
"JFM_TOTALQ_DAILY_SW",56288736,70140384,79514784,68956704,82280448,51419232,62694432,77351328,77931936,51871104,69841440,52354080,63101376,63027936,62459424,67093056,62199360,102677760,53106624,75861792,80593920,51768288,72791136,74520000,54719712,57391200,71889984,77823936,88093440,56738016,69809472,64749888,86547744,70971552,73421856,65336544,75066048,59882976,63450432,62978688,65515392,152167680,69522624,74780064,54070848,49602240,67956192,68462496,70370208,73504800,55182816
"AMJ_TOTALQ_DAILY_SW",672632640,653961600,752492160,851330304,781125120,898274880,673986528,757723680,936014400,606869280,814639680,633337056,694655136,664873920,635904000,655044192,852495840,705447360,760668192,681670080,606795840,794153376,850495680,873400320,801429984,691866144,761754240,783276480,824420160,625950720,776295360,713802240,717154560,922354560,778325760,761996160,714640320,605190528,805635936,725284800,750340800,772450560,819624960,876147840,776559744,589861440,607633920,729328320,891423360,821145600,762132672
"JAS_TOTALQ_DAILY_SW",829267200,667733760,824091840,821309760,835341120,582940800,541961280,702838080,848888640,572849280,849165120,722226240,1116288000,545970240,785661120,668027520,548112960,763940160,819918720,758263680,816600960,583234560,630460800,570784320,607322880,556822080,747722880,869970240,473601600,459129600,598734720,612887040,785410560,836550720,544466880,1033300800,862263360,616299840,724973760,541442880,655292160,555888960,489015360,687493440,675984960,542808000,570058560,733423680,841337280,645520320,684054720
"OND_TOTALQ_DAILY_SW",232224192,208854720,160997760,144741600,192589056,179547840,100691424,132734592,123321312,147159072,89152704,197669376,134739072,101606400,183899808,123838848,177707520,162362880,132976512,170095680,129977568,157360320,117210240,97377984,184809600,163788480,197225280,116214048,150756768,111006720,94591584,221745600,171408960,284731200,102792672,242179200,143593344,131086080,118704096,236399040,174130560,204344640,100808064,158189760,177993504,117212832,166274208,177836256,190279584,108351648,260746560
"JFM_YIELDMM_DAILY_SW",48.9467269565217,60.9916382608696,69.1432904347826,59.9623513043478,71.5482156521739,44.7123756521739,54.5168973913043,67.2620243478261,67.7669008695652,45.105307826087,60.7316869565217,45.5252869565217,54.8707617391304,54.8069008695652,54.3125426086957,58.3417878260869,54.0864,89.2850086956522,46.1796730434783,65.9667756521739,70.0816695652174,45.0159026086957,63.29664,64.8,47.5823582608695,49.9053913043478,62.5130295652174,67.672987826087,76.6029913043478,49.3374052173913,60.7038886956522,56.3042504347826,75.258907826087,61.7143930434783,63.845092173913,56.8143860869565,65.2748243478261,52.0721530434782,55.1742886956522,54.7640765217391,56.9699060869565,132.31972173913,60.4544556521739,65.0261426086957,47.0181286956522,43.1323826086957,59.0923408695652,59.5326052173913,61.1914852173913,63.9172173913043,47.9850573913043
"AMJ_YIELDMM_DAILY_SW",584.897947826087,568.662260869565,654.341008695652,740.287220869565,679.239234782609,781.108591304348,586.07524173913,658.890156521739,813.925565217391,527.712417391304,708.382330434783,550.727874782609,604.047944347826,578.151234782609,552.96,569.603645217391,741.300730434783,613.432486956522,661.450601739131,592.756591304348,527.648556521739,690.568153043478,739.561460869565,759.478539130435,696.89563826087,601.622733913043,662.394991304348,681.109982608696,716.887095652174,544.304973913043,675.039443478261,620.6976,623.612660869565,802.047443478261,676.805008695652,662.605356521739,621.426365217391,526.252633043478,700.552987826087,630.682434782609,652.470260869565,671.696139130435,712.717356521739,761.867686956522,675.269342608696,512.922991304348,528.37732173913,634.198539130435,775.150747826087,714.039652173913,662.724062608696
"JAS_YIELDMM_DAILY_SW",721.101913043478,580.638052173913,716.6016,714.1824,726.383582608696,506.905043478261,471.27067826087,611.163547826087,738.164034782609,498.129808695652,738.404452173913,628.022817391304,970.685217391304,474.756730434783,683.183582608696,580.893495652174,476.619965217391,664.295791304348,712.9728,659.35972173913,710.087791304348,507.160486956522,548.226782608696,496.334191304348,528.106852173913,484.193113043478,650.193808695652,756.495860869565,411.82747826087,399.243130434783,520.638886956522,532.945252173913,682.965704347826,727.435408695652,473.449460869565,898.522434782609,749.794226086957,535.912904347826,630.411965217391,470.819895652174,569.819269565217,483.381704347826,425.230747826087,597.820382608696,587.813008695652,472.006956521739,495.703095652174,637.759721739131,731.597634782609,561.322017391304,594.830191304348
"OND_YIELDMM_DAILY_SW",201.93408,181.6128,139.998052173913,125.862260869565,167.468744347826,156.128556521739,87.55776,115.421384347826,107.235923478261,127.964410434783,77.5240904347826,171.886413913044,117.164410434783,88.3533913043478,159.912876521739,107.685954782609,154.52827826087,141.185113043478,115.631749565217,147.909286956522,113.023972173913,136.835060869565,101.921947826087,84.6765078260869,160.704,142.424765217391,171.500243478261,101.055693913044,131.09284173913,96.5275826086957,82.2535513043478,192.822260869565,149.051269565217,247.592347826087,89.384932173913,210.590608695652,124.863777391304,113.987895652174,103.220953043478,205.564382608696,151.41787826087,177.690991304348,87.6591860869565,137.556313043478,154.77696,101.92420173913,144.586267826087,154.640222608696,165.460507826087,94.2188243478261,226.736139130435
"JAN_MIN_DAILY_SW",7.93,8.64,9.2,8.13,9.06,4.42,6.65,9.34,7.93,5.41,7.11,5.66,7.08,7.42,5.61,7.93,8.17,12.5,5.3,7.66,6.6,5.37,6.6,6.4,4.2,6.7,7.85,4.9,5.3,7,7.13,5.4,6.2,4.5,5.2,7,7.5,6.5,7.9,5.4,5.5,5.5,9.78,5.19,4.79,5.4,3,6.91,8.6,6.57,5.16
"FEB_MIN_DAILY_SW",5.32,7.36,6.91,7.62,8.5,5.8,6.94,9.34,7.65,3.99,8.38,5.52,7.25,7.22,6.8,6.74,6.65,7.8,4.5,6.5,8.23,5.25,5.5,6.5,3.18,4.5,6.3,9.3,8.17,4,5.4,5.4,6.1,5.7,7.71,6.21,7.14,6.3,6.2,5.8,4.5,11.3,4.1,5.8,5.19,4.2,6.4,5.86,7.3,6.96,5.2
"MAR_MIN_DAILY_SW",3.94,7.36,5.66,6.46,10.8,6.23,7.59,7.11,8.07,6.88,7.7,5.66,6.37,7.31,5.66,7.67,6.23,11.3,6.93,8.83,8.05,6.08,9.45,6.5,7.3,4.8,7,9.44,9.29,5.6,7.93,5,7.4,7,7.92,6.28,8.12,6.45,5.8,5.2,6.8,11.6,7.25,7.63,6.55,4.35,9.49,7.32,8.39,8.26,6.12
"APR_MIN_DAILY_SW",11,7.7,14.2,7.99,11.5,12.6,8.64,7.19,12.9,8.21,12,6.26,7.19,8.21,16.5,8.41,8.4,13.6,7.95,15.4,13.7,7.79,18.4,13.2,8.51,8.46,20.5,12.6,21.1,10.8,24.8,14.7,11.6,12.7,14.2,11,11.6,8.44,8.32,14.8,22.3,13,11.9,17.8,7.62,8,11.1,10.8,11.8,21.1,8.99
"MAY_MIN_DAILY_SW",21.5,32.8,24.7,23.6,41.1,49.3,16,50.7,21.2,22.9,45,22.7,47.9,56.4,43.9,53.5,111,55,24.3,54,23.7,27.8,26.4,66,42.3,55.3,43.6,43.6,60.5,35.2,60,30.1,31.1,44.1,84.7,40.3,45.2,32.7,28.2,40.7,58.2,61.1,42.5,46.1,23.7,21.4,29.2,20.7,59.5,29.9,43.4
"JUN_MIN_DAILY_SW",115,91.2,117,158,118,117,103,96.6,158,79.6,80.7,94.6,62.6,80.4,77.3,97.7,87.1,88.5,96.4,88.9,71.2,79.8,113,78.9,90.2,86.3,101,91.7,112,65.9,83.9,113,101,111,94.5,83.7,104,79.7,89.2,109,77,84.5,102,122,114,87.9,82.3,127,137,95.7,126
"JUL_MIN_DAILY_SW",101,88.9,115,110,110,69.1,67.4,77,136,84.4,125,81.6,125,63.1,96.6,91.5,77.3,104,99.6,99.7,101,76.1,68.5,70.1,86,80.2,108,111,68.2,61,93,65.9,106,94.2,72.3,100,119,73.3,88.7,80.7,77.1,76.8,55.7,88.1,75.9,81.1,87,117,122,66.5,82.4
"AUG_MIN_DAILY_SW",47,43,55.5,54.4,53.5,37.4,47,59.5,65.7,31.1,68.2,47.9,99.1,41.1,46.4,60.5,28.7,53.4,74.9,57.3,55.7,40.2,54,43.9,50.1,49.7,39,55.6,26.4,37.9,36.1,48.8,49.5,52.5,38,97.2,46.8,50.3,52.5,42.2,61.4,40.1,33.8,35,61.6,41.9,27.7,50.1,44.2,46.8,44.8
"SEP_MIN_DAILY_SW",29.2,21.2,39.4,36.8,48.7,29.7,15.4,19,21.1,23.2,20,21.6,54.1,18.6,45.6,26.8,28,20.7,30.8,22.5,27.2,19.9,17.2,23.1,19.6,23.5,25.7,26.4,16.9,16.9,23.3,27.1,24.8,43.3,20.8,26.7,32,26.6,24.6,21.8,33.3,19.7,18.4,19.7,23.2,19.2,26.2,27.2,26,23.8,24.9
"OCT_MIN_DAILY_SW",27,21.5,19,17.7,27.6,23.2,13.5,16.4,15.1,16.9,10.8,16.7,15.8,13.9,22.5,15.8,17.5,16.7,20.1,18.2,15.3,14.5,13,11.8,20.2,16.7,17.2,13.3,16.7,13.6,11.5,18.8,19.9,35.3,13.1,21,22,14.2,12.3,17.4,23.1,30.5,11.2,22.4,22.5,12.7,21.2,25.9,16.8,14.1,28.4
"NOV_MIN_DAILY_SW",16.4,17,14.4,10.3,18.4,13.5,6.57,12.9,9.2,15.5,9.54,17.8,9.34,8.07,12.5,9.2,14.6,16,11.8,18.7,12.2,10.5,10.6,8.78,16.1,17.7,18,10,9.85,5.6,8.3,17,16.9,19.4,9.61,20.6,12.4,13.2,11.2,14.7,15.4,14,6,12.2,19,15.5,9,15.5,18.6,6.95,20.5
"DEC_MIN_DAILY_SW",9.77,11.8,10.1,7.67,6.17,9,6.51,7.65,5.95,7.28,7.33,8.64,8.78,7.93,7.6,9.93,12.9,10.4,8.9,11.5,6.7,8.8,8.7,7.4,9.4,10.3,7.8,7.1,6.2,7.7,5.2,13.1,7.3,9.5,6.51,14.2,6.1,7.45,6.7,8.35,8.6,6.9,5.9,7.6,4.9,5.4,6.68,9.42,9.61,5.35,11.1
"JAN_MAX_DAILY_SW",11.6,11,21.1,12.5,10.5,6.74,9.06,13.6,9.2,7.79,11,8.5,9.91,10.5,8.92,10.9,10,20.4,9.4,10.5,16.2,8.3,9.33,10.4,7.4,12.8,11.5,11.3,9.87,9.8,10.3,8.4,16,10.3,10,11.6,14.6,9.7,14.5,8.6,10.2,131,12.3,7.6,9.57,9.8,11.2,10.1,10.3,8.79,9.29
"FEB_MAX_DAILY_SW",7.79,8.78,9.91,9.51,10.8,7.87,9.15,13.9,9.34,7.14,10.6,7.33,12.4,8.92,8.35,8.27,8.17,12.9,8.6,10.1,11.3,6.75,10.3,8.1,8.15,10.3,9.55,14.5,11.9,7.8,8.72,15.8,13.2,10.8,9.75,8.1,9.58,7.4,8.25,8.5,6.7,21.3,10.5,8.44,6.35,7.85,9.43,8.8,9.97,9.2,11.9
"MAR_MAX_DAILY_SW",8.55,10.3,13,9.29,14.4,10.5,9.29,9.63,19.5,8.1,12.1,10.1,7.67,8.5,24.6,10.9,8.65,17.5,8.24,15.9,14.3,7.7,23.2,21.3,10.2,8.76,15.7,11.7,26.5,10,19.6,13.7,19.9,20.2,18.8,17.6,11.7,11,9.05,23,26.8,18.8,10.6,26.5,8.6,9.35,15.4,13.5,11.6,20.7,9.55
"APR_MAX_DAILY_SW",21.1,79.3,36.8,22.7,48.4,91.2,16.2,63.1,21.9,25.5,72.8,22.6,37.4,110,94,62,187,85.4,30.2,79.9,47.6,62.1,48.1,151,122,66.6,83.1,78.7,189,33.2,96.7,36.1,49.9,57.4,87.1,66.4,54,90.3,45.1,93.2,79.3,144,94,55.4,33.2,32.6,94.1,18.7,107,41.8,29
"MAY_MAX_DAILY_SW",147,201,193,153,177,207,155,190,343,176,141,129,179,121,130,225,225,234,161,236,154,277,341,284,214,152,171,249,188,212,193,209,137,282,219,203,198,228,223,220,129,191,280,181,244,167,193,193,157,238,221
"JUN_MAX_DAILY_SW",212,219,210,334,326,245,242,254,360,241,328,244,250,246,205,202,195,189,272,211,309,206,321,245,213,271,263,239,224,180,219,225,266,316,186,345,229,203,308,210,226,204,215,324,276,189,200,248,370,221,197
"JUL_MAX_DAILY_SW",314,191,214,221,275,150,160,186,246,167,235,246,275,140,197,195,154,199,210,436,191,183,199,189,186,148,222,263,110,105,198,202,256,309,131,291,233,164,256,144,182,161,165,261,282,134,168,307,282,270,214
"AUG_MAX_DAILY_SW",141,167,157,113,168,102,97.1,156,165,116,183,114,206,102,114,96.8,94.2,123,132,146,223,95.5,111,102,102,97.9,123,193,88.8,101,112,111,124,151,103,300,177,105,96.6,93.5,120,102,67,78.3,129,110,90.3,111,134,87.1,89.7
"SEP_MAX_DAILY_SW",126,53.2,65.7,104,90.9,72.5,67.7,90.9,62.9,61.4,96.6,52.4,136,72.8,161,91.3,102,89.9,135,105,100,61.2,79.4,65,75.6,60.8,61.4,114,72.7,52.9,46.4,81,95,95.3,60.6,86.5,99.5,81.4,118,52.3,89.3,142,46.7,52.2,59.6,71.4,164,77.6,46.2,80.6,92.1
"OCT_MAX_DAILY_SW",75,76.5,61.2,66.3,48.1,64.6,36,56.1,47.3,44.2,32.6,82.7,60,18.1,65.1,34.2,69.5,47,34.2,61.7,44.3,63.8,57.2,28.1,63.2,41.9,61.5,48.8,67.8,35.2,52.2,110,70.9,212,29.1,40.4,57.5,25,37.8,212,69.6,79.9,20.6,52.7,45.3,67.5,64.8,68.1,74.3,32.8,55.6
"NOV_MAX_DAILY_SW",46.7,52.4,25.6,51.3,35.7,32.3,13.4,16.4,15.7,25.8,10.7,83.5,17.9,15.3,58.3,16.8,32.2,43.5,21.4,49.7,18.5,31.2,19.5,19.4,45.5,77.3,82.5,15.7,24.9,16.8,13,42.7,29.4,40.8,14.6,143,22.7,63.7,18.5,38.5,26.8,34,36.6,31.2,42.7,23.1,34.5,25,52.5,15.8,78.6
"DEC_MAX_DAILY_SW",19.2,19.3,14.6,11.8,17.1,14.9,11,12.6,12.9,15.3,10.2,27.5,12.2,13.4,16,17.3,32.8,16.7,11.8,18.2,12.1,13,12.1,13.6,15.8,17.3,24.2,11.6,14.4,15,13,35,16.7,19,22,28.6,12.5,16.4,14.6,14.3,15.3,18.4,14.3,11.9,19.2,14.4,11.2,17.7,19.7,12.1,33.4
"JAN_MEAN_DAILY_SW",9.11645161290323,10.2116129032258,14.3461290322581,10.4512903225806,9.64032258064516,5.77161290322581,8.06,10.8048387096774,8.60935483870968,6.75193548387097,8.65709677419355,7.29870967741935,8.42838709677419,8.41612903225806,7.55870967741935,9.56645161290323,8.99709677419355,15.0838709677419,6.44838709677419,9.07129032258065,11.0193548387097,6.92548387096774,7.86225806451613,7.98774193548387,6.21129032258064,9.49870967741935,9.88645161290323,7.87451612903226,7.3258064516129,8.6358064516129,9.00870967741936,7.17483870967742,11.2129032258065,7.47354838709677,7.47354838709677,9.30322580645161,11.1667741935484,7.66032258064516,10.0048387096774,6.59741935483871,7.73193548387097,29.1032258064516,11.0754838709677,5.98838709677419,7.03193548387097,6.69258064516129,7.17,8.38193548387097,9.47451612903226,7.23258064516129,6.71354838709677
"FEB_MEAN_DAILY_SW",6.66965517241379,8.20607142857143,8.40821428571429,8.42357142857143,9.60931034482759,7.05964285714286,7.87678571428571,11.4025,8.08655172413793,5.86785714285714,9.71214285714286,6.21464285714286,8.73241379310345,7.84392857142857,7.30035714285714,7.54107142857143,7.39068965517241,10.4142857142857,6.48571428571429,8.15,9.0448275862069,6.185,6.46857142857143,7.42607142857143,6.47137931034483,6.2425,8.02428571428571,12.2857142857143,9.24413793103448,5.84678571428571,7.23214285714286,9.79321428571428,9.73137931034483,8.925,9.02107142857143,6.95714285714286,8.6251724137931,6.94535714285714,7.4175,6.98821428571429,5.33551724137931,14.3464285714286,7.08214285714286,6.89571428571429,5.50827586206897,5.82214285714286,7.70607142857143,7.80392857142857,8.19068965517241,8.5675,7.63392857142857
"MAR_MEAN_DAILY_SW",5.66,8.56387096774194,7.74677419354839,7.6858064516129,12.0903225806452,7.04967741935484,8.23290322580645,7.7758064516129,12.9222580645161,7.31451612903226,8.64645161290323,6.63483870967742,6.96193548387097,8.03096774193548,9.16709677419355,8.67193548387097,7.31161290322581,13.8451612903226,7.52129032258065,11.8909677419355,10.6096774193548,6.81612903225806,13.4722580645161,13.1274193548387,8.16483870967742,6.29032258064516,9.70645161290323,10.0848387096774,16.9167741935484,7.26677419354839,10.5229032258065,8.15451612903226,11.9967741935484,10.9629032258065,11.7909677419355,8.80677419354839,8.79096774193548,8.4241935483871,6.98516129032258,10.6041935483871,11.7374193548387,14.7516129032258,8.48451612903226,15.7029032258065,8.00290322580645,6.56806451612903,11.2416129032258,10.1303225806452,9.13645161290323,12.4725806451613,6.9941935483871
"APR_MEAN_DAILY_SW",14.4466666666667,30.5166666666667,24.9733333333333,14.662,15.06,38.4666666666667,11.6356666666667,21.8716666666667,14.88,16.0083333333333,28.7833333333333,11.1163333333333,18.9096666666667,31.7166666666667,28.5,17.3576666666667,50.7016666666667,27.8866666666667,13.9576666666667,31.8133333333333,24.9366666666667,28.6696666666667,29.7933333333333,37.59,45.1136666666667,28.6603333333333,44.4966666666667,33.6166666666667,44.5633333333333,21.56,50.74,20.0933333333333,35.52,25.0333333333333,30.81,27.9066666666667,26.73,21.264,22.0363333333333,34.42,45.9666666666667,44.13,30.5133333333333,33.4466666666667,13.692,17.4166666666667,30.9733333333333,12.9733333333333,37.3,29.0533333333333,18.556
"MAY_MEAN_DAILY_SW",69.958064516129,76.7354838709677,100.264516129032,78.1129032258064,97.8709677419355,116.796774193548,76.2161290322581,112.822580645161,116.906451612903,84.6516129032258,75.3451612903226,69.8774193548387,111.364516129032,77.5258064516129,68.1161290322581,84.358064516129,144.193548387097,120.729032258065,78.9322580645161,95.0225806451613,49.0548387096774,126.729032258065,102.641935483871,129.3,103.893548387097,85.8741935483871,85.9903225806452,110.506451612903,109,117.929032258065,110.851612903226,91.3806451612903,72.8967741935484,129.787096774194,144.274193548387,78.9387096774194,85.2709677419355,88.8096774193548,84.6193548387097,82.6096774193548,91.1096774193548,112.235483870968,125.645161290323,106.393548387097,119.361290322581,67.3451612903226,69.2516129032258,89.9709677419355,98.3354838709677,120.606451612903,110.88064516129
"JUN_MEAN_DAILY_SW",172.766666666667,142.49,161.733333333333,233.066666666667,185.166666666667,187.4,169.633333333333,153.876666666667,225.433333333333,130.65,207.65,161.02,134.013333333333,144.683333333333,146.446666666667,148.19,129.193333333333,119.523333333333,197.946666666667,132.986666666667,158.476666666667,146.763333333333,192.266666666667,165.76,156.723333333333,149.526666666667,160.533333333333,154.383333333333,160.866666666667,98.0733333333333,134.21,160.866666666667,165.833333333333,196.7,120.386666666667,184.503333333333,160.866666666667,120.45,201.34,160.033333333333,149.37,137.906666666667,155.866666666667,194.633333333333,162.566666666667,140.563333333333,131.893333333333,175.433333333333,205,163.12,160.9
"JUL_MEAN_DAILY_SW",172.967741935484,126.377419354839,162,160.774193548387,164.032258064516,106.022580645161,104.909677419355,126.806451612903,170.387096774194,112.825806451613,171.645161290323,160.687096774194,191.774193548387,92.641935483871,136.861290322581,129.125806451613,107.232258064516,143.806451612903,144.567741935484,152.570967741935,149.645161290323,122.777419354839,123.851612903226,111.245161290323,116.896774193548,100.848387096774,152.709677419355,173.032258064516,84.7645161290323,76.0225806451613,125.287096774194,110.432258064516,166.741935483871,170.716129032258,102.787096774194,171.806451612903,175.58064516129,116.561290322581,163.829032258065,106.406451612903,115.71935483871,113.112903225806,104.216129032258,171.293548387097,136.358064516129,101.312903225806,108.022580645161,156.967741935484,200.967741935484,123.974193548387,140.98064516129
"AUG_MEAN_DAILY_SW",88.0258064516129,94.3806451612903,95.2129032258065,90.3322580645161,86.4,65.1483870967742,68.3967741935484,98.4870967741935,106.935483870968,67.2193548387097,101.322580645161,72.7935483870968,150.293548387097,77.8903225806452,74.5645161290323,73.8354838709677,56.5225806451613,97.6612903225806,96.5483870967742,90.241935483871,102.9,63.1516129032258,80.2354838709677,62.1516129032258,72.841935483871,71.1612903225806,86.0258064516129,107.629032258065,58.5903225806452,64.5161290322581,64.1225806451613,75.2096774193548,83.7903225806452,84.0838709677419,63.1806451612903,168.464516129032,91.7451612903226,75.3870967741936,66.6225806451613,62.858064516129,80.241935483871,59.7645161290323,48.3677419354839,54.4516129032258,81.7129032258065,61.9483870967742,59.2806451612903,75.541935483871,81.2193548387097,69.0258064516129,67.5258064516129
"SEP_MEAN_DAILY_SW",50.24,29.4966666666667,52.15,57.3866666666667,63.4966666666667,48.0233333333333,30.0066666666667,38.3533333333333,40.9366666666667,34.96,45.5433333333333,37.3733333333333,77.1966666666667,34.42,84.6366666666667,48,42.25,45.2133333333333,67.1733333333333,41.6333333333333,54.0833333333333,32.8866666666667,32.3433333333333,41.0333333333333,38.2433333333333,37.08,41.78,45.62,34.5833333333333,31.91,35.27,44.6233333333333,44.13,59.45,38.5566666666667,47.0366666666667,56.4266666666667,39.4233333333333,41.5633333333333,33.9833333333333,50.32,35.8233333333333,30.9933333333333,31.9666666666667,35.4566666666667,40.7133333333333,47.05,42.6966666666667,32.9966666666667,49.61,48.4533333333333
"OCT_MEAN_DAILY_SW",48.558064516129,35.6290322580645,29.9709677419355,25.7096774193548,35.0258064516129,34.5032258064516,18.7483870967742,25.8838709677419,25.1451612903226,25.0967741935484,15.1096774193548,27.0612903225806,26.7967741935484,15.5387096774194,35.5838709677419,22.1354838709677,29.6483870967742,24.4741935483871,25.1354838709677,22.158064516129,26.0129032258065,30.6322580645161,20.5451612903226,15.3161290322581,31.5645161290323,21.4935483870968,25.5741935483871,21.7741935483871,30.9741935483871,18.6516129032258,16.4129032258065,36.6548387096774,31.3870967741935,65.8064516129032,17.358064516129,25.6064516129032,28.8548387096774,16.6645161290323,20.7129032258064,55.7,33.7032258064516,44.0774193548387,13.5548387096774,29.1322580645161,29.7677419354839,19.5838709677419,33.3225806451613,36.0064516129032,28.6451612903226,20.2096774193548,39.2161290322581
"NOV_MEAN_DAILY_SW",26.07,28.2033333333333,17.9866666666667,19.1966666666667,24.9733333333333,21.0633333333333,10.1703333333333,14.6466666666667,12.0766666666667,19.19,10.1183333333333,34.6166666666667,13.3416666666667,12.588,22.2933333333333,11.3813333333333,20.5133333333333,23.6966666666667,14.98,27.9033333333333,14.6766666666667,17.6866666666667,14.09,11.972,25.8766666666667,26.8833333333333,33.58,12.6333333333333,16.06,12.33,10.4303333333333,26.1166666666667,21.23,28.97,11.7306666666667,46.4733333333333,16.1866666666667,22.01,14.36,22.2966666666667,20.0166666666667,22.66,15.7533333333333,21.4166666666667,27.3433333333333,18.1266666666667,20.5833333333333,19.9,28.2666666666667,11.2816666666667,37.6866666666667
"DEC_MEAN_DAILY_SW",12.9154838709677,15.0548387096774,12.7322580645161,9.75322580645161,12.7109677419355,12.1483870967742,9.00322580645161,9.49935483870968,9.21064516129032,11.2751612903226,8.3841935483871,13.24,10.5977419354839,10.2148387096774,11.5022580645161,13.0864516129032,16.8483870967742,13.2129032258065,10.0154838709677,14.3451612903226,8.31193548387097,11.0032258064516,9.58064516129032,9.45483870967742,12.3935483870968,13.641935483871,15.5645161290323,9.38935483870968,9.77,10.8612903225806,8.80967741935484,20.8612903225806,12.0645161290323,12.4645161290323,9.66806451612903,19.8387096774194,9.09225806451613,10.9774193548387,9.70935483870968,10.9838709677419,11.9387096774194,10.2870967741935,8.83741935483871,9.20322580645161,10.2261290322581,6.63645161290323,8.83774193548387,11.131935483871,15.0422580645161,9.32645161290323,21.6645161290323
"JAN_P50_DAILY_SW",9.06,10.5,13.5,10.8,9.49,5.97,7.93,10.2,8.5,6.8,7.93,7.25,8.55,8.21,7.56,9.85,9,14.2,6.1,9.2,10.7,6.95,7.8,7.85,6.2,9.6,10,8,7.3,8.7,9.16,7.2,11,8,7.6,9.4,11.9,7.5,9.4,6.5,7.55,16.3,11.2,5.75,8.05,6.25,7.3,8.17,9.32,6.86,6.18
"FEB_P50_DAILY_SW",6.68,8.21,8.55,8.27,9.77,7.15,7.93,11.45,7.93,6.325,9.7,6.29,7.9,7.73,7.125,7.56,7.45,9.95,6.65,8.515,8.89,6.245,5.965,7.555,6.9,6.425,7.9,12,8.72,6,7.2,9.4,10.2,9.75,9.165,6.745,8.53,7.05,7.6,6.95,5.15,12.55,6.56,6.425,5.44,5.85,7.45,8.25,8.06,8.635,6.525
"MAR_P50_DAILY_SW",5.66,8.55,7.65,7.62,11.8,6.82,8.24,7.22,13,7.11,8.27,6.23,6.91,8.1,6.8,8.78,7.34,14,7.43,12.4,10.3,6.5,12.5,13.8,7.85,6,8.91,10,18.8,6.6,10.2,8.79,12,8.94,11.8,6.83,8.55,8.01,6.6,11.4,11,14,8.32,16.9,8.1,5.95,10.5,9.91,9,12,6.87
"APR_P50_DAILY_SW",14,28.1,24.85,13.9,12.65,39.9,10.95,10.5,14.15,16,21.95,11.5,16.95,18.6,19.7,12.5,23.65,17.55,11.35,20.75,21.5,24.6,28.8,30.1,51.5,34.1,36.6,24.95,39.35,18.65,41.3,16.75,40.55,16.3,21.75,15.75,22.5,11.6,24.1,27.65,45,20.35,29.7,32.5,12.8,17.75,20.15,11.95,26.1,28.1,17.85
"MAY_P50_DAILY_SW",59.7,64.8,85,63.1,94.9,114,71.6,110,121,81,68,66.5,113,73.9,58.6,68.5,144,109,84.5,70,45.8,88.6,49.4,123,104,78.9,76.9,99.3,89.5,121,103,83.7,77.7,138,154,57.9,77.8,56.7,50,55.7,89.5,107,108,107,113,51.5,59.5,93.6,91.9,119,128
"JUN_P50_DAILY_SW",171.5,141,168.5,235,170,187,173,142.5,203.5,113.5,211,163.5,131,141,144,145.5,130,110,219.5,132,147,153.5,189,167.5,156.5,142.5,149,151,162,94.2,131,156.5,159,200.5,115.5,181,160.5,123,194.5,155,151.5,137,154,189.5,154,139.5,123,173.5,197,169,159.5
"JUL_P50_DAILY_SW",151,121,159,150,147,97.1,104,126,159,111,172,140,188,93.2,132,122,105,140,136,130,153,111,122,104,110,93.7,142,170,84.2,74.9,119,94.7,153,160,104,176,177,117,159,103,110,108,96.1,174,111,102,99.6,154,215,110,146
"AUG_P50_DAILY_SW",89.8,88.9,84.7,96.3,77,66.8,66.5,84.7,97.7,68,86.4,71.6,150,81.3,76.5,70.8,58,101,91.1,79.4,97.6,58.5,79.5,56.3,72.2,72.6,93.7,108,61.9,67.4,62.3,75.2,85.2,73.7,56.5,142,70.4,79.9,66.8,60.1,79.3,57.5,48.5,52.8,74.6,60.3,61,79.9,79.4,74.3,68.4
"SEP_P50_DAILY_SW",43.75,26.8,51.95,54.5,62.4,46.3,25.85,26.55,34.15,30.15,39.35,40.2,69.4,31.7,76.35,44.35,38.1,47.55,53.4,33.85,51.4,31.65,23.15,41.1,32.6,34.25,42.8,41.05,32.05,26.55,34.2,45.15,40.4,58.95,37.7,43.5,56.65,36.7,37.15,28.95,47.1,28.35,26.7,30.35,35,40.2,35.6,42.7,33,54.4,45.45
"OCT_P50_DAILY_SW",52.1,32.3,27.3,23.8,34.5,31.1,16.6,21.3,22.7,21.2,13.8,22.4,22.1,15.2,32.3,21.4,23.8,23.6,24.6,19.8,25.4,32.3,18.7,12.8,29.5,19.6,23.9,19.4,25.3,17.1,14.3,31.7,29.7,48,16.6,24.6,26.2,16,20.3,29.9,29.6,39.7,12.7,27,28,17.5,28.6,32.3,24.1,18,37.8
"NOV_P50_DAILY_SW",23.25,23.6,17.15,18.2,24.7,21.4,11.1,14.55,11.65,19.45,10.1,27.2,12.85,12.95,20.15,10.5,18.9,21.55,14.35,25.8,14.55,14.95,13.55,11.6,22.7,21.65,29.4,12.75,15.95,13.3,10.6,23.8,19.8,27.1,11.35,33.3,14.7,18,14.4,20.4,20.25,21.35,14.85,22.95,28.3,17.95,22.55,20.2,24.4,12,32.55
"DEC_P50_DAILY_SW",12.5,15,12.6,9.91,13.3,12.4,9.06,9.06,8.78,10.3,8.52,12.6,10.6,9.91,11.3,12.5,15.7,12.9,10,14,8,11.2,9.5,9,12,13.2,16.5,9.34,9.8,10.8,9,18.4,12.9,12,9.57,19.6,9.5,11.1,9.2,11,11.7,9.2,7.6,8.7,6.65,6.3,8.55,10.2,14.9,9.62,20.9
"JAN_P80_DAILY_SW",8.33,9.34,10.8,9.51,9.34,5.13,7.08,9.63,8.35,5.97,7.14,7.08,7.79,7.93,6.94,8.92,8.42,13.2,5.4,8.3,8.3,6.3,7,6.95,5.7,8,8.9,6.1,6.4,8,8,6.6,8.5,5.6,6.3,7.3,8.7,6.95,9,5.8,6.66,6.1,10.1,5.37,5.1,5.68,5.5,7.61,9.15,6.69,5.51
"FEB_P80_DAILY_SW",6.296,7.846,7.706,7.99,8.64,6.408,7.08,9.91,7.734,4.76,9.34,5.86,7.298,7.614,7.08,7.22,6.796,9,4.9,6.88,8.454,6.07,5.65,7.244,5.38,5.57,7.54,11.6,8.488,5.02,6.48,8.5,7.6,7,8.8,6.53,8.16,6.55,6.444,6.24,4.65,11.84,5.02,6.02,5.272,4.8,6.69,6.628,7.656,8.404,5.268
"MAR_P80_DAILY_SW",5.32,7.7,6.23,7.25,11.3,6.34,7.82,7.16,9.91,6.99,8.07,6.23,6.77,7.84,5.95,7.87,6.6,12.1,7.18,9,8.28,6.2,11.3,11.8,7.6,5.1,8.37,9.72,11.2,6.2,9.15,5.8,9,8.09,8.13,6.66,8.33,6.9,6.05,6.62,8.91,13.2,7.84,8.38,7.71,5.2,10.2,9.37,8.76,9.58,6.67
"APR_P80_DAILY_SW",12.16,12.2,20.14,11.88,11.9,18.4,9.728,8.996,13.2,10.2,13.26,6.43,11.816,14.48,18.2,10.28,8.9,14.98,8.304,16.6,14.56,11.78,23.94,26.96,11.58,9.918,30.4,17.62,24.28,15.92,29.76,15.84,20.3,13.28,18.78,12.1,15.66,9.632,12.08,18.3,31.66,14.26,21.84,21.54,8.516,11.306,11.7,11.28,12.64,22.46,10.98
"MAY_P80_DAILY_SW",42.8,43,62,37.9,52.7,64,54.4,77.6,45,37.1,53,36.8,86.9,61.4,51.5,59.5,122,67.8,36,58.4,27.2,53,38.6,82,52.3,58.8,64,58.4,74,48.8,78.8,56.9,35.7,57.7,109,45.1,49.4,37.5,35.2,47.3,75.4,75.7,47.8,56.2,41.6,38.4,33,35.4,68.9,89.5,57.9
"JUN_P80_DAILY_SW",158,118,129.6,205.8,136.8,156,127.4,109.6,167.8,87.46,109,131.6,87.74,120.2,115,120.4,105.8,94.66,136.4,102.8,107.14,115.8,153.8,116.4,109.8,107.8,115.4,114.4,141.8,77.42,97.14,133,136.4,130.4,105.6,123,137.8,95.72,149.8,136.4,110,120.8,128.4,144,126.4,116.4,101.6,146.6,165.6,137.4,142.8
"JUL_P80_DAILY_SW",129,103,131,129,116,80.1,86.4,92,143,94.6,154,102,155,75,108,100,90.7,126,119,114,133,91.7,107,85,93.8,88.8,117,140,76.5,68.1,110,87.6,145,131,91.4,132,154,86.9,126,91.9,89.2,95,80.1,131,95.4,91.4,94.1,130,143,89.9,101
"AUG_P80_DAILY_SW",67.1,83.5,71.4,69.7,69.4,55.2,56.4,75.6,84.4,37.7,79.3,59.7,125,71.1,52.4,68.7,42.2,80.8,81.6,64.2,66.8,50.3,58.1,48.7,60.5,56.2,71.5,88.8,38.7,55.3,45.4,56.5,63.8,59.5,45.4,114,55.7,57.1,57.5,51.1,71.6,47,45.3,44.4,65.5,47.7,42.8,58.5,57.3,58.2,54.6
"SEP_P80_DAILY_SW",35.52,23.44,46.36,42.96,52.1,36.04,19.48,21.98,27.8,26.6,31.88,28.6,61.36,26.46,62.36,33.64,33.66,25.58,44.68,26.38,37.48,25.64,19.5,28.3,23.14,29.88,34.26,32.38,23.64,20.64,31.5,30.8,30.98,46.5,26.96,39.92,38.44,30.84,28.74,23.66,38.98,24.84,21.44,21.1,28.86,30.8,29.5,35.98,27.68,35.06,30.3
"OCT_P80_DAILY_SW",33.1,28.3,21,18.8,29.7,25.5,15.5,18.8,19.2,18.3,11.7,19.4,16.9,14.6,27.9,18,20.2,19.3,21.6,18.5,20,16.3,14.5,12.1,26.3,17.5,19.1,16.9,19.5,15.4,12.6,23.5,23.3,39.4,14.6,22.7,24.2,14.6,16.2,20.3,25.2,34.5,12,24.2,24.6,13.1,23.4,28.4,19.3,16,31.7
"NOV_P80_DAILY_SW",19.72,19.4,15.8,14.16,21.16,18.22,7.248,13.66,9.74,16.84,9.7,20.98,11.98,11.3,16.34,9.63,16.18,18.66,12.68,21.44,13.08,11.34,12.3,11.28,18.34,18.26,19.5,11.7,12.74,9,9.412,21.18,19.18,21.84,10.84,24.02,13.62,14.86,12.8,17.24,17.64,18.08,10.94,15.9,21.34,16.88,11.08,17.78,21.36,8.55,25.12
"DEC_P80_DAILY_SW",10.1,13.3,11.8,8.21,11.8,9.97,7.7,8.21,6.8,8.95,7.45,9.12,10.1,8.5,10.2,11.1,13.8,11.5,9.1,11.9,7.1,9.7,9.2,8,10.6,11.6,10,8.44,8,9,7.6,16,9,10.6,7.2,16.1,6.6,7.7,7.7,9.5,9.7,7.8,6.5,8,5.5,5.78,7.5,9.63,11.5,7.9,18.9
"JAN_P90_DAILY_SW",7.99,9.34,9.85,9.15,9.2,4.93,6.8,9.34,8.21,5.78,7.14,6.85,7.36,7.7,6.8,8.16,8.28,12.9,5.4,8.08,7.4,5.7,6.65,6.65,5.4,7.7,8,6,5.89,7.9,7.7,6,8,5,5.8,7.2,8.3,6.75,8,5.5,6.3,6,9.89,5.22,4.95,5.6,4.2,7.18,9.13,6.62,5.4
"FEB_P90_DAILY_SW",6,7.605,7.36,7.795,8.64,6.146,6.94,9.63,7.65,4.512,8.851,5.636,7.25,7.28,7.071,7.122,6.696,8.68,4.7,6.664,8.25,5.51,5.585,6.65,4.64,4.88,7.21,11.29,8.324,4.7,6.152,7.28,7.168,6.14,8.46,6.468,7.912,6.47,6.335,5.97,4.58,11.77,4.57,5.882,5.218,4.57,6.535,6.141,7.4,7.794,5.237
"MAR_P90_DAILY_SW",5.1,7.36,5.8,7.02,11,6.29,7.73,7.14,9.06,6.97,8.04,6.14,6.65,7.65,5.75,7.79,6.4,11.7,7.12,8.91,8.21,6.18,9.6,6.93,7.4,5,7.5,9.65,10.3,6,8.8,5.4,7.8,7.88,7.98,6.56,8.24,6.55,6,5.6,7.4,12.1,7.5,7.93,7.5,4.8,9.91,9.2,8.55,9.41,6.6
"APR_P90_DAILY_SW",11.48,10.165,18.08,9.349,11.9,13.44,8.996,7.247,13.1,8.886,12.49,6.337,7.636,8.752,17.64,8.58,8.689,14.38,8.018,15.9,14.09,10.67,19.62,25.49,10.66,8.635,27.62,16.69,22.42,14.73,26.96,15.27,12.46,13.09,16.5,11.83,14.29,9.013,8.948,16.02,24.03,13.1,13.25,19.02,7.741,8.285,11.48,11,12.18,22.17,9.462
"MAY_P90_DAILY_SW",31.1,36.2,56.1,31.1,45.3,54.4,48.4,68.5,32,29.7,47.9,27.2,80.1,59.5,47.3,55.5,119,60.5,27.2,56.8,24.6,44.4,36.8,74.4,45.8,56.6,59.4,52,64.5,38.7,68.7,41.6,33.5,45.6,95.2,41.5,48.6,35.9,29.7,45.3,66.4,69.3,47,48.8,32,36.7,30.1,26.2,61.9,40.4,48.4
"JUN_P90_DAILY_SW",151.8,96.18,123.7,183.6,124.9,144.8,114.3,99.67,166,82.32,103.9,111.2,67.29,96.4,103.8,103.9,99.73,90.4,117,95.93,83.72,99.54,143.7,97.75,106.21,95.49,105.7,103.9,118,72.86,92.44,123,120.9,116.9,97.57,93.66,118.8,87.28,114.1,123.2,88.82,104.95,111.5,130.9,119.9,102.41,92.4,136,143.8,121.3,139
"JUL_P90_DAILY_SW",113,91.7,127,127,114,76.5,79.6,83.5,139,91.2,150,99.1,151,69.4,103,96.6,84,118,113,103,113,85.4,95,75.2,92.9,82.1,114,129,71.9,65.2,106,86.1,128,121,83.1,120,146,83.2,111,90,84.3,87.2,68.8,111,92.3,87.2,88.2,122,128,78.1,96
"AUG_P90_DAILY_SW",59.7,68.8,66,58.3,57.8,51.3,52.7,70.2,81.6,35.1,76.7,50.1,115,48.1,49.3,64.5,36.1,64,76.7,61,64.7,47.8,56.4,46.6,58.5,54.7,44.3,76.6,28.6,46.8,40.4,51.5,58.2,57.5,42.4,104,50.4,54.9,55.2,45.5,66.4,43.3,43,40.1,62.7,44,35.4,56.8,47.8,50.2,48.9
"SEP_P90_DAILY_SW",30.57,22.25,44.89,41.26,50.91,32.96,17.18,20.37,22.38,25.69,26.9,25.01,56.37,21.56,54.93,31.06,29.96,23.15,42.68,25.49,30.84,22.91,18.54,24.3,22.26,26.49,28.43,28.68,18.54,18.54,29.45,28.48,27.25,45.27,24,30.94,33.99,29.89,26.65,22.65,37.74,20.85,19.96,20.57,25.37,25.28,27.93,31.87,27.39,28.2,27.39
"OCT_P90_DAILY_SW",28.9,22.7,20.1,18.6,28.9,24.4,13.6,17.5,17.4,17.5,11.3,17.8,16.5,14.4,26.9,16.8,18.7,17.1,21.2,18.3,19,15.2,13.5,12.1,22.5,17.2,18.4,15,18,14,12.1,20.8,22.1,37.4,13.7,22,22.9,14.4,15.3,19.2,24,33.3,11.4,23.4,23,12.9,22.6,26.8,17.7,15.1,30.5
"NOV_P90_DAILY_SW",18.64,18.48,15.59,10.57,20.7,15.93,6.734,13.37,9.624,15.9,9.651,18.66,10.74,10.233,14.67,9.475,15.73,16.76,12.2,20.46,12.39,10.78,11.47,10.426,16.96,17.99,18.66,11.19,11.27,7.28,8.79,18.4,18.84,20.48,9.991,22.38,12.78,13.85,11.94,15.92,16.53,17.45,7.49,15.6,19.77,16.26,9.675,15.8,19.26,7.331,22.51
"DEC_P90_DAILY_SW",9.85,12.9,11.3,7.79,8.5,9.4,7.36,7.93,6.51,8.27,7.36,8.92,10,8.21,8.6,10.4,13,11,9,11.7,6.9,9,9,7.7,10,11.5,8.8,8,7,8,6.1,14.8,7.8,10,6.8,14.9,6.5,7.6,7.5,9,9.2,7.3,6.15,7.65,5.22,5.57,7.2,9.57,11.1,5.97,17.4
"Oct_to_Sept_TOTALQ_DAILY_SW",1840384275.14019,1624059936,1864953504,1902594528,1843488288,1725223968,1458190080,1638604512,1995569568,1354910976,1880805312,1497070080,2071713888,1408611168,1585630944,1574064576,1586647008,1749772800,1796056416,1648772064,1674086400,1559133792,1711107936,1635914880,1560850560,1490889024,1745155584,1928295936,1502329248,1292575104,1555846272,1486030752,1810858464,2001285792,1680945696,1963426176,1894148928,1424966688,1725146208,1448410464,1707547392,1654637760,1582507584,1739229408,1664805312,1360265184,1362861504,1697488704,1980967104,1730450304,1609721856
"Oct_to_Sept_YIELDMM_DAILY_SW",1600.33415229581,1412.22603130435,1621.69869913043,1654.43002434783,1603.03329391304,1500.19475478261,1267.99137391304,1424.87348869565,1735.27788521739,1178.1834573913,1635.48288,1301.80006956522,1801.4903373913,1224.87927652174,1378.80951652174,1368.75180521739,1379.69305043478,1521.54156521739,1561.78818782609,1433.71483826087,1455.72730434783,1355.76851478261,1487.91994434783,1422.53467826087,1357.26135652174,1296.42523826087,1517.52659478261,1676.77907478261,1306.37325913043,1123.97835130435,1352.90980173913,1292.20065391304,1574.65953391304,1740.24851478261,1461.69190956522,1707.32710956522,1647.08602434783,1239.10146782609,1500.1271373913,1259.48736,1484.82381913043,1438.81544347826,1376.09355130435,1512.37339826087,1447.65679304348,1182.83929043478,1185.09696,1476.07713391304,1722.58009043478,1504.73939478261,1399.75813565217
"ONDJFM_TOTALQ_DAILY_SW",148797140.869565,302364576,288369504,229954464,227022048,244008288,242242272,178042752,210666528,175192416,217000512,141506784,260770752,197767008,164065824,250992864,186038208,280385280,215469504,208838304,250689600,181745856,230151456,191730240,152097696,242200800,235678464,275049216,204307488,207494784,180816192,159341472,308293344,242380512,358153056,168129216,317245248,203476320,194536512,181682784,301914432,326298240,273867264,175588128,212260608,227595744,185169024,234736704,248206464,263784384,163534464
"AMJJAS_TOTALQ_DAILY_SW",1501899840,1321695360,1576584000,1672640064,1616466240,1481215680,1215947808,1460561760,1784903040,1179718560,1663804800,1355563296,1810943136,1210844160,1421565120,1323071712,1400608800,1469387520,1580586912,1439933760,1423396800,1377387936,1480956480,1444184640,1408752864,1248688224,1509477120,1653246720,1298021760,1085080320,1375030080,1326689280,1502565120,1758905280,1322792640,1795296960,1576903680,1221490368,1530609696,1266727680,1405632960,1328339520,1308640320,1563641280,1452544704,1132669440,1177692480,1462752000,1732760640,1466665920,1446187392
"ONDJFM_YIELDMM_DAILY_SW",129.388818147448,262.92571826087,250.756090434783,199.960403478261,197.410476521739,212.18112,210.645453913043,154.819784347826,183.188285217391,152.341231304348,188.696097391304,123.049377391304,226.757175652174,171.971311304348,142.665933913043,218.254664347826,161.772354782609,243.813286956522,187.364786086957,181.598525217391,217.990956521739,158.039874782609,200.131700869565,166.721947826087,132.258866086957,210.609391304348,204.937794782609,239.173231304348,177.658685217391,180.430246956522,157.231471304348,138.55780173913,268.081168695652,210.765662608696,311.43744,146.19931826087,275.865433043478,176.935930434783,169.162184347826,157.985029565217,262.534288695652,283.7376,238.145446956522,152.685328695652,184.57444173913,197.909342608696,161.016542608696,204.118873043478,215.831707826087,229.377725217391,142.20388173913
"AMJJAS_YIELDMM_DAILY_SW",1305.99986086957,1149.30031304348,1370.94260869565,1454.46962086957,1405.6228173913,1288.01363478261,1057.34592,1270.05370434783,1552.0896,1025.84222608696,1446.7867826087,1178.75069217391,1574.73316173913,1052.90796521739,1236.1435826087,1150.49714086957,1217.92069565217,1277.72827826087,1374.42340173913,1252.11631304348,1237.73634782609,1197.72864,1287.78824347826,1255.81273043478,1225.00249043478,1085.81584695652,1312.5888,1437.60584347826,1128.71457391304,943.548104347826,1195.67833043478,1153.64285217391,1306.57836521739,1529.48285217391,1150.25446956522,1561.12779130435,1371.22059130435,1062.1655373913,1330.96495304348,1101.50233043478,1222.28953043478,1155.07784347826,1137.94810434783,1359.68806956522,1263.08235130435,984.929947826087,1024.0804173913,1271.95826086957,1506.7483826087,1275.36166956522,1257.55425391304
