"","Y1941","Y1942","Y1943","Y1944","Y1945","Y1946","Y1947","Y1948","Y1949","Y1950","Y1951","Y1952","Y1953","Y1954","Y1955","Y1956","Y1957","Y1958","Y1959","Y1960","Y1961","Y1962","Y1963","Y1964","Y1965","Y1966","Y1967","Y1968","Y1969","Y1970","Y1971","Y1972","Y1973","Y1974","Y1975","Y1976","Y1977","Y1978","Y1979","Y1980","Y1981","Y1982","Y1983","Y1984","Y1985","Y1986","Y1987","Y1988","Y1989","Y1990","Y1991","Y1992","Y1993","Y1994","Y1995","Y1996","Y1997","Y1998","Y1999","Y2000","Y2001","Y2002","Y2003","Y2004","Y2005","Y2006","Y2007","Y2008","Y2009","Y2010","Y2011","Y2012","Y2013","Y2014","Y2015"
"ANNUAL_MIN_01Day_SW",2.89,1.42,1.76,0.425,2.32,3,1.93,4.64,3.17,1.7,0.85,2.55,2.12,6.17,4.36,1.76,5.66,1.81,5.78,5.18,4.25,6.17,4.98,6.34,5.24,6.74,5.8,7.53,7.33,5.8,7.56,6.37,5.92,5.32,6.65,7.28,7.08,6.51,5.46,5.6,6.13,7.35,7.07,7.14,4.35,4.55,4.55,6.22,5.25,6.72,6.49,4.9,6.11,6.32,6.25,6.61,7.19,5.8,7.72,6.72,6.01,6.5,3.8,4.59,6.7,3.49,7.25,6.41,5.62,5.73,6.91,4.71,6.31,4.42,4.28
"ANNUAL_MINDOY_01Day_SW",242,272,269,254,246,291,270,238,256,264,261,295,263,250,273,260,245,248,251,221,237,211,285,243,276,222,271,216,234,214,223,305,285,307,205,222,202,230,185,174,235,213,230,202,240,297,222,236,281,271,214,220,275,289,240,250,231,273,269,245,231,309,251,184,244,260,190,217,263,275,239,286,199,222,242
"ANNUAL_MIN_03Day_SW",2.94333333333333,1.56666666666667,1.87,0.425,2.49333333333333,3.05666666666667,1.93,4.72666666666667,3.32,1.75666666666667,0.925,2.55,2.17,6.25,4.39,1.76,5.66,1.95333333333333,6.34333333333333,5.31333333333333,4.32,6.31333333333333,5.04,6.57666666666667,5.37,6.94666666666667,5.94666666666667,7.56,7.37,5.86,7.69333333333333,6.51333333333333,6.25,5.37666666666667,6.89666666666667,7.33333333333333,7.18,6.63333333333333,5.47,5.64,6.20666666666667,7.41666666666667,7.15666666666667,7.23333333333333,4.44666666666667,4.61333333333333,4.66666666666667,6.36,5.31,6.84,6.58,5.02,6.45666666666667,6.40333333333333,6.41333333333333,6.72333333333333,7.38,5.86333333333333,7.81666666666667,6.82333333333333,6.07333333333333,6.69666666666667,3.96,4.59666666666667,6.74333333333333,3.5,7.29666666666667,6.48,5.76,5.89,6.94333333333333,5.14333333333333,6.46,4.44,4.38666666666667
"ANNUAL_MINDOY_03Day_SW",243,273,269,256,246,291,272,238,257,266,262,297,264,251,275,262,247,249,252,221,234,213,285,243,276,223,272,218,236,214,223,306,285,308,206,224,185,230,187,176,249,214,232,204,242,297,222,255,281,273,214,221,277,289,241,251,231,274,271,246,232,309,252,186,245,260,191,218,265,277,240,282,201,223,242
"ANNUAL_MIN_07Day_SW",2.99285714285714,1.65142857142857,1.93285714285714,0.473428571428571,2.69428571428571,3.18714285714286,1.97571428571429,4.89,3.76857142857143,1.95142857142857,1.04357142857143,2.62571428571429,2.32285714285714,6.53,4.50714285714286,1.83428571428571,5.88285714285714,2.03,6.61,5.69571428571429,4.42,6.43571428571429,5.15,6.88857142857143,5.59571428571429,7.06142857142857,6.05142857142857,7.60571428571429,7.42571428571429,5.88857142857143,8.04285714285714,6.69142857142857,6.70714285714286,5.41714285714286,7.10285714285714,7.58857142857143,7.23571428571429,6.69714285714286,5.56285714285714,5.86285714285714,6.25142857142857,7.44142857142857,7.27142857142857,7.29428571428571,4.59857142857143,4.78571428571429,5.22,6.55285714285714,5.48142857142857,7.08571428571429,6.7,5.18571428571429,6.67285714285714,6.49571428571429,6.50714285714286,6.86428571428571,7.46714285714286,5.97714285714286,7.92428571428571,7.03857142857143,6.15857142857143,6.97714285714286,4.07428571428571,4.61571428571429,6.79142857142857,3.53571428571429,7.32714285714286,6.53714285714286,5.84,5.94428571428571,7.02142857142857,5.77142857142857,6.64285714285714,4.51428571428571,4.47285714285714
"ANNUAL_MINDOY_07Day_SW",244,273,262,258,246,292,272,239,259,268,265,298,264,252,279,264,248,252,252,221,238,214,285,244,277,242,273,220,236,218,226,306,285,308,207,225,186,214,188,247,240,218,233,216,242,298,314,225,284,235,214,225,281,268,234,192,236,275,275,238,218,310,275,187,245,260,191,220,264,244,242,282,205,226,247
"ANNUAL_MIN_30Day_SW",3.687,2.09833333333333,2.09266666666667,0.721166666666667,3.34266666666667,3.64966666666667,2.274,5.903,5.23933333333333,2.57166666666667,1.41283333333333,3.057,2.949,7.376,5.176,3.446,6.962,2.59366666666667,6.91633333333333,6.789,4.65166666666667,9.49766666666667,6.194,8.397,6.82266666666667,7.27433333333333,6.32633333333333,8.67866666666667,7.738,5.97133333333333,9.26566666666667,7.553,7.193,7.24666666666667,7.26133333333333,10.0176666666667,7.35566666666667,6.79933333333333,5.74666666666667,6.778,6.80733333333333,7.578,7.68733333333333,7.353,4.816,6.347,5.58466666666667,6.629,6.85166666666667,7.18766666666667,7.01933333333333,5.407,6.87366666666667,6.82233333333333,6.673,6.99,8.302,6.21366666666667,8.05066666666667,7.125,6.305,7.521,4.129,4.69133333333333,6.938,4.179,7.48033333333333,6.80966666666667,5.92533333333333,6.045,7.06833333333333,6.40033333333333,6.85933333333333,4.65166666666667,4.59266666666667
"ANNUAL_MINDOY_30Day_SW",250,281,277,265,296,294,274,246,276,278,267,301,270,261,281,269,269,261,252,229,240,222,286,262,223,250,272,236,257,234,237,261,285,312,228,232,209,237,196,258,258,251,246,231,250,303,314,248,293,250,214,247,268,273,199,232,256,275,279,255,237,311,278,208,261,278,203,236,264,261,259,282,224,248,256
"ANNUAL_MIN_DAILY_SW",2.89,1.42,1.76,0.425,2.32,3,1.93,4.64,3.17,1.7,0.85,2.55,2.12,6.17,4.36,1.76,5.66,1.81,5.78,5.18,4.25,6.17,4.98,6.34,5.24,6.74,5.8,7.53,7.33,5.8,7.56,6.37,5.92,5.32,6.65,7.28,7.08,6.51,5.46,5.6,6.13,7.35,7.07,7.14,4.35,4.55,4.55,6.22,5.25,6.72,6.49,4.9,6.11,6.32,6.25,6.61,7.19,5.8,7.72,6.72,6.01,6.5,3.8,4.59,6.7,3.49,7.25,6.41,5.62,5.73,6.91,4.71,6.31,4.42,4.28
"ANNUAL_MAX_DAILY_SW",157,94.3,121,152,159,173,181,151,255,168,179,157,253,215,213,138,149,194,134,139,309,171,198,169,153,286,165,326,112,107,136,234,215,220,236,109,160,68.2,222,275,204,161,249,130,74.1,154,147,99.3,108,238,209,273,151,211,214,171,211,196,153,77,159,207,219,130,216,233,195,98.7,231,208,146,147,108,190,214
"ANNUAL_MEAN_DAILY_SW",41.8875890410959,25.4328493150685,29.4603835616438,28.9209426229508,43.8345205479452,44.5038630136986,38.1901369863014,46.8423770491803,41.6078904109589,56.8946575342466,45.3742054794521,36.6723770491803,59.1224383561644,57.5117808219178,43.0749315068493,50.4008469945355,34.5432602739726,51.5453150684932,44.0291780821918,44.6506010928962,55.0707671232877,45.943698630137,51.0326849315069,43.9890983606557,42.3941369863014,53.0844109589041,53.7087123287671,59.6670765027322,43.2869863013699,34.5001643835616,51.375698630137,46.5703278688525,45.4960273972603,59.0976164383562,55.3560547945205,39.7183606557377,40.3800273972603,28.2984383561644,37.9325479452055,47.4360928961749,51.478602739726,44.464602739726,53.6319726027397,49.0344262295082,24.3428767123288,40.7256164383562,40.8939726027397,39.6466393442623,35.4722739726027,52.0780547945205,41.6935890410959,37.7961475409836,32.0438356164384,42.6801917808219,56.1028767123288,43.1377049180328,64.1304931506849,47.6741643835616,59.4416712328767,33.0214754098361,36.6873150684931,43.3194794520548,51.1884931506849,37.3565300546448,39.8023835616438,55.2090136986301,56.3235616438356,33.4414207650273,40.7439726027397,51.7249863013699,48.8430410958904,48.8334153005464,34.172301369863,44.3481643835616,43.9929863013699
"ANNUAL_TOTALQ_DAILY_SW",1320967008,802050336,929062656,914549616,1382365440,1403473824,1204364160,1481268384,1312146432,1794229920,1430920944,1159668576,1864485216,1813691520,1358411040,1593795744,1089356256,1625533056,1388504160,1411959168,1736711712,1448880480,1609366752,1391040864,1336941504,1674069984,1693757952,1886816160,1365098400,1087997184,1620184032,1472665536,1434762720,1863702432,1745708544,1255989888,1273424544,892419552,1196240832,1500043104,1623429216,1402235712,1691337888,1550586240,767676960,1284323040,1289632320,1253721888,1118653632,1642333536,1314849024,1195204896,1010534400,1345962528,1769260320,1364117760,2022419232,1503452448,1874552544,1044218304,1156971168,1366123104,1614280320,1181303136,1255207968,1741071456,1776219840,1057497984,1284901920,1631199168,1540314144,1544229792,1077657696,1398563712,1387362816
"ANNUAL_YIELDMM_DAILY_SW",2223.85018181818,1350.25309090909,1564.07854545454,1539.64581818182,2327.21454545454,2362.75054545454,2027.54909090909,2493.71781818182,2209.00072727273,3020.58909090909,2408.95781818182,1952.304,3138.864,3053.35272727273,2286.88727272727,2683.15781818182,1833.93309090909,2736.58763636364,2337.54909090909,2377.03563636364,2923.75709090909,2439.19272727273,2709.37163636364,2341.81963636364,2250.74327272727,2818.29963636364,2851.44436363636,3176.45818181818,2298.14545454545,1831.64509090909,2727.58254545455,2479.23490909091,2415.42545454545,3137.54618181818,2938.90327272727,2114.46109090909,2143.81236363636,1502.38981818182,2013.87345454545,2525.32509090909,2733.04581818182,2360.66618181818,2847.37018181818,2610.41454545455,1292.38545454545,2162.16,2171.09818181818,2110.64290909091,1883.25527272727,2764.87127272727,2213.55054545455,2012.12945454545,1701.23636363636,2265.93018181818,2978.55272727273,2296.49454545455,3404.74618181818,2531.06472727273,3155.81236363636,1757.94327272727,1947.76290909091,2299.87054545455,2717.64363636364,1988.72581818182,2113.14472727273,2931.09672727273,2990.26909090909,1780.29963636364,2163.13454545455,2746.12654545455,2593.12145454545,2599.71345454545,1814.23854545454,2354.48436363636,2335.62763636364
"ANNUAL_CUMQ_DAILY_SW",15288.97,9282.99,10753.04,10585.065,15999.6,16243.91,13939.4,17144.31,15186.88,20766.55,16561.585,13422.09,21579.69,20991.8,15722.35,18446.71,12608.29,18814.04,16070.65,16342.12,20100.83,16769.45,18626.93,16100.01,15473.86,19375.81,19603.68,21838.15,15799.75,12592.56,18752.13,17044.74,16606.05,21570.63,20204.96,14536.92,14738.71,10328.93,13845.38,17361.61,18789.69,16229.58,19575.67,17946.6,8885.15,14864.85,14926.3,14510.67,12947.38,19008.49,15218.16,13833.39,11696,15578.27,20477.55,15788.4,23407.63,17401.07,21696.21,12085.86,13390.87,15811.61,18683.8,13672.49,14527.87,20151.29,20558.1,12239.56,14871.55,18879.62,17827.71,17873.03,12472.89,16187.08,16057.44
"ANNUAL_Date_25P_CUMQ_DAILY_SW",47,56,60,35,46,56,46,57,87,71,40,50,31,56,84,92,69,31,39,55,35,59,53,34,60,52,41,36,85,50,50,64,34,42,87,45,71,46,69,55,57,54,48,56,84,50,35,68,54,66,42,32,73,59,51,39,65,39,48,57,73,37,43,40,38,32,51,51,90,44,47,49,63,77,47
"ANNUAL_Date_50P_CUMQ_DAILY_SW",169,143,106,116,116,108,104,140,146,139,103,115,97,139,172,153,117,78,121,122,73,232,144,101,151,133,112,94,132,108,117,97,146,98,289,104,183,111,158,122,174,126,84,128,138,93,75,127,112,270,105,55,122,97,134,105,129,99,116,128,187,105,104,119,114,117,105,138,304,115,102,115,101,149,173
"ANNUAL_Date_75P_CUMQ_DAILY_SW",335,332,163,324,323,273,307,312,335,317,307,182,318,327,315,307,314,323,302,312,267,333,323,228,327,340,308,308,286,322,285,239,338,211,322,186,329,277,341,334,324,315,319,309,309,305,199,316,318,331,323,250,311,328,333,302,293,333,313,303,333,321,303,326,309,326,314,302,331,314,281,314,259,333,338
"JFM_TOTALQ_DAILY_SW",477835200,288964800,333296640,400256640,572996160,615392640,564433920,520110720,351907200,584444160,668537280,477377280,903588480,706492800,352313280,394398720,398770560,860181120,533157120,506986560,999933120,431922240,580668480,656925120,463803840,621293760,747757440,926208000,374924160,447681600,658558080,701395200,620723520,853986240,449807040,560442240,420958080,380479680,442843200,612567360,549668160,596306880,879180480,606528000,206357760,625561920,739290240,425813760,431118720,531601920,611910720,760458240,344761920,641597760,777504960,638772480,742495680,729682560,825301440,392446080,319740480,635299200,704747520,517631040,463397760,777643200,803666880,419256000,321995520,653659200,687407040,635394240,479053440,456330240,541304640
"AMJ_TOTALQ_DAILY_SW",199074240,163054080,387244800,144919584,349021440,367770240,202095648,413026560,388687680,490717440,278760960,394018560,278778240,315973440,350974080,562394880,293518080,203964480,380574720,398530368,259425504,246317760,251954496,307238400,229752288,303219072,266703840,229124160,516703104,213255072,427230720,333331200,171940320,482224320,292195296,378578880,214706592,167192640,169560864,210908448,286148160,228113280,163284768,330644160,229035168,255476160,211843296,362947392,255138336,228429504,151283808,99221760,319515840,182025792,143517312,277222176,458542080,124390080,397241280,279020160,253031040,270915840,261982080,136498176,324745632,219303072,273843072,240779520,231334272,363398400,379857600,357868800,276690816,273960576,156365856
"JAS_TOTALQ_DAILY_SW",51310368,47324736,38062656,18142704,41440032,69718752,38711520,86893344,59774976,92867904,34103376,66633408,53031456,103430304,102435840,106981344,75253536,35665920,74437920,60139584,52126848,93394080,86002560,118826784,62593344,83364768,57685824,109326240,92827296,56056320,112910112,101071584,67120704,110982528,100204128,106922592,64420704,110525472,95478048,73512576,89025696,74031840,125128800,82131840,45593280,64813824,58986144,60416928,58133376,63655200,136632096,50419584,61043328,58621536,54717984,56310336,161829792,50226048,104839488,68618880,65869632,66299904,49038048,44932320,62918208,43637184,71653248,84322944,49612608,50188032,71877024,73824480,76874400,38417760,52267680
"OND_TOTALQ_DAILY_SW",592747200,302706720,170458560,351230688,418907808,350592192,399123072,461237760,511776576,626200416,449519328,221639328,629087040,687794976,552687840,530020800,321814080,525721536,400334400,446302656,425226240,677246400,690741216,308050560,580792032,666192384,621610848,622157760,380643840,371004192,421485120,336867552,574978176,416509344,903502080,210046176,573339168,234221760,488358720,603054720,698587200,503783712,523743840,531282240,286690752,338471136,279512640,404543808,374263200,818646912,415022400,285105312,285213312,463717440,793520064,391812768,659551680,599153760,547170336,304133184,518330016,393608160,598512672,482241600,404146368,700488000,627056640,313139520,681959520,563953536,401172480,477142272,245039040,629855136,637424640
"JFM_YIELDMM_DAILY_SW",804.436363636364,486.472727272727,561.105454545455,673.832727272727,964.64,1036.01454545455,950.225454545455,875.607272727273,592.436363636364,983.912727272727,1125.48363636364,803.665454545455,1521.19272727273,1189.38181818182,593.12,663.970909090909,671.330909090909,1448.11636363636,897.570909090909,853.512727272727,1683.38909090909,727.141818181818,977.556363636364,1105.93454545455,780.814545454545,1045.94909090909,1258.85090909091,1559.27272727273,631.185454545454,753.672727272727,1108.68363636364,1180.8,1044.98909090909,1437.68727272727,757.250909090909,943.505454545455,708.683636363636,640.538181818182,745.527272727273,1031.25818181818,925.367272727273,1003.88363636364,1480.10181818182,1021.09090909091,347.403636363636,1053.13454545455,1244.59636363636,716.858181818182,725.789090909091,894.952727272727,1030.15272727273,1280.23272727273,580.407272727273,1080.13090909091,1308.93090909091,1075.37454545455,1249.99272727273,1228.42181818182,1389.39636363636,660.683636363637,538.283636363636,1069.52727272727,1186.44363636364,871.432727272727,780.130909090909,1309.16363636364,1352.97454545455,705.818181818182,542.08,1100.43636363636,1157.25090909091,1069.68727272727,806.487272727273,768.232727272727,911.287272727273
"AMJ_YIELDMM_DAILY_SW",335.141818181818,274.501818181818,651.927272727273,243.972363636364,587.578181818182,619.141818181818,340.228363636364,695.330909090909,654.356363636364,826.123636363636,469.294545454545,663.330909090909,469.323636363636,531.941818181818,590.865454545455,946.792727272727,494.138181818182,343.374545454545,640.698181818182,670.926545454545,436.743272727273,414.676363636364,424.165818181818,517.236363636364,386.788363636364,510.469818181818,448.996363636364,385.730909090909,869.870545454546,359.015272727273,719.243636363636,561.163636363636,289.461818181818,811.825454545455,491.911272727273,637.338181818182,361.458909090909,281.469090909091,285.456,355.064727272727,481.730909090909,384.029090909091,274.890181818182,556.64,385.581090909091,430.094545454545,356.638545454545,611.022545454545,429.525818181818,384.561454545454,254.686545454545,167.04,537.905454545455,306.440727272727,241.611636363636,466.704,771.956363636364,209.410909090909,668.756363636364,469.730909090909,425.978181818182,456.087272727273,441.047272727273,229.794909090909,546.709818181818,369.197090909091,461.015272727273,405.352727272727,389.451636363636,611.781818181818,639.490909090909,602.472727272727,465.809454545455,461.213090909091,263.242181818182
"JAS_YIELDMM_DAILY_SW",86.3810909090909,79.6712727272727,64.0785454545455,30.5432727272727,69.7643636363636,117.371636363636,65.1709090909091,146.285090909091,100.631272727273,156.343272727273,57.4130909090909,112.177454545455,89.2785454545454,174.125090909091,172.450909090909,180.103272727273,126.689454545455,60.0436363636364,125.316363636364,101.245090909091,87.7556363636364,157.229090909091,144.785454545455,200.045090909091,105.376,140.344727272727,97.1141818181818,184.050909090909,156.274909090909,94.3709090909091,190.084363636364,170.154181818182,112.997818181818,186.839272727273,168.693818181818,180.004363636364,108.452363636364,186.069818181818,160.737454545455,123.758545454545,149.874909090909,124.632727272727,210.654545454545,138.269090909091,76.7563636363636,109.114181818182,99.3032727272728,101.712,97.8676363636364,107.163636363636,230.020363636364,84.8814545454546,102.766545454545,98.6894545454545,92.1178181818182,94.7985454545455,272.440727272727,84.5556363636364,176.497454545455,115.52,110.891636363636,111.616,82.5556363636364,75.6436363636364,105.922909090909,73.4632727272727,120.628363636364,141.957818181818,83.5229090909091,84.4916363636364,121.005090909091,124.283636363636,129.418181818182,64.6763636363636,87.9927272727273
"OND_YIELDMM_DAILY_SW",997.890909090909,509.607272727273,286.967272727273,591.297454545455,705.232,590.222545454546,671.924363636364,776.494545454545,861.576727272727,1054.20945454545,756.766545454545,373.130181818182,1059.06909090909,1157.904,930.450909090909,892.290909090909,541.774545454546,885.053090909091,673.963636363636,751.351272727273,715.869090909091,1140.14545454545,1162.864,518.603636363636,977.764363636364,1121.536,1046.48290909091,1047.40363636364,640.814545454545,624.586181818182,709.570909090909,567.117090909091,967.976727272727,701.194181818182,1521.04727272727,353.613090909091,965.217454545455,394.312727272727,822.152727272727,1015.24363636364,1176.07272727273,848.120727272727,881.723636363636,894.414545454545,482.644363636364,569.816727272727,470.56,681.050181818182,630.072727272727,1378.19345454545,698.690909090909,479.975272727273,480.157090909091,780.669090909091,1335.89236363636,659.617454545455,1110.35636363636,1008.67636363636,921.162181818182,512.008727272727,872.609454545455,662.64,1007.59709090909,811.854545454545,680.381090909091,1179.27272727273,1055.65090909091,527.170909090909,1148.08,949.416727272727,675.374545454545,803.269818181818,412.523636363636,1060.36218181818,1073.10545454545
"JAN_MIN_DAILY_SW",53,26.6,26.1,30.3,25.3,71.1,32.3,45.9,19.4,46.7,67.1,24.5,88.1,42.2,50.4,58.9,23.4,118,92.9,22.4,50.1,48.4,28.3,85.5,26.7,55.2,95.4,59.7,28.2,36,44.7,31.7,77.6,48.7,56.4,73.1,32.6,46.2,13.8,45.2,54.5,38,70.7,55,22.6,21.6,70.7,27,52.6,36.7,38.6,71,20.9,53,72,63,86.2,57.3,79.5,38.8,45.3,69.8,70,51.7,29.4,116,80.9,43.8,25.5,62.4,80.1,67.1,38.2,21.9,54
"FEB_MIN_DAILY_SW",35.7,25.9,27.3,23.8,45.3,34.5,69.9,33.7,14.3,36,64.8,61.2,51.5,41.1,32,27.5,18.6,86.9,10,60.6,114,30,26.9,46.7,79.3,50.4,54.7,73.6,26.8,48.4,80.4,48.4,38.5,73.6,38.5,56.9,29.2,39.4,13.3,46.5,32.4,60.3,55.7,50.5,18.9,39,57.3,44.9,32.8,54.4,69.7,75.8,27.9,33.8,69.7,50.6,48.9,89.1,96.8,42.6,27.2,49.4,29.4,48,29.8,42.1,55.7,36,21.3,52.8,53.3,60.9,39.2,25.1,50.9
"MAR_MIN_DAILY_SW",29.4,24.9,22.7,18.7,29.4,53,31.7,36.2,55.5,62.3,36,35.7,35.1,36.5,20.5,32.6,56.6,38.5,32,35.4,70.8,22.1,33.1,44.7,30.9,44.2,45.6,70.5,32.6,38.5,54.1,88.1,40.5,56.9,45.3,38.5,49.3,23.4,46.3,48.8,25.8,37.2,61,56.1,22.6,56.7,46.8,42.4,38.1,50.6,27.6,22.4,26.3,63.9,63.7,39.6,49.2,42,70.5,32.6,13.9,46,24.3,24.4,14.2,37.5,52.4,38.6,20.9,44.7,42.8,53.6,61.7,44.9,24
"APR_MIN_DAILY_SW",17.1,21.9,73.1,25.9,41.9,48.1,30,37.9,48.7,49.3,39.9,40.5,33.4,34.3,36.2,60,49,18,27.2,66.8,37.9,28.9,38.2,40.5,26.7,43,32.8,40.8,82.7,25.2,50.4,46.4,9.12,58.3,36.2,48.7,41.6,26.7,25.3,41.3,30,20.4,14.1,44,29.8,26.5,29.9,41.7,49.6,33.3,22.3,13,38.3,27.5,19.7,31.9,55.4,22.4,29.7,33.1,24.6,26.5,30.7,23.8,37.8,26.8,45.9,19.3,30.9,61.6,46.3,61.4,39.4,51.5,14.9
"MAY_MIN_DAILY_SW",15.1,16.7,23.1,12.9,41.3,35.1,18,51.8,37.4,52.7,31.1,48.1,36,34.5,37.1,69.9,21.1,15.5,23.2,42.2,10.5,20,7.45,33.1,18.7,7.45,28.6,8.89,64,12.1,53,19.3,9.54,26.6,31.7,41.6,10.1,12.1,13.6,10.9,14.8,28.4,7.7,26.9,20.8,20,9.54,35.9,7.27,8.2,10.3,7.31,18.9,7.6,7.65,20.8,28,8.21,29.5,25.7,24.2,22.9,14,9.79,13.9,21.2,24.2,14,15.5,15.5,24.7,20.4,17.1,14.4,7.96
"JUN_MIN_DAILY_SW",13.1,12.4,11.4,6.23,11.4,19.7,8.55,24.9,16.1,34,12.9,24.5,15.4,24.9,27.8,42.8,10.9,7.36,13.5,9.6,7.02,10.5,6.57,10.5,7.9,7.14,7.87,7.99,7.53,7.39,12.7,11.3,12.6,15.6,8.78,13.1,7.22,8.21,5.54,5.6,8.14,15,7.44,7.66,6.41,6.74,12.7,7.24,6.84,8.39,7.08,6.69,11.7,6.53,6.42,7.43,15.7,6.22,30.3,16.4,13.9,11.6,7.27,4.63,8.94,7.65,7.39,15.3,7.22,7.88,7.6,14,6.54,5.36,5.49
"JUL_MIN_DAILY_SW",5.3,8.61,5.55,2.72,6.29,9.94,6.74,8.33,7.56,14.6,5.38,9.68,7.36,14.7,13.6,15.3,9.54,4.64,7.87,6.23,4.64,6.17,7.45,12.3,6.65,6.97,7.62,7.99,8.33,5.92,10.3,8.21,8.5,12.3,6.65,10.6,7.08,6.65,5.46,7.58,9.1,7.48,14.2,7.14,4.72,7.18,6.87,6.67,6.91,7.08,6.53,6.49,6.6,6.6,6.48,6.65,14,6.05,11.7,6.93,6.09,7.39,7.11,4.59,7.54,3.95,7.25,6.62,6.15,6.25,7.7,8.21,6.31,4.78,5.65
"AUG_MIN_DAILY_SW",2.89,3.23,2.78,0.807,2.83,4.56,2.78,4.64,6.17,5.27,1.3,3.85,4.02,7.25,8.16,4.96,5.89,2.8,6.57,5.18,4.25,6.34,7.19,6.34,6.65,6.74,6.09,7.53,7.33,5.8,7.56,7.28,6.99,8.67,7.05,7.28,7.11,6.51,7.17,5.71,6.13,7.35,7.07,7.18,4.35,6.24,4.55,6.22,6.98,6.74,6.49,4.9,6.46,6.44,6.25,6.66,7.19,6.07,8.53,6.75,6.01,7.47,5.8,4.65,6.77,5.62,7.45,6.41,5.74,5.78,6.91,7.05,6.83,4.42,4.28
"SEP_MIN_DAILY_SW",3.06,1.42,1.76,0.425,2.32,3.45,1.93,6.74,3.17,1.7,0.85,3.28,2.12,6.17,4.36,1.76,5.66,1.81,5.78,6.17,5.01,9,6.26,6.74,5.64,7.28,5.8,13.9,7.56,5.86,8.78,7.22,6.85,8.47,10.2,11,7.36,8.24,7.26,5.93,6.17,7.38,9,7.33,4.96,6.08,5.4,6.24,6.82,6.72,13.4,5.1,6.59,6.38,6.71,6.61,7.85,5.8,7.72,6.72,7.24,7.46,3.8,4.68,6.7,3.49,7.55,6.74,5.62,5.85,6.94,5.78,7.07,4.56,4.36
"OCT_MIN_DAILY_SW",10.1,2.21,2.15,2.97,2.94,3,2.21,18.4,5.49,2.49,5.8,2.55,19.6,8.38,4.36,11.6,5.78,6.09,11.3,7.42,14.9,11.7,4.98,17.1,5.24,7.5,6.77,17.8,27.2,9.32,12.9,6.37,5.92,5.44,10.5,9.77,9.97,16.8,12.4,10.1,25,9.4,7.65,10.6,7.74,4.55,5.31,9.57,5.25,6.95,12.3,6.24,6.11,6.32,6.9,7,48.4,5.83,7.91,9.72,9.48,7.31,4.03,15.5,7,4.31,20.2,15.6,5.68,5.73,12.7,4.71,20.8,4.52,10.6
"NOV_MIN_DAILY_SW",34.3,11,16.6,27.8,25,10.1,30,23,16.7,48.4,35.4,4.11,49.6,32.8,67.1,39.6,21.7,27,21.7,43,36.5,32,102,22.7,66.5,30.9,46.2,66.5,26.2,23.2,40.8,6.63,30.6,5.32,105,18.6,68,16.5,28.5,17.8,79.4,41.4,17,41.5,28.6,8.83,4.89,16.1,30.3,60.1,14.9,38.8,12.4,36.7,35.9,44.2,48.2,13.2,39.9,26,39.8,6.5,38.7,38.8,45.6,6.91,40.6,27.2,56.5,46.3,33.8,52.8,20.4,56.2,40.1
"DEC_MIN_DAILY_SW",84.7,47,16.4,25.4,51,53.2,24.2,44.5,53.5,94.3,37.1,21.2,84.7,95.1,58.9,36,32,91.5,50.4,53.8,53,81,57.5,32.6,67.7,112,45.6,80.1,32.6,47.6,40.2,25.1,88.1,82.1,60,24.4,57.5,23.3,32.3,73.1,64.9,59.8,36.6,44,22.7,52.7,42.1,43.3,37.1,52.7,66.4,38.8,24.3,55.8,90.6,46.1,62.7,93.2,69.5,43,72.3,44.9,75.1,56.9,21,69.6,51.7,25.8,61.6,53.3,34.8,52.4,18.5,82,57.8
"JAN_MAX_DAILY_SW",107,78.2,71.9,152,129,117,144,147,43.9,117,147,73.1,253,138,103,84.4,82.7,194,131,139,309,159,177,169,86.7,181,146,326,79.3,93.2,136,106,185,220,94,109,61.4,66,35.2,143,204,99,150,130,39.6,154,147,74.4,87.7,91.8,108,268,66.6,92.6,137,171,139,196,137,66.4,115,207,167,128,216,201,179,98.7,80.5,208,145,143,65.1,82.9,90.8
"FEB_MAX_DAILY_SW",112,52.1,56.6,75,159,101,181,72.5,74.8,123,179,157,223,215,53,56.1,97.7,151,87.2,136,175,59.7,153,109,116,97.4,165,167,46.2,77.6,135,133,93.2,171,57.8,88.1,68.5,68.2,110,121,146,161,203,94.7,32.2,154,109,76.5,76.6,109,209,273,65.1,88.7,160,97.8,129,154,148,62.8,57.4,102,133,102,123,162,82.7,47.9,40.5,90.9,93.7,102,54.9,58,156
"MAR_MAX_DAILY_SW",46.7,34.8,71.6,37.4,90.9,134,74.8,59.7,92.3,143,60.6,58.9,57.5,151,32,72.5,94.9,127,72.2,67.4,145,28.9,73.1,67.1,80.7,84.4,110,105,77.9,63.7,81,178,66.5,140,71.1,66.3,90.6,58,149,120,90.2,118,137,84,32,136,124,74.1,59.2,64,68.7,77.2,94.5,211,111,66.4,211,87.6,136,53.1,37.5,82.6,151,58.5,31.8,58.1,171,55.4,71,74.4,146,83,108,111,83.9
"APR_MAX_DAILY_SW",30.6,27.3,121,30,70.8,88.1,37.1,62.6,81,125,55.8,62.9,55.2,61.4,78.7,91.2,72.5,74.8,129,87.8,77.6,55.2,66.5,55.5,61.2,82.1,77.9,72.8,103,88.1,77.6,101,39.1,135,43.9,66.8,54.7,54.7,44.5,69.6,70.6,42.3,69.3,67.9,57.3,86,49.8,97.6,79.1,54.1,49.2,21.2,80.6,62.5,61.6,96.9,103,33.9,72.2,45.4,53.1,91.7,109,55.8,98.9,53.7,94.9,38.1,58.6,91.1,89.5,85,74.9,92,84.1
"MAY_MAX_DAILY_SW",49.3,30.9,68.8,27,78.2,69.7,44.7,75.6,86.7,71.4,48.1,71.6,46.4,43,47,84.4,51.5,47.6,134,67.4,49.8,65.7,53,40.2,54.9,44.2,40.8,47.3,80.4,23.6,73.9,49.8,46.2,64.8,59.5,64,43.3,25.1,30.4,44.3,67,41,20.1,60.2,46.4,59.5,31.1,44.4,49.3,32.1,23.7,24.2,76.7,26,19.5,86.1,95.9,21.3,75.4,59,74.9,44.4,28.8,24.2,72.6,28.4,55.5,69.8,58.5,56.1,67.2,79.9,46.5,55.8,14.1
"JUN_MAX_DAILY_SW",30.6,16.3,23.5,12.7,39.1,33.7,17.2,71.4,36.5,53.8,30.3,47.3,35.1,34.3,39.4,83.5,20.5,16.5,25.1,45.6,12,19.2,7.65,50.4,15.9,36.8,36.5,22.2,69.9,12.5,53.8,22.5,40.5,60.3,40.2,50.7,29.2,17.8,13.4,11.1,42.5,28.6,15.4,52.3,19,45.4,22.6,49.9,7.94,53.8,9.98,7.64,26.1,18.9,7.32,23.3,42.9,7.88,68.1,39.9,24.5,32.2,14.8,9.86,35.8,29.9,24.9,40.5,15.8,59.3,48,24.8,31.2,14.8,7.77
"JUL_MAX_DAILY_SW",12.6,12.2,11.4,6.06,10.9,20.4,8.67,23.7,15.9,32.8,12.5,23.5,15,25.1,27.8,40.8,11.5,7.56,12.9,9.6,7.9,14.6,21.9,26.3,8.27,28.3,8.5,18.7,16.1,7.84,43,41.1,11.6,38.5,22.8,35.7,7.79,8.58,7.57,12.5,37.4,17.2,48.8,19.7,6.8,12.4,15,7.68,7.72,8.85,8.93,7.8,11.3,12.3,7.32,8.48,60.9,7.01,31.1,15.1,13.6,13.7,7.95,4.87,11.9,7.54,10.1,16,7.08,7.8,13.5,17.6,9.44,5.57,6.21
"AUG_MAX_DAILY_SW",5.21,8.27,5.21,2.72,6.2,10.3,6.65,8.1,7.48,14.4,5.21,9.03,6.97,14.3,17.3,14.6,12.3,4.98,8.67,7.99,5.38,19.2,21.5,19.9,14.9,13.6,8.38,18.7,8.92,6.2,16,8.18,8.92,11.7,25,13.8,7.99,7.96,7.65,12.3,9.35,7.93,19.5,7.69,5.5,10.6,8.4,7.1,7.57,7.66,87.2,7.08,7.58,7.41,7.35,7.46,13,6.75,11.7,7.98,7.31,8.28,7.7,4.97,7.29,6.87,10.3,15.4,6.89,6.46,11.6,8.61,7.65,5.23,6.14
"SEP_MAX_DAILY_SW",9.8,3.11,2.78,2.55,4.25,4.67,3.06,18,6.85,5.27,5.78,4.28,12.8,10.5,7.93,9.63,7.76,8.5,22.9,13,18,15.3,7.45,14.8,12.5,10.9,6.77,21.5,36.2,14.5,19.5,18.8,7.9,9.51,28.6,20.2,16.8,41.3,31.8,10.7,20.4,9.41,16,19.1,8.3,9.47,7.2,19.1,7.63,19.2,87.9,13.4,18.7,7.66,8.69,7.51,50.9,6.54,8.87,18.8,17.9,8.53,5.6,14.8,12.6,5.82,19.7,19.8,6.29,6.79,20.1,7.39,29.8,5.1,24.8
"OCT_MAX_DAILY_SW",80.1,10.1,22.2,25.8,24.5,12.7,60.9,37.4,17.4,84.4,62.3,4.02,47,45.3,79.9,98.5,21.2,40.5,28.9,65.7,47,63.1,113,28.6,65.1,42.5,124,107,40.8,30.9,43,15.3,34.5,9.85,129,17.3,55.2,37.4,66.5,14.1,87.8,101,16.4,78,60.9,10.4,6.63,16.3,34,72,22.3,32.8,16.4,30.9,49.1,56.4,111,16,38.2,52.9,41.1,16.5,219,36.9,78.7,7.32,86.6,26.7,56.9,76.1,47.8,49.5,69,94.8,31.7
"NOV_MAX_DAILY_SW",81.3,80.1,30.3,94,114,59.7,71.1,131,204,132,136,26.9,127,204,213,76.7,30.6,80.4,93.4,92,69.7,171,147,61.7,102,121,129,105,47.3,58.6,116,43,90.3,114,236,31.1,124,41.9,61.2,114,136,92.6,249,105,74.1,107,39,99.3,84.1,236,108,57.1,22.1,69,209,62.6,113,189,141,51,132,151,93.2,83.6,101,233,120,96.3,231,89.9,127,95.7,33.7,123,125
"DEC_MAX_DAILY_SW",157,94.3,38.8,100,156,173,141,151,255,168,176,95.1,136,159,82.7,138,149,188,125,117,114,157,198,89.2,153,286,146,123,112,107,80.7,234,215,148,178,69.1,160,46.4,222,275,157,139,115,86.6,41.1,125,143,83.4,108,238,122,58.7,151,200,214,84.6,119,195,153,77,159,116,97.4,130,140,153,195,50.4,186,177,116,147,27.4,190,214
"JAN_MEAN_DAILY_SW",76.3161290322581,40.6096774193548,46.1354838709677,78.041935483871,79.7354838709677,94.0096774193548,63.1870967741935,97.4516129032258,30.1032258064516,63.9096774193548,101.445161290323,32.1870967741935,179.464516129032,85.7354838709677,67.2612903225806,68.1774193548387,47.9677419354839,153.064516129032,112.725806451613,42.3838709677419,146.751612903226,92.358064516129,84.7548387096774,120.541935483871,38.1677419354839,103.909677419355,116.109677419355,155.483870967742,55.1967741935484,60.4483870967742,83.0741935483871,54.5354838709677,126.412903225806,124.7,70.4774193548387,88.0129032258065,46.1838709677419,56.858064516129,23.5967741935484,88.1548387096774,90.5,57.2645161290323,102.687096774194,87.4064516129032,28.0451612903226,78.6483870967742,109.696774193548,50.0806451612903,67.5967741935484,66.9612903225806,68.9806451612903,110.845161290323,34.1193548387097,72.3322580645161,96.9354838709677,111.387096774194,113.122580645161,109.716129032258,107.351612903226,54.6193548387097,60.7709677419355,116.051612903226,113.016129032258,86.3387096774194,96.0290322580645,161.129032258065,127.038709677419,72.4741935483871,55.7064516129032,125.474193548387,107.725806451613,97.8838709677419,48.1064516129032,49.3774193548387,71.6612903225806
"FEB_MEAN_DAILY_SW",71.8571428571429,41.1464285714286,43.5321428571429,48.6379310344828,88.2321428571429,53.2857142857143,112.264285714286,50.3965517241379,31.4,65.875,118.417857142857,110.179310344828,127.382142857143,112.932142857143,44.4178571428571,36.1137931034483,29.5392857142857,117.303571428571,41.3214285714286,108.086206896552,143.535714285714,47.8642857142857,89.0892857142857,75.4862068965517,93.3,72.4464285714286,101.775,111.034482758621,36.9178571428571,64.7035714285714,106.585714285714,74.3655172413793,57.8428571428571,110.396428571429,43.6,73.3241379310345,50.5321428571429,52.25,55.4214285714286,72.5206896551724,76.8071428571429,106.785714285714,137.289285714286,73.0379310344828,24.5178571428571,76.6035714285714,91.3928571428571,58.4689655172414,48.5357142857143,83.0357142857143,127.678571428571,137.71724137931,47.5607142857143,59.875,116.628571428571,77.8275862068966,73.0321428571429,108.492857142857,121.489285714286,50.551724137931,42.9535714285714,68.225,70.4071428571429,70.3448275862069,62.8214285714286,92.9357142857143,67.2285714285714,41.0310344827586,29.1892857142857,70.9857142857143,71.3464285714286,76.9103448275862,47.4464285714286,40.95,96.3357142857143
"MAR_MEAN_DAILY_SW",37.1838709677419,30.1129032258065,38.9838709677419,25.8967741935484,54.5032258064516,87.6225806451613,46.1483870967742,49.5903225806452,72.9225806451613,94.7967741935484,41.2,42.9741935483871,42.841935483871,76.0354838709677,24.158064516129,45.2903225806452,74.2354838709677,62.1387096774194,49.0096774193548,45.7903225806452,96.9354838709677,25.6709677419355,51.5741935483871,54.1096774193548,50.7258064516129,62.6193548387097,71.1451612903226,86.4516129032258,51.4387096774194,48.2548387096774,66.5322580645161,137.767741935484,53.0935483870968,94.4290322580645,58.0806451612903,52.6387096774194,65.341935483871,38.0032258064516,91.6838709677419,72.7096774193548,45.3483870967742,68.9193548387097,101.558064516129,70.7193548387097,26.8548387096774,85.7193548387097,83.7741935483871,54.2032258064516,49.5258064516129,56.5161290322581,44.158064516129,44.2451612903226,51.641935483871,113.132258064516,88.0096774193548,54.2967741935484,98.1290322580645,64.7225806451613,91.0483870967742,44.6129032258065,19.8096774193548,59.5193548387097,86.5129032258065,41.1161290322581,20.241935483871,45.2677419354839,112.293548387097,45.6741935483871,38.1483870967742,54.458064516129,84.4806451612903,67.3967741935484,87.8967741935484,84.0096774193548,43.4258064516129
"APR_MEAN_DAILY_SW",25.2266666666667,23.98,92.9233333333333,27.77,51.5566666666667,58.72,33.59,47.8833333333333,56.8733333333333,81.65,46.5466666666667,52.7333333333333,40.8433333333333,52.9766666666667,58.3866666666667,75.3566666666667,61.83,43.6733333333333,57.91,76.3733333333333,53.2433333333333,36.3866666666667,56.36,47.6066666666667,39.09,65.7433333333333,48.0966666666667,50.8733333333333,91.53,56.0866666666667,64.5233333333333,72.2066666666667,21.2906666666667,90.9266666666667,39.62,58.4066666666667,46.8166666666667,34.2066666666667,34.02,52.7166666666667,51.8,32.7633333333333,38.9966666666667,56.9333333333333,44.4966666666667,43.6233333333333,37.8966666666667,70.32,63.8233333333333,41.55,31.85,15.3766666666667,58.6966666666667,41.26,33.99,52.7,79.2466666666667,27.2766666666667,52.6633333333333,38.78,36.66,53.9933333333333,72.34,30.4366666666667,74.52,39.0133333333333,60.6533333333333,29.2133333333333,45.57,74.7933333333333,67.12,69.6566666666667,58.2933333333333,65.64,43.0366666666667
"MAY_MEAN_DAILY_SW",31.0645161290323,23.8129032258065,37.9935483870968,18.558064516129,59.3483870967742,55.5193548387097,30.8,63.4612903225806,65.8838709677419,60.1612903225806,39.2129032258064,60.4935483870968,41.3032258064516,39.458064516129,41.6322580645161,76.2354838709677,35.258064516129,23.0451612903226,66.7322580645161,51.2129032258064,36.8387096774194,43.3193548387097,32.5483870967742,35.4354838709677,38.8709677419355,31.8429032258065,36.2354838709677,22.6061290322581,70.8806451612903,16.9741935483871,64.7354838709677,38.8870967741936,22.0622580645161,49.0677419354839,49.5709677419355,54.658064516129,20.9322580645161,17.4387096774194,22.4677419354839,19.5612903225806,37.5290322580645,35.9290322580645,14.5332258064516,46.9548387096774,34.1709677419355,38.7806451612903,23.4674193548387,40.2903225806452,26.4403225806452,16.1093548387097,17.6483870967742,15.1864516129032,43.4645161290323,16.2290322580645,14.1041935483871,39.2451612903226,64.9225806451613,13.2354838709677,50.7451612903226,39.2612903225806,41.6483870967742,29.9838709677419,17.4806451612903,14.0758064516129,33.4483870967742,25.9322580645161,29.5387096774194,41.2903225806452,32.2483870967742,37.7741935483871,48.8290322580645,48.2741935483871,31.8903225806452,28.3193548387097,10.9954838709677
"JUN_MEAN_DAILY_SW",19.4766666666667,14.32,17.2166666666667,8.96366666666667,21.77,25.7966666666667,12.5523333333333,45.8866666666667,25.0033333333333,45.5033333333333,20.48,36.77,24.03,28.1533333333333,34,62.84,14.9766666666667,11.2033333333333,19.96,24.4606666666667,8.777,13.88,7.21133333333333,34.31,9.38233333333333,18.335,17.355,14.1636666666667,34.572,8.64766666666667,33.41,16.21,22.2466666666667,44.4133333333333,21.8863333333333,31.17,14.3876666666667,12.2766666666667,8.18033333333333,8.439,19.8166666666667,18.1166666666667,8.98133333333333,22.11,8.55566666666667,14.8666666666667,19.5833333333333,28.0726666666667,7.288,29.9323333333333,8.279,7.21066666666667,19.66,12.196,6.805,13.6996666666667,30.5733333333333,7.03666666666667,48.1566666666667,28.2966666666667,17.9233333333333,19.5433333333333,10.67,7.67966666666667,16.2043333333333,18.7976666666667,14.4726666666667,21.0133333333333,10.356,26.3733333333333,28.9733333333333,18.5266666666667,15.5013333333333,10.7913333333333,5.92766666666667
"JUL_MEAN_DAILY_SW",8.51870967741936,10.0870967741935,8.53290322580645,4.06709677419355,7.85161290322581,15.0367741935484,7.65870967741935,14.6367741935484,10.4348387096774,22.6,7.93354838709677,15.5993548387097,11.4593548387097,20.8032258064516,19.6387096774194,27.5129032258065,10.6574193548387,6.17838709677419,10.7829032258065,7.88645161290323,5.89967741935484,10.3045161290323,13.7758064516129,21.4258064516129,7.08935483870968,15.28,7.93870967741935,13.1822580645161,10.6932258064516,6.94225806451613,18.4935483870968,19.7277419354839,9.76677419354839,23.4677419354839,11.5945161290323,16.0161290322581,7.37677419354839,7.99064516129032,6.54258064516129,10.7061290322581,15.6612903225806,12.4,25.9903225806452,11.8487096774194,5.90161290322581,9.39516129032258,9.15,7.17516129032258,7.44741935483871,7.75032258064516,7.18161290322581,7.15,7.67354838709677,8.27354838709677,6.75935483870968,7.12645161290323,33.3483870967742,6.40806451612903,21.4129032258065,9.52903225806452,9.7,9.26483870967742,7.50548387096774,4.69870967741935,9.32322580645161,5.96225806451613,8.05709677419355,10.1051612903226,6.53838709677419,6.58193548387097,10.4287096774194,13.0874193548387,7.40290322580645,5.02129032258065,5.85193548387097
"AUG_MEAN_DAILY_SW",3.9758064516129,5.45129032258065,3.59967741935484,1.60409677419355,4.11,7.05290322580645,4.57193548387097,6.02677419354839,6.77451612903226,9.26548387096774,2.93193548387097,5.74,5.08096774193548,9.80677419354839,12.941935483871,8.74967741935484,10.6377419354839,3.88935483870968,7.31483870967742,7.1941935483871,4.70193548387097,13.4435483870968,11.7051612903226,13.4061290322581,8.61258064516129,7.53645161290323,7.47387096774194,10.2064516129032,8.0558064516129,5.98290322580645,10.0764516129032,7.65741935483871,8.22935483870968,9.30870967741935,8.80451612903226,10.3429032258065,7.53129032258065,6.88548387096774,7.40838709677419,8.53225806451613,7.4958064516129,7.58806451612903,8.57483870967742,7.3941935483871,4.82903225806452,7.27774193548387,6.68806451612903,6.64870967741935,7.25322580645161,7.21741935483871,11.7309677419355,5.55903225806452,6.94064516129032,7.01096774193548,6.7358064516129,7.03451612903226,8.64129032258064,6.31064516129032,9.82677419354839,7.24032258064516,6.43774193548387,7.8641935483871,6.59774193548387,4.76806451612903,7.01935483870968,6.16645161290323,8.80290322580645,7.77612903225806,6.20709677419355,6.20064516129032,7.99870967741936,7.90032258064516,7.02870967741935,4.74354838709677,5.01548387096774
"SEP_MEAN_DAILY_SW",6.88466666666667,2.20166666666667,2.14766666666667,1.13926666666667,3.62733333333333,4.07166666666667,2.29666666666667,12.1713333333333,5.27833333333333,2.901,1.9295,3.65666666666667,3.368,8.27333333333333,5.85333333333333,3.80233333333333,7.028,3.35666666666667,10.0173333333333,7.61866666666667,9.15566666666667,11.492,6.84966666666667,9.85066666666667,7.92333333333333,8.58533333333333,6.329,18.01,16.439,8.27066666666667,14.0386666666667,10.6956666666667,7.29933333333333,8.94833333333333,17.58,14.0133333333333,9.44866666666667,27.269,22.4196666666667,8.48166666666667,10.4173333333333,7.90733333333333,12.5576666666667,11.8023333333333,6.50166666666667,7.77666666666667,6.391,9.02433333333333,7.23733333333333,9.09166666666667,33.17,6.31933333333333,8.44933333333333,6.82233333333333,7.16533333333333,7.09166666666667,19.045,6.23466666666667,8.16633333333333,9.145,8.737,7.87866666666667,4.34566666666667,7.55266666666667,7.38666666666667,4.30233333333333,10.222,14.0546666666667,5.97033333333333,6.154,8.68866666666667,6.79433333333333,14.7456666666667,4.73133333333333,8.93533333333333
"OCT_MEAN_DAILY_SW",43.4161290322581,5.91774193548387,9.37096774193548,10.1829032258065,6.96032258064516,5.89612903225806,29.9283870967742,28.741935483871,12.3916129032258,36.0125806451613,31.5151612903226,3.10096774193548,34.8838709677419,25.5254838709677,25.1822580645161,44.6677419354839,10.958064516129,20.2658064516129,21.6774193548387,20.8141935483871,28.4838709677419,37.0967741935484,37.4222580645161,25.4870967741935,31.8429032258065,16.8664516129032,61.0538709677419,47.1870967741935,33.4,16.6622580645161,23.2161290322581,9.73903225806452,13.04,8.04677419354839,60.5741935483871,11.5351612903226,19.1216129032258,23.7677419354839,24.9677419354839,12.358064516129,40.4290322580645,29.4364516129032,10.6241935483871,46.3677419354839,25.1864516129032,6.47774193548387,5.6641935483871,13.0683870967742,13.4951612903226,29.2445161290323,15.9451612903226,14.3622580645161,8.73483870967742,11.1451612903226,25.7374193548387,25.9603225806452,80.1483870967742,11.4177419354839,16.1448387096774,19.8567741935484,17.4287096774194,9.08,79.0558064516129,22.258064516129,18.3135483870968,5.72,53.5612903225806,20.8838709677419,15.7854838709677,34.1883870967742,36.2774193548387,14.8638709677419,42.5903225806452,28.3383870967742,24.0774193548387
"NOV_MEAN_DAILY_SW",53.93,38.0333333333333,23.6733333333333,63.0766666666667,52.8166666666667,17.8633333333333,49.06,61.71,58.0133333333333,76.0466666666667,53.2766666666667,16.9813333333333,89.6333333333333,111.253333333333,113.683333333333,60.55,26.1533333333333,51.65,44.5566666666667,68.1366666666667,51.11,92.52,118.9,27.4833333333333,81.7733333333333,52.1566666666667,80.2733333333333,85.7833333333333,40.3266666666667,44.57,80.0933333333333,30.6673333333333,60.5333333333333,43.7186666666667,173.733333333333,24.9566666666667,93.1733333333333,29.51,38.8133333333333,82.12,110.673333333333,64.78,123.673333333333,87.49,51.71,38.3693333333333,14.8536666666667,76.4966666666667,58.09,150.5,53.0366666666667,47.28,15.4933333333333,49.91,116.54,53.51,75.8233333333333,81.4066666666667,89.1066666666667,36.85,76.11,61.2123333333333,59.2333333333333,73.8433333333333,80.0333333333333,142.899333333333,75.2933333333333,62.7433333333333,146.533333333333,63.7833333333333,52.42,71.8666666666667,28.1766666666667,86.5,78.5966666666667
"DEC_MEAN_DAILY_SW",125.7,70.2935483870968,31.3612903225806,59.9096774193548,98.3290322580645,107.712903225806,71.6096774193548,83.7451612903226,122.541935483871,124.190322580645,84.758064516129,63.2161290322581,113.248387096774,123.603225806452,71.1516129032258,94.6225806451613,83.8838709677419,126.032258064516,84.6709677419355,79.8774193548387,80.8161290322581,126.222580645161,105.406451612903,62.9290322580645,105.864516129032,181.387096774194,93.3451612903226,102.083870967742,69.6903225806452,78.7225806451613,56.6387096774194,86.3548387096774,143.051612903226,105.151612903226,108.625806451613,42.7354838709677,104.770967741935,35.1225806451613,119.803225806452,133.325806451613,113.290322580645,95.9645161290323,65.2354838709677,67.3225806451613,31.8096774193548,82.7612903225806,84.3193548387097,63.941935483871,70.0225806451613,130.758064516129,87.6806451612903,46.3290322580645,82.758064516129,113.687096774194,157.748387096774,68.541935483871,92.7225806451613,133.5,101.912903225806,58.0322580645161,102.438709677419,78.6387096774194,87.0806451612903,86.3290322580645,55.1258064516129,117.522580645161,107.690322580645,35.3096774193548,97.0225806451613,114.641935483871,62.7741935483871,93.7322580645161,21.6290322580645,123.112903225806,137.848387096774
"JAN_P50_DAILY_SW",75.6,36.8,45.9,77.9,79.3,91.5,40.8,96.3,30.3,54.9,94.6,30.3,191,83.3,63.1,62.6,45.6,150,112,33.4,125,83.8,70.8,120,34,94.3,110,150,55.8,55.8,69.9,35.4,129,133,69.7,87.2,45.6,58,22.2,88.7,70.7,49,99.8,75,26.6,61.5,108,55.9,65.9,68.1,62.8,93.3,28.9,66.2,95.2,109,118,92.5,112,57.8,57,104,112,84,51.8,166,109,75.7,57.8,122,103,93.1,45.4,48.1,72
"FEB_P50_DAILY_SW",70.55,42.05,43.6,49.8,77.05,47.05,101.5,42.2,18.1,49.85,113.5,112,111,85.8,47.3,32.6,19.6,120,36.95,116,142,51.55,79.3,71.9,89.6,73.5,98.2,109,37.8,64.95,104,65.7,52.5,103.5,41.9,74.8,56.95,49.85,69.8,67.9,51.55,99.25,169,75.3,23.65,69.35,98.45,55.4,44,88.4,116,99.6,49.35,54.75,118,78.6,61.25,106,119,51.4,43.35,62.5,59.1,66,54.85,85.75,66.7,39.7,28.55,68.7,68.9,75.6,47.45,37.85,88.6
"MAR_P50_DAILY_SW",34.8,29.7,35.4,23.5,39.6,79.9,44.2,51.3,73.6,84.1,37.9,40.8,41.6,72.8,23.7,43.3,76.2,46.2,49.3,43.3,90.9,25.7,52.7,52.7,51.8,62,63.7,89.2,43.3,46.2,65.1,133,51.3,92,58.3,50.7,59.5,35.7,92.9,66.3,39.6,62.2,100,70.3,26.6,87.4,84.5,50.4,51.3,56,41.5,41.9,42.1,88.7,91.7,54.4,58.5,63.1,83.7,45.7,15.8,58.8,106,42.7,18.6,42.2,128,45.1,25.6,53.5,81,65.8,91.6,91.9,39.9
"APR_P50_DAILY_SW",26.8,23.75,90.45,27.55,46,57.5,33.7,46.15,54.8,80.7,45.45,52.4,39.5,55.9,59.75,72.95,61.85,35.85,53.55,75.9,47.55,34,59.6,46.85,30.6,69.95,43.6,49,91.75,53.95,66.55,74.75,21.75,88.75,39.75,59.15,46.4,28.75,34.65,50.8,51.15,33.15,38.5,57.6,43,34.95,35.65,73.15,63.15,40.45,29.15,14.95,56.4,37.65,33.8,39.9,82.4,25.85,58.2,38.65,35.1,48,74.35,25.35,78.15,41.3,58.15,30.35,48.2,70.1,71,65.95,58.9,59.4,39.55
"MAY_P50_DAILY_SW",25.8,23.4,33.4,17.8,54.7,54.7,30,65.7,71.1,59.7,39.1,60,41.3,40.2,41.1,75.9,34,18.2,59.2,50.1,39.4,42.2,35.1,34.8,40.5,36.2,37.4,18.5,70.8,16.2,65.4,41.6,19.3,51.3,51.3,56.4,11.8,17.5,24.3,13.8,27.7,38.6,17.2,49.1,29.2,39.1,28.2,40.5,28.1,13.2,18.9,12.8,34.8,16.1,14.2,28.7,71.1,12.9,48.9,35.9,33.6,26.7,15.2,14.4,27.9,27.1,25.6,49.9,28.1,37.5,50.5,45.9,31.7,22.4,10.3
"JUN_P50_DAILY_SW",17.5,14.35,16.8,8.605,19.75,25.35,12.1,44.3,24.4,47.15,19.1,36.1,24.15,27.2,35.1,63.7,14.8,11.35,20.8,19.85,8.255,13.45,7.36,38.95,8.425,14.55,11.435,13.4,34.4,7.945,31.1,15.65,20.95,50.3,20.5,30.85,12.75,11.5,6.315,7.71,13.85,16.25,7.745,14.05,7.555,7.575,19.9,26.7,7.18,29,8.345,7.26,20.35,12.75,6.79,14.35,31.5,7.045,44.9,28.2,17.65,18.1,8.65,9.315,13.45,21.35,14.6,19,9.37,17.05,29.85,16.75,14.6,11.4,5.6
"JUL_P50_DAILY_SW",8.18,9.91,8.78,3.94,7.31,15,7.65,14,9.54,21.2,7.48,14.7,12.1,21.7,19.1,27,10.5,6.37,10.7,7.99,6.09,10.5,14,21.8,6.91,15.4,7.87,12.5,9.83,7.31,16.7,13,9.12,21.6,7.93,12.2,7.36,8.21,6.47,11.5,13.8,12.6,21.3,10,6.31,9.13,8.71,7.21,7.43,7.48,7.02,7.22,7.1,7.54,6.74,6.99,29.2,6.4,21.9,8.39,10.4,8.36,7.45,4.69,8.94,6.18,7.42,9.32,6.48,6.46,10.1,13.4,6.98,4.98,5.85
"AUG_P50_DAILY_SW",3.77,5.21,3.4,1.64,4.11,6.71,4.56,5.86,6.74,9.03,2.55,4.96,4.62,9.17,12.9,8.16,11.4,4.08,7.16,7.62,4.64,13.9,11,14.3,7.19,7.28,7.62,8.5,8.1,6,9.12,7.59,8.58,8.98,7.33,10.3,7.53,6.8,7.4,7.52,7.72,7.59,7.44,7.39,4.82,6.68,6.92,6.64,7.22,7.22,7.1,5.38,6.94,7.01,6.74,7.01,8.3,6.29,9.73,7.15,6.34,7.88,6.27,4.77,7.04,6.06,8.38,6.94,6,6.3,7.26,7.76,6.99,4.7,4.8
"SEP_P50_DAILY_SW",6.61,2.095,2.125,0.786,3.68,4.11,2.18,11.25,5.595,2.55,1.485,3.57,2.805,7.475,5.66,3.09,7.12,2.44,7.25,7.475,5.975,11.15,6.82,9.855,7.135,8.14,6.26,17.5,8.025,6.355,14.05,7.685,7.31,8.95,17.2,13.5,7.79,35.7,23.4,9.08,8.495,7.77,12.45,10.65,6.645,7.635,6.295,6.78,7.24,7.38,15.6,5.52,6.94,6.665,7.085,7.11,9.235,6.27,8.115,7.32,7.52,7.82,4.16,6.2,7.015,4.22,8.395,15.5,5.95,6.13,7.08,7,12.2,4.7,4.665
"OCT_P50_DAILY_SW",46.7,6.99,5.89,7.99,3.34,3.62,20.6,28.3,14.9,39.1,30.3,3.11,30.9,22.4,18.3,17.7,10.5,15.5,21.4,11.4,29.4,39.4,9,25.5,22.4,8.47,69.9,39.1,34,12.2,17.1,9.23,9.68,8.75,41.1,11.4,13.8,21.3,16.7,12.6,38.6,12.5,10.1,48.8,12.2,5.99,5.63,13.4,7.15,21.1,15.2,11.6,7.06,8.07,21.8,14.5,81.9,13.1,16,12.2,14.3,7.75,18.7,22.1,15.3,4.99,53,20.5,8.18,32.2,37.8,12.5,40,7.77,24.2
"NOV_P50_DAILY_SW",57.2,29.15,23.35,64,47,13.1,47.7,57.5,38.5,73.45,47.3,21.35,105,85.2,88.2,63.4,26.95,48.55,28.6,67.5,49.85,79.6,112,26.6,81.3,44.3,82.7,81.95,42.35,51.25,79.4,32.6,67.25,34.15,174.5,22.1,90.35,28.25,35.6,90.85,112.5,59.45,127.5,86.75,50.4,11.2,9.32,83.75,62.7,179,36.25,48.1,14.95,50.9,119.5,53.5,72.85,80.25,88.5,36.5,83,59.3,58.5,74.95,89.3,141,72.2,63.8,137,59.7,37,68.6,29.15,89.15,72.15
"DEC_P50_DAILY_SW",130,71.9,32.8,57.8,99.7,106,66.8,74.5,111,119,70.8,64.8,114,122,69.9,112,75,119,79.6,72.8,85.5,128,86.9,64.3,101,154,91.7,104,83.3,78.2,55.2,33.4,141,98.3,108,44.2,96.8,38.8,121,112,110,94,69.9,70,31.2,80.1,78.2,66.2,64.8,123,82.1,45.3,73.3,85.4,164,71.7,96,126,90,58,91.5,81.7,87.9,74.3,35.4,127,99.2,34.6,85.6,117,56.4,86.2,21.2,119,137
"JAN_P80_DAILY_SW",59.2,30,34,34.3,51.5,83.8,35.7,58.3,22.7,48.7,75.9,26.1,108,57.8,53.2,60.6,28.9,127,104,27,69.9,56.6,37.7,96,28.6,72.2,106,73.6,35.4,42.8,46.2,34,98.8,63.7,62.9,82.1,37.4,51,20.4,62.7,61.5,40.7,80.5,67.4,25.1,23.7,82.2,29.8,57.9,59.6,43.5,80.1,22.6,60.2,84.4,86,92.7,72.1,89.4,46.5,50.5,81.6,85.8,63.1,35.5,126,96.4,58,38.7,72.7,93.8,75.6,40.6,24.2,63.5
"FEB_P80_DAILY_SW",41.5,32.98,35.28,31.44,51.92,35.64,83.28,35.7,16.48,39.54,91.6,73.68,68.1,50.9,37.24,29.4,19,98.32,26.64,85.16,129.4,36.38,70.2,55.92,84.34,52.52,65.96,87.16,27.82,59.52,89.88,50.28,43.72,84.98,40.14,67.16,33.76,44.58,14.24,57.76,37.68,72.72,66.48,58.28,20.46,46.58,76.04,48.46,37.44,64.38,94.28,84.78,34.88,39.96,83.36,67.18,58.14,96.74,105,43.16,32.84,55.32,46.16,57.8,37.38,50.24,58.34,37.78,22.46,61.78,60.98,67.52,44.7,28.76,62.42
"MAR_P80_DAILY_SW",31.4,27.1,26.4,21.2,34.3,68.5,36.8,43,62.3,73.1,37.1,38.2,36.8,47,21.1,34.3,63.1,42.5,39.6,38.2,85.2,23.4,38.8,46.7,34.3,47.9,54.4,75.9,34.3,41.3,60,122,46.7,68.5,53.2,43.6,56.4,29.2,61.3,58,27.1,40.5,71.6,60.7,24.3,64.1,57.2,47,41.1,54.1,32.3,27.5,30.5,75.3,71.1,48.3,52.7,58.2,75.1,38.3,14.4,49.1,25.2,26.6,14.8,39.6,64.2,40.1,21.6,46.3,50.2,60.9,73.7,69.8,30.4
"APR_P80_DAILY_SW",20.82,22.64,81,26.6,43.48,54.98,30.9,39.9,50.34,54.64,42.14,49.3,34.5,46.6,40.86,65.4,58.1,24.12,29.14,71.56,41.74,31.64,47.36,45.24,27.9,51.34,38.04,42.14,86.64,37.62,55.82,52.98,9.284,65.28,37.4,51.5,43.54,27.76,29.7,44.48,41.02,24.88,17.48,49.82,37.9,27.5,32.88,51.68,53.62,36.98,27.38,13.4,52.66,32.66,22.4,34.68,65.18,25.18,36.44,35.26,29.68,29.52,46.4,24.38,60.94,27.88,51.98,24.24,34.42,66.02,48.12,62.34,45.88,57.08,21.88
"MAY_P80_DAILY_SW",22.4,19.4,27,14.9,49.6,44.7,22.2,56.9,48.4,54.9,36.2,55.8,39.4,36.8,38.5,71.6,25.5,16.6,37.1,43.6,25.3,28.6,19.8,33.7,34.3,24.8,33.4,13.1,66,13,58,33.7,10.3,39.4,40.2,49,10.5,15.5,14,11,18.9,30.9,9.02,36.6,25.6,25,13.3,37.5,9.25,9.43,12.3,10.9,24,15.4,11.8,25.6,37.9,11.3,37.3,31.2,29.7,25.3,14.5,9.9,16,23.9,25.4,14.4,18.7,21.8,33.4,35.4,22,14.7,9.28
"JUN_P80_DAILY_SW",14.94,13.6,13.42,7.182,14.28,22.98,9.8,32.06,19.18,38.22,15.54,29.54,18.48,25.84,29.4,51.12,12.42,7.72,16.28,11.7,7.398,12.3,6.91,20.22,8.07,7.49,8.1,8.94,8.704,7.724,19.24,12.2,15.86,29.22,9.33,22.22,7.584,9.39,5.678,7.602,9.896,15.38,7.634,10.16,6.738,7.22,18.22,13.64,7.08,14.5,7.64,7.042,15.26,7.014,6.558,8.298,26.1,6.376,39.5,22.96,15.04,13.8,7.514,4.79,10.52,8.686,7.724,17.16,7.69,8.224,13.3,15.18,7.492,7.162,5.554
"JUL_P80_DAILY_SW",6.4,9.57,6.65,3.28,6.88,11.9,7.14,10.1,8.21,16.4,5.95,11.3,9.4,17.8,14.4,20,10.3,5.49,9.06,6.46,5.15,8.1,8.18,19.2,6.82,7.14,7.79,10,9.12,6.12,13.9,11.2,8.69,15.8,7.31,11.2,7.22,8.01,5.68,10.1,9.75,8.64,16.7,7.34,5.04,7.46,7.12,6.91,7.32,7.27,6.85,6.9,6.86,6.85,6.55,6.86,21.7,6.27,16.6,7.72,7.41,7.74,7.35,4.63,7.84,4.74,7.34,6.86,6.31,6.33,8.68,10.5,6.7,4.91,5.74
"AUG_P80_DAILY_SW",3.17,3.94,2.94,0.906,3.11,5.52,3.62,5.07,6.51,7.31,1.76,4.36,4.28,8.04,9.74,6.17,10.1,3.26,6.85,6.29,4.45,8.3,9.71,7.82,6.82,7.05,7.02,7.62,7.45,5.92,8.35,7.5,7.22,8.86,7.25,7.93,7.39,6.71,7.29,7.24,6.34,7.42,7.27,7.29,4.62,6.45,6.46,6.5,7.15,7.03,6.92,5.18,6.76,6.75,6.49,6.86,7.56,6.2,9.07,6.99,6.14,7.67,6.17,4.69,6.91,5.87,7.55,6.61,5.87,5.96,7.03,7.49,6.92,4.59,4.63
"SEP_P80_DAILY_SW",4.45,1.7,1.93,0.5436,3.57,3.704,2.04,9.34,4.438,2.31,1.208,3.44,2.474,6.834,4.926,1.98,6.69,2.15,6.77,7.05,5.38,9.894,6.634,7.428,6.402,7.45,6.09,15.4,7.814,6.024,9.578,7.5,7.156,8.762,10.76,11.96,7.544,9.812,14.96,6.21,6.464,7.574,10.08,7.696,5.156,6.46,5.882,6.538,7.11,7.102,13.68,5.288,6.768,6.52,6.958,6.97,8.332,6.088,7.94,7.048,7.39,7.646,4.028,4.8,6.926,3.606,7.646,11.98,5.838,6.026,7.036,6.362,11.08,4.636,4.608
"OCT_P80_DAILY_SW",10.8,2.61,2.66,7.73,3.11,3.28,8.21,24.2,7.48,6.97,10.3,2.72,28.9,9.17,4.87,13.6,7.25,7.76,19,9.4,15.7,14,5.44,24.4,20,7.99,34.8,24.3,28.1,10.5,16.2,7.08,7.11,5.72,20.9,10.1,11.3,17.9,13.9,11.3,30.9,10.6,8.45,14.9,7.91,5.01,5.52,10.8,5.69,19.9,13.3,6.93,6.83,6.68,7.42,8.97,57.6,6.81,12.7,10,9.8,7.51,4.26,16.5,7.42,4.39,39,18.3,5.92,7.52,30.2,5.9,27.2,4.66,21.7
"NOV_P80_DAILY_SW",43.08,21.68,18.62,41.88,25.6,11.6,33.88,28.78,17.26,53.92,39.5,7.08,51.46,51,75.44,52.52,23.72,34.82,24.44,50.4,42.32,38.46,104,23.8,72.5,34.94,58.82,73.2,36.46,25.98,61.02,24.3,33.42,7.426,137,20.56,82.04,22.92,31.12,69.28,97.52,48.06,49.12,80.68,36.3,9.53,5.59,70.14,33.6,68.56,15.78,42.56,13.24,38.68,42.7,47.3,55.84,15.26,58.62,27.4,43.36,7.552,45.88,70.08,57.66,117.52,47.8,38.18,80.7,50.74,35.5,58.86,22.84,63.76,53.24
"DEC_P80_DAILY_SW",101,56.1,23.9,31.7,57.8,68.5,25.9,49.6,63.7,106,50.7,42.5,105,110,63.4,38.2,48.4,112,60.6,62.6,61.7,108,67.1,40.2,85.2,138,62,90.9,36.8,60,49,28.9,105,91.7,73.3,27.2,83.5,23.8,52.3,98,92.5,74,43.2,57,26.1,58,53.4,51.6,46.1,73.1,72.7,42.5,51.6,67.2,122,52.9,78.7,111,80,50,83.8,56.4,78.6,64.5,25.4,86.3,77.1,27.2,73.3,60.3,39.5,62.9,19.4,93.6,85
"JAN_P90_DAILY_SW",55.2,28,29.7,32.3,26.1,77.6,34.5,52.1,21,48.7,70.2,25.2,103,50.1,51.8,60,25.5,125,98.3,24.1,56.6,52.1,32.3,90.3,27.2,61.7,102,67.4,31.1,38.5,45.3,33.1,82.4,53.2,60,77.6,34.5,49.3,17.7,52.5,59.2,38.5,73.6,60.9,24.6,22.5,75.1,28,56,37.7,40.9,75,22,57.8,80.8,76.6,89,64.3,80.6,41.9,46.8,76.7,76.2,55.6,32.4,119,87.5,49,26.4,70.3,89.7,70.8,39.5,24.1,57.2
"FEB_P90_DAILY_SW",37.9,29.22,29.88,27.68,47.44,34.8,76.4,35.04,15.25,38.05,77.56,68,59.07,42.44,34.29,28.52,18.84,93.43,15.93,71.64,120.1,32.77,56.44,50.54,83.21,51.71,60.12,81.42,27.57,55.11,88.57,49.6,40.74,78.4,39.54,61.44,31.16,43.48,13.5,56.08,34.08,65.97,58.91,53.9,19.75,41.52,66.29,46.26,35.37,58.56,80.79,80.02,30.62,36.41,75.35,55.38,53.66,93.03,102.8,42.78,29.87,52.05,38.15,52.4,33.32,43.38,56.9,37.16,21.87,57.62,57.79,66.82,39.6,26.54,57.95
"MAR_P90_DAILY_SW",30.9,26.4,24.1,20.1,31.1,58,33.1,39.4,57.2,70.5,36.8,36.2,35.7,41.1,20.7,33.1,59.7,40.5,37.7,38.2,79.6,22.8,35.7,45.3,32,44.7,50.4,71.4,33.7,40.5,58.6,108,43,61.2,47.9,41.1,53.8,27.7,54,52.4,26.2,39.3,64.3,58.2,23,58.7,53.6,44.5,39.6,51.9,29.7,24.8,29.7,67.2,67.3,44.1,52.3,56.9,73.2,36,14.3,47.3,24.5,24.8,14.6,38.6,57.8,39.5,21.3,45.3,46.1,58.4,67.4,46,26.1
"APR_P90_DAILY_SW",19,22.2,77.87,26.28,42.95,50.8,30.3,38.47,49.3,52.58,41.25,44.48,33.7,41.39,39.6,62.19,51.6,20.25,28.57,68.66,40.39,29.94,42.57,44.06,27.38,46.29,36.06,41.07,84.88,34.77,53.06,49.72,9.224,61.83,36.77,50.29,42.5,27.3,26.56,42.26,31.69,21.87,17.15,48.09,35.19,27.29,31.69,44.75,49.99,36.57,26.11,13.09,42.29,29.39,19.8,33.94,57.13,24.94,31.71,34.48,26.9,28.25,37.27,24.1,51.49,27.19,48.16,22.79,31.84,64.26,47.08,61.76,41.61,56.29,18.41
"MAY_P90_DAILY_SW",16.6,17.7,24.4,14,46.4,41.3,20.3,52.4,42.8,53.8,33.7,53,37.9,35.7,37.9,70.8,22.8,16,29.7,43,20.7,24.2,10.4,33.7,21.6,11.7,31.1,11.7,65.7,12.6,56.9,20.9,10.1,32.3,34.3,46.2,10.4,13.6,13.8,10.9,18.9,30.3,7.94,29.1,23.2,20.6,9.89,36.8,7.52,8.91,10.4,9.63,21.5,11.7,11.4,23.3,30.8,10.7,32.9,29.7,27.1,24,14.3,9.87,14.7,23.4,25.3,14.1,15.9,18.3,27.8,26.2,17.8,14.6,8.93
"JUN_P90_DAILY_SW",13.96,13.38,12.47,6.561,12.97,21.28,9.219,28.47,17.36,36.12,13.95,26.8,16.73,25.39,28.87,47.16,11.5,7.56,14.94,10.447,7.02,11.24,6.731,11.37,7.99,7.36,7.978,8.172,8.55,7.695,14.08,11.49,14.2,19,9.057,19.2,7.477,8.327,5.658,6.029,9.391,15.1,7.57,8.88,6.52,7.017,17.18,7.945,7.015,11.192,7.341,6.85,13.79,6.812,6.47,7.866,20.19,6.32,37.2,18.64,14.4,12.29,7.465,4.707,9.356,7.972,7.533,15.77,7.497,7.975,10.559,14.2,6.842,6.476,5.52
"JUL_P90_DAILY_SW",5.97,8.89,5.97,3.06,6.54,10.7,7.05,9,7.79,15.6,5.69,10.7,8.27,16.1,14.2,17.4,10,5.32,8.44,6.37,4.79,6.43,7.82,18.5,6.74,6.97,7.7,9.29,8.72,6,10.5,8.52,8.64,13.8,7.14,10.9,7.19,6.71,5.58,7.88,9.41,7.95,15.9,7.22,4.91,7.29,6.98,6.83,7.2,7.16,6.74,6.7,6.79,6.68,6.51,6.8,19.6,6.16,13.8,7.23,6.48,7.58,7.18,4.61,7.72,4.43,7.33,6.77,6.28,6.29,8.14,8.9,6.65,4.88,5.72
"AUG_P90_DAILY_SW",3,3.45,2.94,0.85,2.89,4.81,3.26,4.81,6.4,6.29,1.36,4.11,4.19,7.48,9.06,5.58,6.68,2.83,6.77,5.66,4.36,6.82,7.82,6.74,6.74,6.91,6.77,7.62,7.39,5.86,7.96,7.36,7.11,8.81,7.22,7.65,7.33,6.68,7.26,5.85,6.24,7.4,7.22,7.27,4.54,6.43,5.1,6.34,7.12,6.99,6.83,5.09,6.68,6.72,6.42,6.75,7.44,6.14,8.84,6.84,6.07,7.52,6.03,4.68,6.83,5.66,7.49,6.56,5.79,5.91,6.97,7.43,6.88,4.52,4.54
"SEP_P90_DAILY_SW",4.133,1.694,1.87,0.4628,3.474,3.609,1.975,8.978,3.674,1.864,1.0171,3.394,2.315,6.542,4.781,1.76,5.939,2.061,6.68,6.673,5.226,9.4,6.57,6.91,6.04,7.36,6.09,14.88,7.749,5.962,9.243,7.42,7.093,8.601,10.48,11.58,7.39,8.852,8.311,6.003,6.269,7.449,9.291,7.406,4.979,6.436,5.661,6.441,7.031,6.908,13.49,5.213,6.677,6.439,6.865,6.875,8.167,5.979,7.869,7.008,7.338,7.599,3.999,4.778,6.868,3.51,7.61,8.16,5.81,5.969,7.007,6,8.774,4.6,4.474
"OCT_P90_DAILY_SW",10.6,2.55,2.32,5.1,3.06,3.23,7.45,22.7,6.51,2.83,7.79,2.66,27.6,8.72,4.53,13.3,6.77,7.36,17.1,8.95,15.2,12.8,5.1,23.5,5.78,7.84,9.29,18.7,27.5,9.94,15.6,6.74,6.99,5.49,14.1,9.91,10.6,17.5,13.1,11,29.5,10.1,7.94,11.1,7.83,4.86,5.49,10.1,5.43,19.4,13.1,6.71,6.65,6.5,7.28,8.79,52.5,6.65,8.01,9.93,9.71,7.4,4.18,16.2,7.12,4.35,20.5,18.1,5.87,6,30,5.16,23.4,4.57,13.5
"NOV_P90_DAILY_SW",37.07,19.17,17.25,32.1,25.37,10.97,32.51,27.77,16.8,52.85,36.74,5.893,50.4,35.56,71.55,44.56,22.5,30.1,23.1,47.04,38.39,33.64,102.9,23.49,70.44,32.18,49.9,68.5,27.88,24.17,57.88,12.353,31.05,5.482,124.3,19.73,78.92,18.94,30.46,37.43,90.12,44.21,32.02,78.68,32.26,9.109,5.162,40.4,31.94,64.53,15.48,42.09,12.9,38.03,39.38,46.27,51.54,14.16,40.82,26.48,42.07,6.964,41.31,66.32,51.15,16.163,44.02,31.16,60.91,47.48,34.6,55.94,21.48,60.15,48.59
"DEC_P90_DAILY_SW",97.1,50.7,21.7,28.6,53.5,60.6,24.7,45.9,56.9,100,43,27.1,96.6,101,61.2,37.9,41.6,99.7,55.8,59.5,55.2,89.5,58.3,37.1,77.9,129,58.3,83.3,34.8,51,44.5,26.8,90.6,87.8,65.1,25.7,68,23.7,46.7,82.1,77.4,69.3,39.9,49.6,24.6,54.9,47.9,47.4,40.8,60.8,69.3,41.2,47.7,59.9,96.7,48.2,66.9,99.9,78,47,81.2,47.7,76.7,62.2,23.4,76.4,67.2,26.8,65.6,57.8,37.1,57.6,18.8,87.3,73.7
"Oct_to_Sept_TOTALQ_DAILY_SW",1188148608,1092090816,1061310816,733777488,1314688320,1471789440,1155833280,1419153696,1261607616,1679806080,1607602032,1387548576,1457037504,1754983584,1493518176,1616462784,1297562976,1421625600,1513891296,1365990912,1757788128,1196860320,1595871936,1773731520,1064200032,1588669632,1738339488,1886269248,1606612320,1097636832,1569703104,1557283104,1196652096,2022171264,1258715808,1949445792,910131552,1231536960,942103872,1385347104,1527896736,1597039200,1671377760,1543047840,1012268448,1232542656,1348590816,1128690720,1148934240,1197949824,1718473536,1325121984,1010426400,1167458400,1439457696,1765825056,1754680320,1563850368,1926535968,1287255456,942774336,1490844960,1409375808,1297574208,1333303200,1444729824,1849651200,1371415104,916081920,1749205152,1703095200,1468260000,1309760928,1013747616,1379793312
"Oct_to_Sept_YIELDMM_DAILY_SW",2000.25018181818,1838.53672727273,1786.71854545455,1235.31563636364,2213.28,2477.76,1945.84727272727,2389.14763636364,2123.91854545455,2827.95636363636,2706.40072727273,2335.94036363636,2452.92509090909,2954.51781818182,2514.34036363636,2721.31781818182,2184.44945454545,2393.30909090909,2548.63854545454,2299.648,2959.23927272727,2014.91636363636,2686.65309090909,2986.08,1791.58254545454,2674.528,2926.49745454546,3175.53745454545,2704.73454545455,1847.87345454545,2642.59781818182,2621.68872727273,2014.56581818182,3404.32872727273,2119.05018181818,3281.89527272727,1532.208,2073.29454545455,1586.03345454545,2332.23418181818,2572.21672727273,2688.61818181818,2813.76727272727,2597.72363636364,1704.15563636364,2074.98763636364,2270.35490909091,1900.15272727273,1934.23272727273,2016.75054545455,2893.05309090909,2230.84509090909,1701.05454545455,1965.41818181818,2423.32945454545,2972.76945454546,2954.00727272727,2632.74472727273,3243.32654545455,2167.09672727273,1587.16218181818,2509.84,2372.68654545455,2184.46836363636,2244.61818181818,2432.20509090909,3113.89090909091,2308.77963636364,1542.22545454545,2944.78981818182,2867.16363636364,2471.81818181818,2204.98472727273,1706.64581818182,2322.88436363636
"ONDJFM_TOTALQ_DAILY_SW",937764000,881712000,636003360,570715200,924226848,1034300448,915026112,919233792,813144960,1096220736,1294737696,926896608,1125227808,1335579840,1040108256,947086560,928791360,1181995200,1058878656,907320960,1446235776,857148480,1257914880,1347666336,771854400,1202085792,1413949824,1547818848,997081920,828325440,1029562272,1122880320,957591072,1428964416,866316384,1463944320,631004256,953818848,677064960,1100926080,1152722880,1294894080,1382964192,1130271840,737640000,912252672,1077761376,705326400,835662528,905865120,1430557632,1175480640,629867232,926811072,1241222400,1432292544,1134308448,1389234240,1424455200,939616416,623873664,1153629216,1098355680,1116143712,945639360,1181789568,1504154880,1046312640,635135040,1335618720,1251360576,1036566720,956195712,701369280,1171159776
"AMJJAS_TOTALQ_DAILY_SW",250384608,210378816,425307456,163062288,390461472,437488992,240807168,499919904,448462656,583585344,312864336,460651968,331809696,419403744,453409920,669376224,368771616,239630400,455012640,458669952,311552352,339711840,337957056,426065184,292345632,386583840,324389664,338450400,609530400,269311392,540140832,434402784,239061024,593206848,392399424,485501472,279127296,277718112,265038912,284421024,375173856,302145120,288413568,412776000,274628448,320289984,270829440,423364320,313271712,292084704,287915904,149641344,380559168,240647328,198235296,333532512,620371872,174616128,502080768,347639040,318900672,337215744,311020128,181430496,387663840,262940256,345496320,325102464,280946880,413586432,451734624,431693280,353565216,312378336,208633536
"ONDJFM_YIELDMM_DAILY_SW",1578.72727272727,1484.36363636364,1070.71272727273,960.8,1555.93745454545,1741.24654545455,1540.448,1547.53163636364,1368.93090909091,1845.48945454545,2179.69309090909,1560.432,1894.32290909091,2248.45090909091,1751.024,1594.42181818182,1563.62181818182,1989.89090909091,1782.624,1527.47636363636,2434.74036363636,1443.01090909091,2117.70181818182,2268.79854545455,1299.41818181818,2023.71345454545,2380.38690909091,2605.75563636364,1678.58909090909,1394.48727272727,1733.26981818182,1890.37090909091,1612.10618181818,2405.664,1458.44509090909,2464.55272727273,1062.29672727273,1605.75563636364,1139.84,1853.41090909091,1940.61090909091,2179.95636363636,2328.22254545455,1902.81454545454,1241.81818181818,1535.77890909091,1814.41309090909,1187.41818181818,1406.83927272727,1525.02545454545,2408.34618181818,1978.92363636364,1060.38254545455,1560.288,2089.6,2411.26690909091,1909.61018181818,2338.77818181818,2398.07272727273,1581.84581818182,1050.29236363636,1942.13672727273,1849.08363636364,1879.02981818182,1591.98545454545,1989.54472727273,2532.24727272727,1761.46909090909,1069.25090909091,2248.51636363636,2106.66763636364,1745.06181818182,1609.75709090909,1180.75636363636,1971.64945454545
"AMJJAS_YIELDMM_DAILY_SW",421.522909090909,354.173090909091,716.005818181818,274.515636363636,657.342545454546,736.513454545455,405.399272727273,841.616,754.987636363636,982.466909090909,526.707636363636,775.508363636364,558.602181818182,706.066909090909,763.316363636364,1126.896,620.827636363636,403.418181818182,766.014545454545,772.171636363636,524.498909090909,571.905454545455,568.951272727273,717.281454545455,492.164363636364,650.814545454545,546.110545454545,569.781818181818,1026.14545454545,453.386181818182,909.328,731.317818181818,402.459636363636,998.664727272727,660.605090909091,817.342545454546,469.911272727273,467.538909090909,446.193454545455,478.823272727273,631.605818181818,508.661818181818,485.544727272727,694.909090909091,462.337454545455,539.208727272727,455.941818181818,712.734545454545,527.393454545455,491.725090909091,484.706909090909,251.921454545455,640.672,405.130181818182,333.729454545455,561.502545454545,1044.39709090909,293.966545454545,845.253818181818,585.250909090909,536.869818181818,567.703272727273,523.602909090909,305.438545454545,652.632727272727,442.660363636364,581.643636363636,547.310545454545,472.974545454545,696.273454545455,760.496,726.756363636364,595.227636363636,525.889454545455,351.234909090909
