"","Y1933","Y1934","Y1935","Y1936","Y1937","Y1938","Y1939","Y1940","Y1941","Y1942","Y1943","Y1944","Y1945","Y1946","Y1947","Y1948","Y1949","Y1950","Y1951","Y1952","Y1953","Y1954","Y1955","Y1956","Y1957","Y1958","Y1959","Y1960","Y1961","Y1962","Y1963","Y1964","Y1965","Y1966","Y1967","Y1968","Y1969","Y1970","Y1971","Y1972","Y1973","Y1974","Y1975","Y1976","Y1977","Y1978","Y1979","Y1980","Y1981","Y1982","Y1983","Y1984","Y1985","Y1986","Y1987","Y1988","Y1989","Y1990","Y1991","Y1992","Y1993","Y1994","Y1995","Y1996","Y1997","Y1998","Y1999","Y2000","Y2001","Y2002","Y2003","Y2004","Y2005","Y2006","Y2007","Y2008","Y2009","Y2010","Y2011","Y2012","Y2013","Y2014","Y2015"
"ANNUAL_MIN_01Day_SW",12,24,18.9,13.9,8.5,18.2,15.4,21.8,18,18.5,11.7,13.8,16.3,16.7,17.8,16.1,13.4,17.4,26,13,14.4,18.6,16.9,17.6,17.1,19.6,18.1,19.9,20.6,17,25.2,17.1,22.8,19,21.2,19.5,17.1,20,20.8,18,17.7,17.9,16,19.9,16.3,15.7,16.7,13.8,29.2,24.6,25.8,20.4,15.4,19.8,16.7,15.2,17.7,22.7,18.7,16.3,14.4,17,17.5,27.8,23.9,23.1,23.5,18,14.5,18.7,18.4,19,24.4,19.7,19,15.9,17.6,20.2,18.4,16.9,22.6,17,25.3
"ANNUAL_MINDOY_01Day_SW",40,292,357,337,16,58,75,352,57,342,17,76,64,52,15,80,38,62,78,335,1,42,84,76,65,9,76,77,361,25,365,68,35,63,73,366,29,63,1,31,55,365,11,64,8,62,36,31,41,41,2,365,70,45,57,32,64,65,365,364,48,39,4,68,64,275,52,348,63,310,56,54,15,306,33,25,70,54,357,47,53,61,299
"ANNUAL_MIN_03Day_SW",12.5,24.6333333333333,18.9333333333333,13.9,8.5,18.2666666666667,15.5333333333333,22,18.1,18.6333333333333,11.8666666666667,13.9,16.3666666666667,16.7333333333333,17.9,16.2333333333333,13.4666666666667,17.6,26,13.2666666666667,14.4,19.2,16.9666666666667,17.6666666666667,17.2333333333333,19.6666666666667,18.1333333333333,20.0333333333333,20.9333333333333,17.3666666666667,25.5333333333333,17.2,23,19.1333333333333,21.5333333333333,20.8333333333333,17.2666666666667,20.3,20.9,18,17.8333333333333,18.4,16.7333333333333,20,16.3333333333333,16,16.7,14.1666666666667,29.4666666666667,24.7,25.9333333333333,20.5333333333333,15.4666666666667,19.8666666666667,16.8666666666667,15.2666666666667,17.7,22.8333333333333,18.8,16.3666666666667,15.2,17.8,17.5333333333333,27.9333333333333,23.9333333333333,23.2,23.5666666666667,18.7,14.5333333333333,18.8,18.4333333333333,19.0333333333333,25.2666666666667,19.9333333333333,19.1,16.1,18.1,20.2,18.9666666666667,17.1666666666667,22.7,17.2666666666667,25.4
"ANNUAL_MINDOY_03Day_SW",42,292,358,339,18,58,76,58,58,343,19,76,66,53,17,81,39,64,80,336,1,42,85,77,67,11,77,78,352,75,365,70,57,65,74,366,29,64,2,33,55,365,12,77,10,63,38,32,43,42,4,366,70,47,59,34,66,66,365,365,64,353,5,69,65,276,53,349,64,310,69,56,16,307,35,26,72,56,357,52,53,62,301
"ANNUAL_MIN_07Day_SW",13.6142857142857,25.0857142857143,18.9714285714286,14.0857142857143,8.5,18.3857142857143,15.6428571428571,22.1142857142857,18.3857142857143,18.6714285714286,12.2,13.9857142857143,16.4857142857143,16.8571428571429,18.0142857142857,16.4,13.6428571428571,17.9285714285714,26.2571428571429,13.7857142857143,14.2142857142857,19.5142857142857,17.1857142857143,17.8,17.4,19.7142857142857,18.2857142857143,20.1428571428571,21.0428571428571,17.4285714285714,26.0857142857143,17.4285714285714,23.3142857142857,19.5571428571429,22,24.4142857142857,17.5857142857143,20.4428571428571,20.8857142857143,18.0857142857143,18.0142857142857,18.9714285714286,17.0571428571429,20.2,16.3714285714286,16.2428571428571,16.8714285714286,14.5714285714286,30.4571428571429,24.7857142857143,26.5285714285714,20.8571428571429,15.4857142857143,20,17.0285714285714,15.4,17.8714285714286,23,19.0571428571429,16.4714285714286,15.3285714285714,17.9,17.6857142857143,28.5,24.1285714285714,23.4571428571429,23.7857142857143,18.9714285714286,14.6,19.0142857142857,18.5428571428571,19.1857142857143,26.7428571428571,20.5428571428571,19.1714285714286,16.6428571428571,18.5142857142857,20.3857142857143,19.3,17.2142857142857,22.8142857142857,17.5,25.6142857142857
"ANNUAL_MINDOY_07Day_SW",46,293,360,341,28,60,76,59,58,347,22,63,70,54,21,81,41,68,83,337,1,44,88,80,52,15,79,78,356,30,365,71,47,67,74,14,32,69,2,35,56,365,43,70,14,66,38,35,46,43,5,366,73,51,61,36,68,66,365,366,64,354,6,69,66,279,54,354,64,311,70,56,17,307,39,28,76,58,361,52,58,63,302
"ANNUAL_MIN_30Day_SW",17.6533333333333,26.5133333333333,20.1266666666667,15.07,8.92566666666667,20.06,16.1566666666667,23.3,19.5966666666667,19.3733333333333,13.8233333333333,14.2333333333333,17.4333333333333,17.5866666666667,19.2533333333333,17.1266666666667,14.18,20.38,28.0933333333333,14.88,14.9666666666667,21.5366666666667,18.16,18.81,17.96,20.4566666666667,18.72,21.5266666666667,22.1033333333333,18.4733333333333,29.8666666666667,18.2033333333333,23.6366666666667,20.96,23.15,25.88,19.29,21.21,21.6466666666667,18.6933333333333,18.9166666666667,19.4466666666667,17.7766666666667,21.2766666666667,17.6033333333333,16.8633333333333,17.3433333333333,15.1166666666667,34.3933333333333,27.5433333333333,28.4633333333333,22.3533333333333,15.6633333333333,21.23,17.7633333333333,15.9866666666667,19.2733333333333,23.78,20.8033333333333,17.9433333333333,15.51,18.2833333333333,17.9833333333333,30.9466666666667,24.8033333333333,24.9166666666667,25.5333333333333,20.3,15.1133333333333,20.48,19.3333333333333,19.93,32.4466666666667,21.6133333333333,19.6166666666667,18.0833333333333,19.35,20.7533333333333,20.87,18.0433333333333,23.78,18.12,28.4133333333333
"ANNUAL_MINDOY_30Day_SW",68,304,365,346,40,67,80,63,59,365,43,83,79,60,32,87,53,89,90,362,7,62,89,83,55,49,81,81,365,84,365,85,49,69,81,20,76,74,23,55,59,365,59,81,37,71,59,55,47,45,25,366,75,55,337,41,71,74,365,26,76,365,7,71,68,286,55,366,68,323,71,67,365,308,62,47,79,62,365,65,62,64,317
"ANNUAL_MIN_DAILY_SW",12,24,18.9,13.9,8.5,18.2,15.4,21.8,18,18.5,11.7,13.8,16.3,16.7,17.8,16.1,13.4,17.4,26,13,14.4,18.6,16.9,17.6,17.1,19.6,18.1,19.9,20.6,17,25.2,17.1,22.8,19,21.2,19.5,17.1,20,20.8,18,17.7,17.9,16,19.9,16.3,15.7,16.7,13.8,29.2,24.6,25.8,20.4,15.4,19.8,16.7,15.2,17.7,22.7,18.7,16.3,14.4,17,17.5,27.8,23.9,23.1,23.5,18,14.5,18.7,18.4,19,24.4,19.7,19,15.9,17.6,20.2,18.4,16.9,22.6,17,25.3
"ANNUAL_MAX_DAILY_SW",612,470,402,464,314,416,340,394,253,368,345,225,399,476,354,682,399,493,385,365,462,456,595,612,422,493,467,388,688,402,396,524,399,402,629,569,473,377,470,631,357,694,365,368,314,402,320,427,469,523,491,557,477,582,378,347,368,451,410,323,419,331,405,492,595,376,557,375,363,492,419,332,371,554,481,411,368,329,492,611,474,393,412
"ANNUAL_MEAN_DAILY_SW",111.253150684932,95.2197260273973,89.3758904109589,75.5516393442623,63.8141917808219,80.6602739726027,83.3471232876712,73.2333333333333,81.0369863013699,74.4605479452055,75.3295890410959,55.7991803278689,72.2479452054795,98.3665753424658,88.4213698630137,91.3573770491803,71.6493150684932,86.7394520547945,98.2854794520548,81.342349726776,88.1923287671233,111.894246575342,97.5238356164384,103.337978142077,82.1643835616438,80.181095890411,113.133698630137,91.529781420765,96.5660273972603,92.9805479452055,88.1254794520548,105.876775956284,85.6613698630137,89.5917808219178,105.489863013699,106.349726775956,97.7005479452055,67.4454794520548,110.62301369863,116.162841530055,71.6780821917808,111.057534246575,87.1019178082192,111.635792349727,63.1939726027397,94.8572602739726,65.0904109589041,83.3090163934426,112.962739726027,111.052328767123,102.430410958904,93.1590163934426,81.1158904109589,86.2539726027397,68.1306849315068,84.3609289617486,83.9569863013699,106.035616438356,102.754246575342,73.074043715847,75.2315068493151,80.9082191780822,87.3704109589041,110.42349726776,127.705479452055,83.0216438356164,126.310410958904,99.2775956284153,62.6134246575342,92.4747945205479,81.5786301369863,88.9319672131148,93.6079452054795,94.8608219178082,87.4575342465753,84.6483606557377,71.7838356164384,77.7424657534247,103.326575342466,119.430601092896,102.095342465753,93.261095890411,81.8802739726027
"ANNUAL_TOTALQ_DAILY_SW",3508479360,3002849280,2818558080,2389124160,2012444352,2543702400,2628434880,2315813760,2555582400,2348187840,2375593920,1764504000,2278411200,3102088320,2788456320,2888939520,2259532800,2735415360,3099530880,2572240320,2781233280,3528696960,3075511680,3267794880,2591136000,2528591040,3567784320,2894391360,3045306240,2932234560,2779125120,3348077760,2701416960,2825366400,3326728320,3363033600,3081084480,2126960640,3488607360,3673347840,2260440000,3502310400,2746846080,3530191680,1992885120,2991418560,2052691200,2634431040,3562392960,3502146240,3230245440,2945911680,2558070720,2720105280,2148569280,2667695040,2647667520,3343939200,3240457920,2310776640,2372500800,2551521600,2755313280,3491856000,4027320000,2618170560,3983325120,3139395840,1974576960,2916285120,2572663680,2812242240,2952020160,2991530880,2758060800,2676784320,2263775040,2451686400,3258506880,3776682240,3219678720,2941081920,2582176320
"ANNUAL_YIELDMM_DAILY_SW",1063.17556363636,909.954327272727,854.108509090909,723.977018181818,609.831621818182,770.818909090909,796.495418181818,701.761745454545,774.418909090909,711.572072727273,719.876945454545,534.698181818182,690.427636363636,940.026763636363,844.986763636364,875.436218181818,684.706909090909,828.913745454546,939.251781818182,779.466763636364,842.797963636364,1069.30210909091,931.973236363637,990.240872727273,785.192727272727,766.239709090909,1081.14676363636,877.088290909091,922.820072727273,888.555927272727,842.159127272727,1014.56901818182,818.6112,856.171636363636,1008.09949090909,1019.10109090909,933.661963636364,644.533527272727,1057.15374545455,1113.13570909091,684.981818181818,1061.30618181818,832.3776,1069.75505454545,603.904581818182,906.490472727273,622.027636363636,798.312436363636,1079.51301818182,1061.25643636364,978.862254545455,892.700509090909,775.172945454545,824.274327272727,651.0816,808.392436363636,802.323490909091,1013.31490909091,981.956945454545,700.235345454546,718.939636363636,773.188363636364,834.943418181818,1058.13818181818,1220.4,793.385018181818,1207.06821818182,951.332072727273,598.356654545454,883.722763636364,779.595054545455,852.194618181818,894.551563636364,906.524509090909,835.776,811.146763636364,685.992436363636,742.935272727273,987.426327272728,1144.44916363636,975.660218181818,891.236945454545,782.477672727273
"ANNUAL_CUMQ_DAILY_SW",40607.4,34755.2,32622.2,27651.9,23292.18,29441,30421.7,26803.4,29578.5,27178.1,27495.3,20422.5,26370.5,35903.8,32273.8,33436.8,26152,31659.9,35874.2,29771.3,32190.2,40841.4,35596.2,37821.7,29990,29266.1,41293.8,33499.9,35246.6,33937.9,32165.8,38750.9,31266.4,32701,38503.8,38924,35660.7,24617.6,40377.4,42515.6,26162.5,40536,31792.2,40858.7,23065.8,34622.9,23758,30491.1,41231.4,40534.1,37387.1,34096.2,29607.3,31482.7,24867.7,30876.1,30644.3,38703,37505.3,26745.1,27459.5,29531.5,31890.2,40415,46612.5,30302.9,46103.3,36335.6,22853.9,33753.3,29776.2,32549.1,34166.9,34624.2,31922,30981.3,26201.1,28376,37714.2,43711.6,37264.8,34040.3,29886.3
"ANNUAL_Date_25P_CUMQ_DAILY_SW",154,121,147,132,151,141,136,133,134,143,145,143,145,140,135,148,135,154,138,138,150,149,161,142,135,138,153,141,144,148,143,157,141,140,153,150,138,145,139,149,144,149,153,145,135,144,140,129,144,151,143,152,143,145,128,139,135,143,142,128,138,130,146,146,146,128,152,139,145,149,145,136,131,139,135,148,147,144,153,150,137,144,111
"ANNUAL_Date_50P_CUMQ_DAILY_SW",178,150,170,154,174,162,166,157,171,167,173,169,166,163,163,163,155,176,170,160,174,180,180,161,154,155,179,172,161,174,166,179,167,166,173,174,161,165,166,169,170,173,177,180,166,174,163,154,174,175,167,177,162,162,152,166,167,173,171,156,159,157,171,173,170,152,181,169,168,171,165,169,162,157,158,173,168,172,176,176,166,170,152
"ANNUAL_Date_75P_CUMQ_DAILY_SW",213,186,200,183,215,188,207,193,263,198,202,231,194,193,206,195,198,209,205,190,208,212,209,194,188,188,236,202,184,212,198,218,206,196,196,212,195,196,200,201,207,197,218,217,207,211,196,198,210,207,208,203,206,197,187,202,210,202,199,191,202,188,230,206,208,191,221,200,207,194,197,219,202,184,188,209,199,208,203,200,193,208,183
"JFM_TOTALQ_DAILY_SW",172644480,282018240,230083200,138689280,93163392,191799360,163892160,230342400,198547200,198676800,119352960,123215040,155882880,151657920,183530880,155701440,128122560,175590720,271736640,173854080,151830720,188792640,177655680,182986560,150033600,201683520,175417920,225918720,223853760,152141760,255562560,163131840,195575040,193838400,206513280,267200640,163365120,181863360,252244800,214289280,171028800,227664000,141765120,201216960,141065280,168920640,162648000,154759680,308620800,249739200,300905280,243708480,133790400,218341440,196966080,140849280,177828480,216336960,257990400,224467200,140581440,185820480,199022400,292593600,248771520,258318720,239336640,267840000,132088320,206046720,198918720,183332160,362448000,244235520,245972160,154828800,173136960,179565120,190831680,158086080,227024640,170847360,478137600
"AMJ_TOTALQ_DAILY_SW",1717554240,1921190400,1470934080,1651449600,1070426880,1600145280,1434006720,1406401920,1223691840,1272818880,1249205760,940602240,1349982720,1931670720,1590494400,1853444160,1427146560,1351684800,1560384000,1608914880,1400051520,1618168320,1401105600,2050012800,1724016960,1625063040,1688376960,1497372480,2023444800,1545454080,1539043200,1600767360,1495644480,1618401600,1861323840,1647907200,1911055680,1244315520,1961003520,2056164480,1200286080,1949313600,1334698560,1627032960,1140937920,1526420160,1190410560,1667476800,1646334720,1748053440,1622773440,1435147200,1541868480,1584195840,1354561920,1591367040,1474459200,1768245120,1666915200,1403464320,1396189440,1620976320,1410765120,1704749760,2109075840,1582951680,1783494720,1689733440,1074600000,1649453760,1505174400,1519534080,1531336320,1951041600,1704378240,1437523200,1271246400,1290401280,1626194880,2007806400,1886224320,1606072320,1437929280
"JAS_TOTALQ_DAILY_SW",1123208640,492825600,923676480,459069120,552683520,538012800,650134080,411739200,589204800,706043520,816194880,411808320,577298880,801610560,630262080,628637760,464572800,846823680,904512960,652579200,912306240,1347148800,1152118080,765892800,474456960,416085120,1153284480,887492160,569652480,852698880,731505600,1183921920,700565760,776269440,974410560,1083749760,646833600,488289600,1022673600,1129939200,568373760,1156619520,906292800,1447053120,490199040,983854080,522936000,518546880,1200104640,1152558720,957087360,1028635200,536189760,663379200,444519360,589412160,652155840,987577920,1134207360,456831360,625320000,585118080,643999680,1172897280,1177977600,536569920,1428433920,953449920,528603840,880303680,548069760,734823360,660096000,570801600,572158080,762886080,595797120,683709120,1232841600,1248410880,817456320,716808960,411384960
"OND_TOTALQ_DAILY_SW",495072000,306815040,193864320,139916160,296170560,213744960,380401920,267330240,544138560,170648640,190840320,288878400,195246720,217149120,384168960,251156160,239690880,361316160,362897280,136892160,317044800,374587200,344632320,268902720,242628480,285759360,550704960,283608000,228355200,381939840,253013760,400256640,309631680,236856960,284480640,364176000,359830080,212492160,252685440,272954880,320751360,168713280,364089600,254888640,220682880,312223680,176696640,293647680,407332800,351794880,349479360,238420800,346222080,254188800,152521920,346066560,343224000,371779200,181344960,226013760,210409920,159606720,501526080,321615360,491495040,240330240,532059840,228372480,239284800,180480960,320500800,374552640,398139840,225452160,235552320,321546240,223594560,298010880,208638720,362378880,288973440,447353280,254724480
"JFM_YIELDMM_DAILY_SW",52.3165090909091,85.4600727272727,69.7221818181818,42.0270545454545,28.2313309090909,58.1210181818182,49.6642909090909,69.8007272727273,60.1658181818182,60.2050909090909,36.1675636363636,37.3378909090909,47.2372363636364,45.9569454545455,55.6154181818182,47.1822545454545,38.8250181818182,53.2093090909091,82.3444363636364,52.6830545454545,46.0093090909091,57.2098909090909,53.8350545454546,55.4504727272727,45.4647272727273,61.1162181818182,53.1569454545455,68.4602181818182,67.8344727272727,46.1035636363636,77.4432,49.4338909090909,59.2651636363636,58.7389090909091,62.5797818181818,80.9698909090909,49.5045818181818,55.1101090909091,76.4378181818182,64.9361454545455,51.8269090909091,68.9890909090909,42.9591272727273,60.9748363636364,42.7470545454545,51.1880727272727,49.2872727272727,46.8968727272727,93.5214545454545,75.6785454545455,91.1834181818182,73.8510545454546,40.5425454545455,66.1640727272727,59.6866909090909,42.6816,53.8874181818182,65.5566545454545,78.1789090909091,68.0203636363636,42.6004363636364,56.3092363636364,60.3098181818182,88.6647272727273,75.3853090909091,78.2784,72.5262545454545,81.1636363636364,40.0267636363636,62.4384,60.2784,55.5552,109.832727272727,74.0107636363636,74.5370181818182,46.9178181818182,52.4657454545454,54.4136727272727,57.8277818181818,47.9048727272727,68.7953454545455,51.7719272727273,144.890181818182
"AMJ_YIELDMM_DAILY_SW",520.470981818182,582.178909090909,445.7376,500.439272727273,324.371781818182,484.892509090909,434.547490909091,426.1824,370.815709090909,385.702690909091,378.5472,285.030981818182,409.085672727273,585.354763636364,481.968,561.649745454545,432.468654545455,409.601454545455,472.843636363636,487.549963636364,424.258036363636,490.354036363636,424.577454545455,621.216,522.429381818182,492.443345454545,511.629381818182,453.749236363636,613.165090909091,468.319418181818,466.376727272727,485.081018181818,453.2256,490.424727272727,564.037527272727,499.365818181818,579.107781818182,377.065309090909,594.243490909091,623.080145454545,363.723054545455,590.701090909091,404.454109090909,493.040290909091,345.738763636364,462.551563636364,360.730472727273,505.296,498.889309090909,529.713163636364,491.749527272727,434.893090909091,467.232872727273,480.059345454545,410.473309090909,482.232436363636,446.805818181818,535.831854545454,505.125818181818,425.292218181818,423.087709090909,491.204945454545,427.504581818182,516.590836363636,639.113890909091,479.682327272727,540.452945454545,512.040436363637,325.636363636364,499.834472727273,456.113454545455,460.464872727273,464.041309090909,591.224727272727,516.478254545455,435.613090909091,385.226181818182,391.030690909091,492.786327272727,608.426181818182,571.583127272727,486.688581818182,435.736145454545
"JAS_YIELDMM_DAILY_SW",340.366254545455,149.341090909091,279.901963636364,139.111854545455,167.479854545455,163.034181818182,197.010327272727,124.769454545455,178.546909090909,213.952581818182,247.331781818182,124.7904,174.939054545455,242.912290909091,190.988509090909,190.496290909091,140.779636363636,256.613236363636,274.094836363636,197.751272727273,276.456436363636,408.226909090909,349.126690909091,232.088727272727,143.774836363636,126.0864,349.480145454545,268.937018181818,172.621963636364,258.3936,221.668363636364,358.764218181818,212.292654545455,235.233163636364,295.275927272727,328.409018181818,196.010181818182,147.966545454545,309.901090909091,342.405818181818,172.234472727273,350.490763636364,274.634181818182,438.500945454545,148.545163636364,298.1376,158.465454545455,157.135418181818,363.668072727273,349.260218181818,290.026472727273,311.707636363636,162.481745454545,201.024,134.702836363636,178.609745454545,197.622981818182,299.266036363636,343.6992,138.433745454545,189.490909090909,177.308509090909,195.151418181818,355.423418181818,356.962909090909,162.596945454546,432.858763636364,288.924218181818,160.182981818182,266.758690909091,166.081745454545,222.673745454545,200.029090909091,172.970181818182,173.381236363636,231.1776,180.544581818182,207.184581818182,373.588363636364,378.306327272727,247.714036363636,217.214836363636,124.662109090909
"OND_YIELDMM_DAILY_SW",150.021818181818,92.9742545454546,58.7467636363636,42.3988363636364,89.7486545454545,64.7712,115.273309090909,81.0091636363636,164.890472727273,51.7117090909091,57.8304,87.5389090909091,59.1656727272727,65.8027636363636,116.414836363636,76.1079272727273,72.6336,109.489745454545,109.968872727273,41.4824727272727,96.0741818181818,113.511272727273,104.434036363636,81.4856727272727,73.5237818181818,86.5937454545455,166.880290909091,85.9418181818182,69.1985454545455,115.739345454545,76.6708363636364,121.289890909091,93.8277818181818,71.7748363636364,86.2062545454545,110.356363636364,109.039418181818,64.3915636363636,76.5713454545455,82.7136,97.1973818181818,51.1252363636364,110.330181818182,77.2389818181818,66.8736,94.6132363636364,53.5444363636364,88.9841454545455,123.434181818182,106.604509090909,105.902836363636,72.2487272727273,104.915781818182,77.0269090909091,46.2187636363636,104.868654545455,104.007272727273,112.660363636364,54.9530181818182,68.4890181818182,63.7605818181818,48.3656727272727,151.9776,97.4592,148.937890909091,72.8273454545455,161.230254545455,69.2037818181818,72.5105454545455,54.6912,97.1214545454546,113.5008,120.648436363636,68.3188363636364,71.3794909090909,97.4382545454546,67.7559272727273,90.3063272727273,63.2238545454545,109.811781818182,87.5677090909091,135.5616,77.1892363636364
"JAN_MIN_DAILY_SW",23.6,32.8,23.2,17,8.5,22.4,20.4,24.9,20.3,26.2,11.7,16.1,18.4,17.3,17.8,19.9,14.2,20.7,30.6,20.4,14.4,23.6,24.2,22.2,18.6,19.6,23,25.5,21.5,17,28,22.3,23,24.1,24.7,23.9,17.1,23.4,20.8,18,20.3,25.2,16,26.8,16.3,16.7,17.6,13.8,35.4,28.4,25.8,27.9,16.3,22,18.8,15.6,22,27.7,26.1,16.5,16.1,20.5,17.5,30.6,24.5,29.4,25.7,29.9,16.5,24.2,19.4,20.2,24.4,32.8,19.2,15.9,19.4,20.3,21.7,17.1,25.5,20.1,34.3
"FEB_MIN_DAILY_SW",12,28.2,28.2,16.1,8.5,18.2,16.1,22,18,20.1,14.2,13.9,17.7,16.7,18.1,18,13.4,21.2,28.6,18.2,17.4,18.6,19.3,18.5,17.3,19.8,18.4,21.1,23.5,17.7,28.6,17.9,22.8,20,23.1,25.3,18.3,21.3,35.7,18,17.7,24.9,16.9,22,16.4,16.6,16.7,14.4,29.2,24.6,26.7,25.2,15.5,19.8,16.7,15.2,18.9,23,26.7,25.3,14.4,17,18.2,29.3,24.3,27.5,23.5,26.5,14.6,22.3,18.4,19,40.7,24.6,19,17.9,18.9,20.2,18.7,16.9,22.6,17.5,33.5
"MAR_MIN_DAILY_SW",19,28.9,25.4,16.4,13.2,18.5,15.4,23,22.7,19.7,13.8,13.8,16.3,18.3,20.9,16.1,14.6,17.4,26,17.4,17,21.5,16.9,17.6,17.1,25.5,18.1,19.9,27,17.3,28.3,17.1,23.7,19,21.2,36,18,20,26.7,21.6,21,22.7,17.9,19.9,17.3,15.7,18.5,22.6,37.7,32.4,42.2,24.7,15.4,25.5,16.9,16.7,17.7,22.7,30.5,27.1,15.2,20.4,20.1,27.8,23.9,28.5,25.4,30,14.5,23.1,18.4,20.1,39.5,26.5,19.2,18.2,17.6,20.9,20.3,17.8,22.9,17,47.1
"APR_MIN_DAILY_SW",28.9,67.1,24.9,15.7,16.7,31.1,42.8,56.4,66.8,22.5,28.1,15.3,23.1,34.5,47.9,20.7,23.6,22.9,32.3,24.3,22.8,23.5,20,31.4,27.6,40.8,27,66,56.1,25,43,25,24.9,56.1,30.3,39.4,45.9,26.2,30.3,51,26.5,41.6,18.1,29.2,19.4,56.9,27,24.4,43.6,33.6,48.7,42,19.4,49.6,33.6,23.8,28.7,46.9,33.4,50,29.7,46.6,43.6,40.3,52.6,49,47.6,40.3,20.9,28.7,45.8,56.3,47.1,33.2,67.7,19.8,22.8,28.8,37.5,36.3,46.2,30.2,79.4
"MAY_MIN_DAILY_SW",128,234,80.7,195,49.3,121,188,100,128,69.7,86.4,71.4,51.8,128,146,92.9,110,53.5,99.1,136,80.1,43.9,41.6,127,163,65.4,118,79.9,106,101,103,61.7,118,72.5,49.8,92,132,35.1,132,68.8,57.5,136,54.9,90.9,135,145,105,246,137,78.9,127,73.5,80.3,83.8,181,119,141,135,108,176,78.3,150,63.2,91.9,118,216,127,145,67.1,75.5,105,156,141,147,118,46.9,55.9,73.9,47.3,151,83.6,82.4,120
"JUN_MIN_DAILY_SW",300,139,270,143,218,260,197,140,141,204,188,118,229,259,195,203,107,191,198,214,235,271,174,245,144,142,268,213,223,243,218,311,205,244,340,286,244,197,303,314,179,245,243,199,151,200,175,144,246,303,217,217,174,190,126,219,196,300,257,152,152,221,208,278,309,152,272,242,164,307,243,210,207,239,214,252,210,253,288,324,278,293,146
"JUL_MIN_DAILY_SW",143,75.3,143,60,74.2,63.1,91.7,62.3,51,104,114,46.7,73.9,110,93.4,73.9,73.1,104,119,88.1,112,156,182,104,62.9,53,134,107,76.2,118,100,139,88.6,105,129,129,82.7,66.5,177,176,73.3,173,106,183,64.3,108,66.9,65.4,190,145,146,141,57.3,94.9,63.7,79.8,75.7,140,165,60.2,102,77.6,71.7,183,162,80.1,209,147,74.6,109,69.3,73.6,88.5,69.6,77.1,87.4,79.6,89.7,207,158,90.8,88.4,51.6
"AUG_MIN_DAILY_SW",60.6,34,51,31.7,36.2,31.7,35.7,28.6,35.7,43.9,43.6,37.7,32.6,48.7,39.9,64.3,37.7,54.1,51.8,39.1,66.3,87.5,52.7,49.3,37.4,29.2,66,48.1,39.6,59.7,45.3,78.2,56.1,44.7,43.9,74.2,36.8,32,52.4,63.4,32.3,62.6,63.7,129,37.4,67.1,35.5,41.5,67.3,68.7,62.2,50.6,34.9,42.6,33.1,35.3,55.7,53.4,65.3,30.1,50.8,34.9,56.8,61.3,59.8,35.5,100,48.3,37.9,42.6,30.6,42.8,38.4,32.8,31.5,52.3,34.3,37.1,60.2,50.3,41.1,41.8,27.9
"SEP_MIN_DAILY_SW",48.4,28.6,32.3,24.7,24.7,24.4,26.1,25.5,59.5,25.7,27.2,29.4,26.8,37.7,30.9,36.2,28.9,27,36.8,24.6,36.8,57.2,33.4,30.9,26.6,24.7,65.7,36.2,25.5,37.7,36.2,61.2,41.1,29.2,27.9,60,31.4,27,34.5,41.1,23.6,30,40.5,58.3,36.2,69.1,25.9,37.4,45.4,56.1,43.6,40.5,31.9,29.8,22.2,26,36.3,29.2,31.8,25,32,23.2,31,44.4,51.8,23.5,44.9,39.2,25.6,27.4,24.1,53.7,28.7,24.1,22.5,35.1,26,33,33.2,28.2,34.2,28.5,33.2
"OCT_MIN_DAILY_SW",45.9,24,25.9,18.3,25.5,25.2,25.5,27.3,76.5,21.6,24.4,37.4,22.1,27.6,30.3,34.3,24.3,26.8,52.1,18.2,35.1,41.3,32,39.6,27.5,38.5,79.9,32.3,24.4,39.6,26.1,52.1,39.9,25.8,31.1,52.1,40.8,27.4,32.8,36.8,24,19.6,38.5,34,27.4,40.5,21.3,31.8,46.1,46.5,32.3,30.8,38.4,29.7,17.2,32.2,29.6,27.9,21.3,31.2,28.6,19.9,31.7,41.1,66.8,23.1,38.4,33.1,23.6,19.5,22.1,47.2,37.8,20.7,24.1,33.2,22.8,34.5,28,23.6,37.6,26.6,25.3
"NOV_MIN_DAILY_SW",55.8,29.4,22.5,14.4,41.9,23.5,37.7,26.6,46.2,19.7,20.9,30.6,24,23.3,37.4,27.4,26,39.6,31.7,13,36.8,38.5,37.9,26.2,25.2,26.1,56.1,32.8,23.8,43.3,28.9,40.2,36.5,26.1,33.7,39.1,39.1,22.5,28.1,27.1,38.2,18.5,39.1,24.6,22.1,29.4,17.2,32.4,44.9,35.4,46.4,27.9,34.5,29.2,16.8,39,35.5,30.7,20,24.5,20.1,18.3,46.3,38.6,47.1,25.3,40.3,23.3,23.3,18.7,35.7,40,39.5,19.7,26.1,39.1,30,32.7,22.2,49.7,29,52.4,28.1
"DEC_MIN_DAILY_SW",44.7,31.4,18.9,13.9,27.5,21.6,37.4,21.8,39.6,18.5,17.7,21.4,19.7,20.7,26,19,27.6,37.9,27,13.7,26.5,34,28.6,23.1,20.6,24.4,35.7,22.7,20.6,35.1,25.2,24.7,26.3,27.1,25.9,19.5,28.3,20.8,23.5,21.7,29.2,17.9,37.9,20.5,21.2,21.1,18.3,28,32.3,26.6,28.6,20.4,24.1,22.7,17.2,25.9,32.9,36.9,18.7,16.3,21.6,17.7,52.1,28,32.5,29.1,44.6,18,25.4,18.9,22.6,36.2,28.2,23.8,23.3,20.1,20.2,22.9,18.4,34.5,22.9,47.2,26.3
"JAN_MAX_DAILY_SW",30.9,45,43,20.1,12.7,33.4,27.5,38.5,24.9,53,19.7,18.3,23.6,20.7,21.4,26.6,18.9,31.7,50.4,46.4,21.2,29.7,35.4,30.6,23.1,22.1,34,33.7,35.1,21.1,43.6,26.6,28,28.6,30.3,31.4,23.6,27.7,78.7,25.9,26.6,47.3,18.9,36.8,20.6,21,21.8,22,51.3,32.9,32.8,36.5,20.9,24.2,23.1,17.6,29.6,34.1,36.8,29.9,20.5,23,20.3,50.4,33.7,33,29.8,44.5,19.8,42.5,23.8,23.6,70.1,41.8,25.2,23.8,30.4,24.7,29.6,19.9,34.1,24.4,47.4
"FEB_MAX_DAILY_SW",23.3,32.8,38.5,17,17.1,22.7,29.2,24.7,21.1,26.1,15.7,17.1,22.3,18.4,26.6,19.7,15.4,25.2,65.1,21.9,26.6,25.1,24.2,24.6,20,46.2,23,27,38.5,23.3,36.5,22.3,24.7,25.1,29.2,34.8,21.8,23.8,80.7,22.3,20.4,32.6,18.6,26.2,19.1,18.4,18.1,29.9,46.4,43.4,42.2,30.4,17.5,26.5,19.2,17.6,21.7,28.1,38.8,33.2,20,21.3,24.8,35.5,28,31.2,28.6,31.6,16.9,31.7,22.5,23.3,64.7,33.6,20.5,19,22.3,21.3,26,19.8,25.5,19.7,103
"MAR_MAX_DAILY_SW",27.2,64.8,29.7,18,15.6,32.8,38.8,60.3,63.4,21.3,26,14.9,24.8,34.3,46.2,20.4,24.1,22.4,32.3,26.8,24.6,28.6,19.1,30.9,24.6,42.5,25,77.6,51,23.3,46.4,21.3,31.1,55.8,37.1,50.4,39.9,26.8,34,58.6,27.3,44.5,20.3,25.5,20,77.6,30.2,28.8,52.9,36.9,85,47.7,18.4,51.9,49.3,25.7,30.2,38.8,35.6,51.2,40.3,40.9,50,44.5,78.4,64.4,78.9,39.5,21.4,27.1,51.6,55.7,50,31.2,111,22,22.9,33.3,39.1,41.1,46.1,30.4,119
"APR_MAX_DAILY_SW",136,365,76.2,228,45.3,150,214,112,153,104,159,76.5,44.2,144,172,99.7,146,55.2,99.7,220,109,50.4,55.2,196,115,67.4,120,128,94.6,154,122,59.7,170,96.6,50.1,76.2,178,39.4,130,81.3,58.6,147,55.5,86.9,135,183,92.4,384,128,82,168,104,109,122,223,189,134,191,133,246,73.7,230,63.1,159,134,186,155,201,120,106,118,150,203,203,117,48.1,77.2,132,47.4,225,115,80.1,119
"MAY_MAX_DAILY_SW",340,470,345,433,236,416,340,394,253,368,252,218,388,476,354,575,399,213,385,365,283,419,193,515,422,493,294,230,524,343,396,286,337,345,337,306,430,292,470,606,357,286,262,360,239,292,320,427,469,383,491,299,477,580,378,347,330,381,359,323,419,331,371,309,516,376,384,325,363,413,375,263,371,554,335,411,366,313,333,343,474,393,321
"JUN_MAX_DAILY_SW",612,396,402,464,314,377,268,317,221,351,345,225,399,411,334,682,306,493,368,360,462,396,595,612,411,428,467,388,688,402,382,524,399,402,629,569,473,377,450,631,297,694,365,368,314,402,305,258,412,523,474,557,427,582,237,335,368,451,410,294,353,313,405,492,595,300,557,375,308,492,419,332,310,459,481,380,368,329,492,611,465,362,412
"JUL_MAX_DAILY_SW",394,140,292,143,219,242,238,136,148,252,300,114,219,263,190,191,102,360,317,257,280,456,413,227,137,136,351,334,206,300,231,385,208,262,422,328,235,182,311,388,232,419,300,365,142,323,172,138,403,463,292,432,167,214,127,210,195,393,410,162,162,230,203,406,400,160,403,344,188,407,236,245,240,231,206,309,201,248,433,602,390,281,140
"AUG_MAX_DAILY_SW",134,71.6,135,58.9,77.3,60.6,88.6,60.6,52.4,98.5,108,53.5,69.9,104,91.7,88.1,71.6,98.3,114,85.2,108,150,177,99.1,62.9,51.5,128,107,71.9,115,100,175,86.9,101,123,137,79.6,69.1,171,172,71.1,166,100,230,62.9,103,64.8,63.9,182,150,142,135,56.2,91,64.7,77.9,73.2,134,159,58.9,97.1,75.1,96.9,175,160,79.2,211,148,71.1,103,66.9,70.5,85.3,67.7,73.4,94.8,77.4,89.8,200,151,87.3,85.1,49.8
"SEP_MAX_DAILY_SW",60.6,36,53.2,36.8,37.1,31.7,37.7,35.1,114,42.8,43.3,58.3,39.9,54.7,41.3,67.4,36.8,52.1,62,38.5,64,108,51.3,47,36.2,44.2,151,75,48.1,58,45.3,85,54.7,43.3,43,96.3,54.9,37.1,58,60.3,40.8,60.9,95.7,151,52.4,98,45.1,50,73.1,82.8,70,56.2,66.3,45.1,32.5,39.5,68,57.2,66.1,38.4,49.8,34.3,54.9,71.2,135,34.7,102,50.2,37.1,42.2,30.1,123,37.8,33.1,31.5,70.6,35.4,69.5,57.6,49.2,90.4,44.6,39.7
"OCT_MAX_DAILY_SW",133,29.4,32.3,24.2,54.4,36.2,108,85.8,99.7,26.4,35.4,56.9,29.4,37.1,99.7,51,31.4,70.5,85,24.3,64,55.8,86.9,51.8,44.5,58.6,114,54.1,49.3,82.7,36.8,86.1,46.7,33.7,46.7,68.5,64.3,35.4,50.7,54.7,90.9,29.4,53.5,63.4,40.8,77.9,31.9,46.5,77.3,68.8,48,41.8,63.8,45.8,23,102,56.1,40.4,31.1,39.9,33.6,26.5,74.8,52.5,132,33.4,58,48.9,28.6,28,107,76.9,119,23.8,42.8,59.4,37.2,54.3,39.3,52.8,75.2,66.1,34.4
"NOV_MAX_DAILY_SW",106,65.4,25.9,18.2,53,34.5,69.1,49,74.8,23.3,28.1,45.6,30.3,29.2,75.9,33.7,51.3,61.2,49,18.2,57.5,63.7,71.1,39.9,42.5,41.9,91.5,47.6,37.7,61.4,49.3,57.8,47.3,33.1,50.4,53.8,78.4,27.3,33.4,37.9,61.7,27.8,65.7,34.3,31.1,44.2,25.2,44,67.3,58.6,104,35.5,75.9,40.9,19.9,74.8,72.7,83.3,24.5,38.5,29.3,22.3,117,48.2,69,37.9,241,34.6,67.3,23.8,67.3,47.4,73.2,56,34.9,60.6,35.4,60.8,31.6,72.9,39.8,108,44.8
"DEC_MAX_DAILY_SW",54.7,44.7,22.5,16.8,39.9,27.7,56.9,26.7,79.3,20.6,23.1,32,25,30,36.8,27,43,62.3,46.7,15.9,37.4,53.5,37.7,27.8,25.4,29.7,54.9,33.4,25.7,48.4,38.5,41.1,36.8,39.1,33.7,38.8,39.4,27.9,27.5,29.4,39.9,20.7,60.9,24.8,28.9,29.4,27.8,61.3,49.4,38.1,44,27.6,34.8,31.6,28.5,38.5,51.4,62.1,23.9,24.3,28.6,20.7,113,39.2,46.8,45.4,87.1,23.2,35.9,36.8,34.2,45.8,38.8,30.9,32.8,40.3,29.3,32.6,25.1,65.7,30.9,104,43.7
"JAN_MEAN_DAILY_SW",27.541935483871,38.9677419354839,28.5838709677419,18.8709677419355,9.85903225806452,26.6677419354839,22.8612903225806,30.8387096774194,21.7483870967742,32.9193548387097,15.0677419354839,17.4806451612903,21.5516129032258,18.9741935483871,19.3129032258065,23.1225806451613,16.4903225806452,25.0516129032258,38.8032258064516,26.6096774193548,17.4,26.3677419354839,28.5322580645161,27.3451612903226,20.5387096774194,20.4967741935484,27.1290322580645,28.7225806451613,24.1,19.1548387096774,32.7096774193548,23.8967741935484,25.2903225806452,26.9451612903226,27.4548387096774,26.6096774193548,20.6548387096774,25.3193548387097,24.258064516129,22.7161290322581,22.9290322580645,31.5677419354839,18.0774193548387,31.1870967741935,17.8903225806452,19.4483870967742,19.3258064516129,18.3096774193548,40.3225806451613,29.7741935483871,29.1677419354839,31.2354838709677,18.7516129032258,22.8870967741935,20.3903225806452,16.5225806451613,25.5806451612903,30.4161290322581,31.8838709677419,18.7612903225806,16.8967741935484,22.3709677419355,18.6967741935484,41.9161290322581,30.0870967741935,30.9354838709677,28.4032258064516,37.1,17.9483870967742,29.3032258064516,21.441935483871,21.2258064516129,42.9548387096774,36.3838709677419,22.1870967741935,20.1709677419355,25.8387096774194,22.5225806451613,25.6322580645161,18.8161290322581,29.058064516129,22.2838709677419,39.8645161290323
"FEB_MEAN_DAILY_SW",18.2321428571429,30.9892857142857,32.9,16.5689655172414,12.0446428571429,20.325,19.2928571428571,23.3758620689655,19.5357142857143,23.1214285714286,15.175,15.2413793103448,19.4714285714286,17.5428571428571,21.6607142857143,18.851724137931,14.3,22.2142857142857,38.1107142857143,20.3896551724138,20.5214285714286,21.425,21.7285714285714,21.2034482758621,18.0285714285714,25.0357142857143,20.6107142857143,24.5275862068966,28.7107142857143,20.6678571428571,32.9571428571429,19.8965517241379,23.6321428571429,22.075,26.325,29.2,19.8785714285714,22.175,44.9107142857143,18.9344827586207,18.8142857142857,28.3214285714286,17.7785714285714,23.3655172413793,17.6857142857143,17.3214285714286,17.325,16.351724137931,36.2392857142857,31.7357142857143,32.1285714285714,27.4724137931034,16.1714285714286,21.6071428571429,18.0357142857143,16.5172413793103,20.425,25.1964285714286,35.6214285714286,27.6206896551724,16.85,19.8321428571429,21.4071428571429,31.9724137931034,25.3464285714286,28.7785714285714,25.7035714285714,29.2137931034483,15.5892857142857,25.0964285714286,20.3428571428571,20.248275862069,51.5392857142857,29.1785714285714,19.6392857142857,18.4758620689655,20.5,20.75,23.2714285714286,18.2103448275862,23.8214285714286,18.2892857142857,71.1
"MAR_MEAN_DAILY_SW",20.4483870967742,38.3354838709677,27.6032258064516,17.4096774193548,14.0451612903226,26.5838709677419,20.9032258064516,33.2935483870968,34.7354838709677,20.3741935483871,15.7870967741935,14.2645161290323,19.0612903225806,21.8032258064516,29.6451612903226,17.3741935483871,18.4290322580645,20.441935483871,28.2290322580645,19.2258064516129,20.7516129032258,24.7677419354839,18.1709677419355,21.1387096774194,19.1935483870968,32.1903225806452,19.7483870967742,32.6806451612903,33.5451612903226,18.9806451612903,32.9387096774194,18.3967741935484,26.3838709677419,25.4870967741935,25.8709677419355,45.8354838709677,22.3838709677419,22.5516129032258,29.3548387096774,39.5774193548387,23.9322580645161,27.8516129032258,18.7935483870968,22.0806451612903,18.8032258064516,27.9741935483871,25.7516129032258,24.1741935483871,42.1709677419355,34.8032258064516,54.158064516129,34.0548387096774,16.5935483870968,39.1161290322581,36.858064516129,20.6129032258065,22.3645161290323,27.5967741935484,32.2645161290323,39.2064516129032,20.3709677419355,29.0935483870968,36.2741935483871,37.4161290322581,39.9,39.5161290322581,37.7387096774194,35.5709677419355,17.2870967741935,24.958064516129,34.4516129032258,28.2806451612903,45.8161290322581,28.4483870967742,51.9096774193548,20.3516129032258,20.2870967741935,25.7774193548387,24.5967741935484,23.1709677419355,34.1870967741935,24.9838709677419,74.4322580645161
"APR_MEAN_DAILY_SW",53.47,172.766666666667,44.27,94.2333333333333,27.4933333333333,69.6733333333333,79.4766666666667,77.5266666666667,90.5366666666667,56.85,88.1,33.8066666666667,30.17,72.5433333333333,79.25,47.74,73.3633333333333,40.9966666666667,72.13,84.09,37.97,38.62,37.1966666666667,95.8333333333333,46.0966666666667,54.6,56.88,92.72,63.7833333333333,82.74,66.8333333333333,40.4166666666667,76.29,74.97,41.8433333333333,44.45,96.4566666666667,33.5366666666667,65.26,62.1566666666667,39.8466666666667,74.7166666666667,32.9633333333333,64.8833333333333,52.3433333333333,74.4633333333333,39.7966666666667,100.883333333333,64.7266666666667,47.2766666666667,76.9366666666667,67.86,62.6966666666667,74.2233333333333,68.0933333333333,94.1866666666667,70.2166666666667,113.393333333333,78.5,87.0933333333333,49.6066666666667,117.01,50.3066666666667,103.276666666667,76.32,75.5066666666667,77.31,98.9033333333333,32.87,58.94,70.2666666666667,102.006666666667,82.26,75.9166666666667,88.32,30.2433333333333,44.9933333333333,58.6633333333333,41.57,81.8833333333333,80.5333333333333,53.3133333333333,96.79
"MAY_MEAN_DAILY_SW",187.322580645161,304.516129032258,181.987096774194,280.129032258065,131.335483870968,217.838709677419,250.064516129032,226.612903225806,186.806451612903,167.877419354839,139.787096774194,140.883870967742,183.183870967742,311.322580645161,259.129032258065,234.893548387097,268.903225806452,133.083870967742,250.422580645161,254.774193548387,181.458064516129,246.135483870968,108.470967741935,302.967741935484,348.096774193548,299.341935483871,201.129032258065,160.229032258065,251.645161290323,176.225806451613,198.935483870968,157.964516129032,184.41935483871,215.141935483871,175.058064516129,197.435483870968,290.677419354839,150.183870967742,305.290322580645,256.725806451613,175.638709677419,192.290322580645,152.129032258065,263.222580645161,162.645161290323,194.774193548387,181.58064516129,322.709677419355,256.741935483871,194.509677419355,221.064516129032,123.990322580645,239.058064516129,191.803225806452,259.870967741935,234.387096774194,211.58064516129,203.741935483871,227.161290322581,231.548387096774,273.496774193548,248.58064516129,186.938709677419,174.567741935484,282.193548387097,311.032258064516,198.741935483871,217.838709677419,168.174193548387,170.732258064516,170.935483870968,214.225806451613,243.096774193548,313.838709677419,241,214.796774193548,150.216129032258,152.106451612903,179.922580645161,235.935483870968,291.364516129032,238.98064516129,200.967741935484
"JUN_MEAN_DAILY_SW",415.6,253.766666666667,335.166666666667,253.433333333333,249.766666666667,322.566666666667,215.366666666667,230.9,188.533333333333,260.733333333333,249.4,183.5,301.366666666667,351,266.6,424.6,199.366666666667,342.966666666667,271.1,273.366666666667,314.666666666667,331.333333333333,391.266666666667,382,259.333333333333,263.033333333333,386.666666666667,319.4,456.833333333333,331.4,321.366666666667,413.933333333333,310.166666666667,327.1,495.366666666667,387.3,340.466666666667,291.333333333333,375.833333333333,465.833333333333,241.733333333333,478.633333333333,324.766666666667,290.833333333333,219.766666666667,313.166666666667,231.833333333333,208.966666666667,305.133333333333,426.133333333333,320.7,357.7,285.133333333333,338.766666666667,185.966666666667,277.566666666667,280,358.266666666667,329.866666666667,215.1,206.433333333333,251.5,300.8,374.033333333333,445.766666666667,213.8,405.4,327.9,207.933333333333,401,333.8,262.866666666667,257.333333333333,352.5,320.2,302.4,290.233333333333,282,399.9,448.933333333333,346.1,319.366666666667,250.3
"JUL_MEAN_DAILY_SW",274.903225806452,104.5,221.483870967742,100.525806451613,123.5,130.374193548387,157.841935483871,84.7709677419355,90.7548387096774,168.387096774194,204.258064516129,71.4483870967742,139.416129032258,189.548387096774,141.009677419355,114.370967741935,89.5032258064516,209,218.516129032258,154.170967741935,215.451612903226,318.290322580645,295.483870967742,184.032258064516,95.1161290322581,87.4451612903226,235,216.709677419355,128.335483870968,188.193548387097,164.677419354839,258.516129032258,146.296774193548,190.903225806452,255.387096774194,232.096774193548,151.664516129032,105.870967741935,241.838709677419,269.064516129032,135.990322580645,284.774193548387,202.225806451613,284.387096774194,90.7258064516129,209.58064516129,116.583870967742,99.9161290322581,280.741935483871,261.774193548387,206.967741935484,254.774193548387,104.858064516129,150.690322580645,94.5290322580645,138.422580645161,129.625806451613,248.451612903226,277.032258064516,98.8935483870968,127.612903225806,139.012903225806,127.445161290323,280.290322580645,274.516129032258,120.790322580645,305.354838709677,229.483870967742,116.987096774194,233.838709677419,133.293548387097,140.848387096774,158.938709677419,140.506451612903,142.9,168.964516129032,139.31935483871,152.103225806452,308.935483870968,340.774193548387,204.041935483871,175.429032258065,81.6483870967742
"AUG_MEAN_DAILY_SW",92.2387096774194,48.9483870967742,82.9645161290323,43.441935483871,53.2935483870968,43.4612903225806,54.1935483870968,40.6709677419355,42.3612903225806,63.6677419354839,68.9516129032258,44.4903225806452,46.7548387096774,66.0516129032258,59.2612903225806,74.1838709677419,53.0354838709677,72.358064516129,74.358064516129,59.6064516129032,80.1258064516129,109.729032258065,95.4354838709677,66.1645161290323,51.8548387096774,37.3548387096774,85.5709677419355,68.0096774193548,52.0645161290323,86.1677419354839,68.6387096774194,112.970967741935,69.7064516129032,66.0161290322581,74.5225806451613,99.9483870967742,53.0354838709677,46.0645161290323,97.4193548387097,104.977419354839,48.1548387096774,105.441935483871,76.3354838709677,162.41935483871,49.4451612903226,79.4290322580645,46.2548387096774,51.6774193548387,114.503225806452,104.496774193548,93.5612903225806,82.0096774193548,45.1193548387097,62.2322580645161,45.7967741935484,51.5709677419355,63.641935483871,81.0322580645161,102.335483870968,43.5161290322581,67.8548387096774,51.058064516129,72.9903225806452,105.058064516129,96.1258064516129,52.6612903225806,164.064516129032,83.9967741935484,50.9387096774194,62.0774193548387,45.0677419354839,56.1032258064516,54.8935483870968,46.0451612903226,46.2290322580645,68.8387096774194,52.5806451612903,60.5451612903226,111.503225806452,89.4322580645161,60.6548387096774,58.458064516129,36.8032258064516
"SEP_MEAN_DAILY_SW",53.9566666666667,31.57,41.76,28.3433333333333,30.54,27.9366666666667,31.72,29.2266666666667,89.7633333333333,32.6033333333333,32.5733333333333,39.0733333333333,30.3466666666667,45.1433333333333,36.21,47.69,31.9433333333333,35.97,46.3266666666667,30.8633333333333,46.54,77.4466666666667,40.54,36.9466666666667,31.1766666666667,31.5666666666667,113.683333333333,48.1866666666667,33.36,45.4666666666667,41.1233333333333,72.89,47.0766666666667,34.0033333333333,35.0233333333333,75,38.0266666666667,31.3833333333333,43.9833333333333,49.4233333333333,28.9966666666667,43.0033333333333,61.8033333333333,96.5766666666667,44.2766666666667,80.93,33.4833333333333,43.41,54.5833333333333,66.18,58.7,48.84,51.8866666666667,35.9133333333333,26.4933333333333,31.07,51.8933333333333,40.5433333333333,45.5666666666667,29.09,39.2666666666667,29.3333333333333,41.34,54.3133333333333,71.47,27.7766666666667,66.0266666666667,43.9133333333333,30.4133333333333,33.8433333333333,27.14,79.98,33.7066666666667,27.4466666666667,25.3066666666667,48.5933333333333,31.5633333333333,44.04,41.18,37.0933333333333,41.8566666666667,34.8633333333333,36.3133333333333
"OCT_MEAN_DAILY_SW",62.5,26.558064516129,28.9161290322581,21.5774193548387,32.9161290322581,29.1870967741935,43.8548387096774,41.7032258064516,90.8903225806452,23.841935483871,28.3838709677419,44.6290322580645,25.2612903225806,31.7903225806452,62.4677419354839,42.0096774193548,27.3548387096774,43.7935483870968,64.3806451612903,20.6129032258065,44.3741935483871,48.4838709677419,45.7806451612903,42.9903225806452,36.6193548387097,46.7645161290323,94.4967741935484,41.1806451612903,34.6225806451613,51.8483870967742,31.0838709677419,71.3838709677419,43.241935483871,28.3806451612903,37.3967741935484,57.8645161290323,50.4677419354839,31.1838709677419,38.7064516129032,45.2451612903226,39.8451612903226,23.4516129032258,42.8741935483871,45.258064516129,31.858064516129,56.1032258064516,24.0290322580645,39.2193548387097,56.2290322580645,56.6483870967742,36.1451612903226,36.6516129032258,48.4096774193548,36.7096774193548,19.2322580645161,50.0967741935484,35.2129032258064,33.0451612903226,25.2838709677419,35.041935483871,30.4774193548387,21.8032258064516,50.7935483870968,45.9161290322581,89.0354838709677,27.3322580645161,43.5806451612903,38.1548387096774,24.7387096774194,23.7483870967742,46.4548387096774,57.7967741935484,64.0096774193548,22.041935483871,31.6903225806452,42.2548387096774,28.8741935483871,42.9,32.4322580645161,31.3548387096774,49.3741935483871,38.0161290322581,29.0225806451613
"NOV_MEAN_DAILY_SW",75.07,53.8066666666667,24.0366666666667,15.76,46.97,27.5966666666667,52.6966666666667,34.2166666666667,60.5866666666667,21.1633333333333,24.08,38.0866666666667,26.6466666666667,25.21,52.5366666666667,30.06,30.34,47.9233333333333,39.0233333333333,16.0533333333333,43.6133333333333,50.03,51.74,32.64,31.46,35.1266666666667,69.7633333333333,39.1933333333333,29.3633333333333,51.2033333333333,34.3433333333333,48.64,42.35,29.48,40.5833333333333,45.6633333333333,51.16,25.71,31.1433333333333,32.7233333333333,45.18,20.7333333333333,49.41,28.6033333333333,26.9766666666667,36.1566666666667,20.6733333333333,35.8066666666667,56.8166666666667,44.0666666666667,61.1766666666667,30.8366666666667,53.3,33.9766666666667,17.9333333333333,48.9733333333333,52.57,59.18,22.3333333333333,31.56,25.03,20.0733333333333,63.3766666666667,41.9933333333333,58.4833333333333,30.5366666666667,95.38,27.6066666666667,35.2966666666667,20.9633333333333,46.4266666666667,43.82,53.72,35.2833333333333,30.8966666666667,49.4933333333333,31.8066666666667,41.26,25.2733333333333,58.3,34.26,69.4933333333333,34.0966666666667
"DEC_MEAN_DAILY_SW",49.6903225806452,35.9225806451613,20.2032258064516,15.4096774193548,32.2064516129032,23.9096774193548,47.1741935483871,24.9935483870968,53.6354838709677,19.3903225806452,19.5645161290323,26.3677419354839,21.8483870967742,24.8870967741935,30.1225806451613,22.6709677419355,32.7741935483871,44.7290322580645,33.3451612903226,14.9612903225806,31.7903225806452,42.9548387096774,32.8193548387097,25.8193548387097,23.5225806451613,25.9322580645161,43.6,26.7774193548387,22.2193548387097,41.2,30.1451612903226,30.9838709677419,31.3774193548387,31.5225806451613,29.541935483871,33.9129032258065,34.3677419354839,23.2709677419355,25.4967741935484,24.9967741935484,36.1870967741935,19.4741935483871,45.2451612903226,22.2258064516129,24.4290322580645,25.4774193548387,21.9354838709677,35.7645161290323,40.8677419354839,32.0516129032258,35.1322580645161,22.5225806451613,29.2741935483871,25.3129032258065,20.358064516129,31.7161290322581,42.058064516129,48.4903225806452,20.8096774193548,18.8,23.858064516129,18.3612903225806,75.1225806451613,33.5225806451613,37.8709677419355,32.8451612903226,62.7645161290323,20.3935483870968,30.441935483871,23.3483870967742,28.2774193548387,39.6387096774194,32.6516129032258,27.9870967741935,26.3548387096774,29.9,23.8258064516129,28.4354838709677,21.0064516129032,47.5225806451613,25.3612903225806,61.7548387096774,33.0838709677419
"JAN_P50_DAILY_SW",27.9,38.2,27.9,19.2,8.58,26.6,22.3,30.3,21.5,29.4,13.9,17.7,21.6,18.5,19.5,22.4,16.3,24.6,38.5,21.9,17.7,26.5,28.6,28.2,20.7,20.6,26.6,28,22.8,19.2,31.7,23.7,25,27.9,27.5,26.1,20.8,25.2,21.8,23.5,22.4,32.6,18.2,31.7,17.6,19.5,19,18.3,38.8,29.5,29.2,30.4,18.5,22.8,20,16.3,25.8,30.9,32.1,18.1,16.3,22.5,18.5,41.8,30.5,30.1,28.9,37.5,17.5,28.2,21.6,21.1,33.6,36,21.6,20.9,26.2,22.1,25.3,18.8,28.8,22.4,38.2
"FEB_P50_DAILY_SW",19.1,31.25,32.55,16.7,11.3,20.7,18.6,23.3,19.5,23.2,15.3,15,19.2,17.7,22.6,18.7,14.2,21.8,35.95,20.6,20.2,20.9,21.9,20.8,17.75,20.6,20.6,25,27.5,20.4,33.25,19.6,23.5,21.9,26.6,28.3,19.85,22,41.45,18.8,18.5,27.8,17.95,23.2,18,17.3,17.3,15,34.15,29.2,30.6,27.7,16,20.9,18.1,16.5,20.6,24,36.45,27.1,17.15,20.05,21.1,32,25.2,28.6,26.1,29.3,15.4,24.95,20.3,19.8,51.1,29,19.4,18.5,20.35,20.75,23.55,18.3,23.45,18.3,73.3
"MAR_P50_DAILY_SW",19.9,35.1,27.3,17.3,13.6,28.6,16.1,26.2,31.1,20.4,14.7,14.2,17.3,19.5,23.8,17.3,15.8,21.4,27.8,17.8,21.2,25.5,18.3,19,18.5,30.9,18.9,21.3,31.7,18.4,30.9,18.2,25.9,23.9,23.2,47,19.1,22.5,29.2,41.1,23.5,25.4,18.7,21.4,19,18.1,25.9,23.8,41.3,35.2,49.6,32.1,15.8,41,36.9,19.8,22.5,25.2,31.6,43.1,15.9,29.5,40.5,39.9,24.8,34.2,30.6,35.4,17,24.9,40.7,24.8,47.6,28.4,49.8,20.8,20,26.4,25.2,23.7,37.8,26.3,74.3
"APR_P50_DAILY_SW",34,128.5,40.8,55.2,29.05,60.6,63.3,76.9,84.7,60.45,103,30.15,24.8,64.85,66.65,28.8,67.7,49,76.45,59.75,23.7,42.35,40.2,86.65,41.65,54.55,57.2,91.2,60.75,81.95,70.95,40.5,76.45,73.3,42.35,44.05,93.3,34.4,54.7,58.85,40.95,64.1,33.7,71.1,40.35,63.6,32.85,45.6,51.05,44.1,53.95,53.8,71.55,70.1,59.15,106.15,70.1,93.15,68.25,76.9,45.3,76.2,49.65,117,57.9,58.05,50.85,96.7,23.2,66.85,66.95,105.5,56.95,75.55,86.9,34.1,44.15,31.9,41.7,59.55,77.35,49.65,95.4
"MAY_P50_DAILY_SW",175,277,136,263,118,159,251,223,191,143,105,144,178,300,257,140,309,151,268,253,193,262,88.1,203,371,289,238,168,183,124,135,127,175,208,127,187,311,121,297,282,223,178,169,294,158,194,169,315,207,188,160,120,143,109,245,259,194,177,209,220,325,252,210,176,319,308,159,206,139,113,120,218,233,251,263,171,104,138,190,260,314,254,172
"JUN_P50_DAILY_SW",405,271.5,345.5,247,245,317,212,238.5,195.5,251.5,244,191.5,284.5,348,270,426,192,351,278.5,260.5,320,335.5,399,348,233.5,254,382,321.5,480,327,340,402.5,321.5,335.5,496,374,318.5,287.5,383.5,447.5,243,474.5,334,298.5,231.5,303,229,211.5,276.5,455.5,314.5,382,289.5,304.5,186.5,280.5,283.5,344.5,329,221,179,244.5,282,369,480,204.5,403.5,338.5,201.5,404.5,346.5,266.5,254,377,291,291.5,290.5,277,406,433,340.5,315.5,221.5
"JUL_P50_DAILY_SW",294,101,232,104,118,119,159,78.2,83.3,161,191,64.6,134,194,143,106,92.3,187,231,149,251,343,323,205,95.1,82.7,238,215,121,183,167,294,139,201,249,229,140,94.9,243,281,131,283,217,294,86.1,206,114,104,284,245,210,240,97.6,152,91,140,135,249,274,89.6,124,130,119,293,293,127,313,232,106,244,128,126,159,133,139,143,146,143,298,334,168,166,76.2
"AUG_P50_DAILY_SW",88.1,47.9,82.1,42.2,50.4,42.2,49.8,37.9,40.8,58.6,63.7,43.3,45.3,61.2,57.5,72.5,51.8,70.2,72.2,58.9,77,106,84.7,63.4,54.4,36.2,78.2,61.2,49.8,87.2,68.5,109,66.8,63.7,71.1,95.7,50.7,43.3,88.1,96.8,45.9,102,70.2,163,50.7,79,44.1,51.6,109,108,93.2,75.5,44.8,61.4,45.5,48,63.4,74,97.6,43.5,65.2,47.5,71.7,102,87.7,50,179,75.9,48.9,57.3,42.8,55.8,50.9,45.2,42.1,67.6,54.4,59.6,105,82.9,58.3,56,36.8
"SEP_P50_DAILY_SW",53.2,30.75,41.75,27.3,30,27.3,31.55,28.45,97.7,32.3,31,36.5,30,44.75,36.1,44.3,31.7,33.15,44.9,30.6,43.9,75,39.9,35.4,30.75,28.9,116.5,45.6,31.4,45,40.8,73.35,46.85,32.25,35.1,75.15,35.4,31.4,41.8,49.4,28.6,41.8,58.2,90.9,44.85,79.85,32.65,43.25,51.1,64.3,61.5,48.3,52.75,34.55,25.7,30.05,51.05,38.4,44.15,27.7,38.45,29.75,40.65,54.2,65.05,26.5,63.1,43.35,29.7,33.1,27.25,75.45,33.65,27,24.15,45.3,32.4,38.25,38.5,36.6,38.55,34.05,35.85
"OCT_P50_DAILY_SW",53.2,26.4,29.2,21.8,28.3,28.6,26.6,35.7,91.7,23.8,27.4,42.8,24.8,30.9,63.7,41.1,27.4,41.6,64.3,20.2,44.2,48.1,41.1,42.2,36.2,45.6,94,38.2,38.8,43,31.7,75,43,27.7,37.4,58,49.3,30.9,37.7,45,26.9,22.7,42.2,43.9,30.3,54.4,22.5,39.8,53.1,56,34.7,37.7,46.4,35.3,18.9,47.7,32.4,32.8,24.1,35.1,30.4,21.1,53.2,45.5,87.7,28,42.5,36.8,24.3,23.5,24,57.4,42.3,22.1,30.8,40.9,27.6,43.1,32.4,33.1,47.6,30.7,29.2
"NOV_P50_DAILY_SW",71.65,52.95,24.3,15.9,46.4,27.8,52.4,31.7,61.55,21.1,23.6,37.25,26.3,24.5,50.15,29.85,27.6,46.15,38.65,16.4,43,48.7,47.25,32.7,31.15,35.7,64.7,37.9,28.5,50.85,33.1,47.85,42.35,29.7,41.1,45.6,50.7,26.2,31.25,32.85,42.6,20,48.1,27.85,27.8,35.85,20.15,34.85,56.9,42.2,60.3,30.85,53.65,33.35,17.75,46.5,55.7,66.2,22.3,31.45,24.9,20.25,55.95,40.75,57.9,30.25,90.2,26.75,35.75,20.75,44.7,44.3,52.05,36.2,32.25,50.4,31.5,40.5,24.85,57.65,34.55,66.15,32.25
"DEC_P50_DAILY_SW",50.1,34.8,20.3,15.9,30.9,23.7,47.6,25.9,51,19.4,19,26,20.7,24.8,29.4,22.8,31.1,41.1,32.3,15,31.4,43,32.6,26.2,23.2,25.2,43.6,26.1,21.5,41.3,29.4,26.2,29.7,30.6,28.3,35.7,34.3,23.6,25.6,23.9,37.1,19.5,43.6,22,24.3,25.2,20.9,32.3,42.7,32.5,35.8,21.9,29,25.3,19.5,31.1,41.8,47.7,20.5,18.2,23.5,18.2,76.1,32.7,36.9,31.8,62.3,20,30.9,22.3,27.9,38.6,32.2,28.6,26,27.4,23.8,28.9,20.6,44.6,25.2,58.9,32.7
"JAN_P80_DAILY_SW",25.1,36.2,23.2,18.5,8.5,24.4,21,25.5,20.8,26.9,12.7,17,20.2,18.3,18,21.1,14.8,21.9,34.3,21.1,15.1,25.1,25.4,25.8,18.8,19.8,24.9,26.3,22,17.6,28,23,23.8,25.3,26.4,24.4,18.4,24.8,21.2,19.7,21.4,26.1,17.7,28.1,16.4,18.2,18.4,18,36.5,29,27.9,28.9,18.1,22.3,19,16,23.6,28.3,28.2,17.5,16.2,22.1,17.8,37.6,27.3,29.9,26.9,32.8,17.1,25.6,19.9,20.7,29.1,33.2,20.5,17.6,23.8,21.5,22.9,18.2,26.3,21,35.4
"FEB_P80_DAILY_SW",14.94,29.28,29.7,16.4,9.91,18.96,16.7,22.3,18.58,21.04,14.94,14.6,18.3,17,19.02,18.4,13.74,21.2,30.6,18.9,17.8,19.8,20.3,19.22,17.44,20.1,18.64,23.12,25.38,19.38,31.52,18.82,23.2,21.08,24.6,26.92,19.04,21.5,39.04,18.4,18.1,25.94,17.14,22.4,16.8,16.8,17.04,14.9,31.52,24.9,27.88,26.3,15.74,20,17.74,16.02,19.3,23.3,35.64,26.6,15.4,19.02,19.44,30.7,24.44,27.7,24.1,28.2,15.1,22.8,19.4,19.3,43.58,26.2,19.24,18.06,19.4,20.3,21.74,17.46,22.84,17.8,55.08
"MAR_P80_DAILY_SW",19.4,29.2,26.6,17,13.3,21.5,15.7,24.5,29.7,20,14.1,14,16.8,19,21.4,16.6,15.2,18.3,26.6,17.7,17.6,22.7,17.8,18,17.6,26.6,18.6,20.4,27.8,17.6,29.2,17.9,24.2,20.3,22.2,44.2,18.5,20.5,27.2,22.1,22.3,24.2,18.4,20.2,18,16.8,24.9,22.9,39.1,32.9,45.9,25,15.5,32.4,34.1,18.9,18.3,23.3,30.8,30.6,15.5,25.2,21.5,29.2,24.2,29,26.8,34.4,14.9,24.2,18.6,21.1,40.9,27.4,20.8,18.7,18.8,22.5,21,18.8,25.3,21.2,50.2
"APR_P80_DAILY_SW",31.7,86.96,25.56,16.34,18,38.52,47.94,60.24,70.82,32.3,37.22,23.88,23.6,36.5,49.24,21.4,43.68,26.32,57.96,34.28,23.4,28.42,24.74,33.7,33.58,47.78,35.1,75.2,59.08,41.68,51.24,29.66,35.86,67.32,38.1,40.68,57.46,32.02,38.08,55.8,29.7,47.72,18.38,43.08,26.14,59.7,29.2,27.1,45.9,35,49.54,44.6,28.66,51.6,53.48,37.34,32.92,79.62,58.78,60.16,42.9,63.18,46.18,47.58,53.4,52.8,48.44,57.28,21.86,36.22,49.2,71.54,48.74,50.28,77,20.88,24.9,29.38,39.2,39.08,71.38,33.84,84.92
"MAY_P80_DAILY_SW",133,248,116,234,92.6,134,207,129,161,76.7,101,103,148,256,220,101,129,62.3,191,155,127,80.4,63.1,147,326,152,137,128,135,114,117,83.8,135,177,73.1,99.7,154,93.4,252,116,79,146,73.3,191,148,162,132,275,149,93.8,139,77.1,122,101,198,131,169,165,137,191,122,188,105,98.2,131,280,133,163,76.4,85.3,109,190,207,155,145,86.2,85.2,81.1,67.2,170,204,139,131
"JUN_P80_DAILY_SW",339.4,171,291.4,185.4,233,294,203,178.8,167,215.8,214.8,151.6,262,321.8,223.8,253.4,136,242.6,221.4,226.4,256.4,300,270.6,305,170.6,167.8,366.4,293,331.8,289,265.6,378.6,264.6,279.2,455.4,334,267.8,232,330,352.2,218.2,307.8,311.2,246.2,180.8,281.4,191.4,183.2,261.6,336.8,229.4,259.4,211,222.4,154.2,252.2,231.8,322.8,309,179.8,167.6,229.4,263.2,304.6,340.6,182,327.2,316,179.4,379.4,259.8,235.6,242.6,272,257.6,273,259.2,269,379.8,398.8,294.4,304,155.8
"JUL_P80_DAILY_SW",191,80.4,176,75.6,81,81.8,110,65.4,61.4,120,151,53,90,137,107,85.2,81.3,130,157,105,146,210,223,146,77,62.3,185,136,94.9,142,122,174,103,131,167,163,104,72.8,224,218,91.7,221,125,234,69.7,133,83.1,80,224,170,181,168,71.9,115,71.4,98.6,94.7,167,209,73.5,113,101,86.4,208,202,92.3,253,182,83.3,149,89.2,94.9,118,90,104,109,99,107,252,209,122,113,59.7
"AUG_P80_DAILY_SW",71.1,37.4,58.3,36.2,42.8,36.2,39.6,31.1,38.2,47,51.5,41.1,35.4,51.8,44.7,68.8,43,64.3,58.6,45.9,69.9,93.2,63.1,51.3,43.6,30.6,70.5,50.1,45,66.8,52.1,83.8,59.5,46.7,53,83.3,40.8,34.5,61.7,77.9,36.2,75.6,66,143,41.9,70.8,39.2,44.4,80.2,79.3,68,56.2,40,45.9,37.3,40,58.8,60.5,71.9,34.7,57.8,38,62.4,69.9,70.3,41,120,56.4,42.8,47.4,35.3,48.8,42.7,36,35.4,60.2,40.5,43.7,72.3,62.4,45.7,47.3,30.2
"SEP_P80_DAILY_SW",50.94,29.4,37.22,25.86,26.56,25.1,28.6,27.1,66.52,28.46,28.6,31.64,28,41.1,33.58,39.92,30.24,29.3,39.8,26.52,39.98,67.3,35.94,32.7,28.28,25.6,99.24,40.44,26.36,40.74,39.5,65.7,42.84,30,30.18,66.64,32.76,29.54,36.44,44.6,26.02,33.88,47.02,69.06,40.04,77.74,27.9,40.38,47.6,59.36,50.32,45,47.06,32.72,23.72,28.48,40.9,32.5,35.82,25.76,35.8,25.4,33.42,50.2,55.74,24.78,51.14,41.64,26.94,29.58,26.22,59.46,31.58,25.58,22.88,39,29.34,34.9,35.08,30.9,35.94,30.3,35.06
"OCT_P80_DAILY_SW",48.4,25.2,27.3,19.7,25.7,26.1,25.9,30.9,86.4,22.1,25.8,38.8,23.3,29.4,43.6,37.7,24.8,29.4,58.3,18.7,39.1,45.9,34.5,40.5,34,39.6,88.3,35.7,25.2,41.3,27.4,59.7,41.9,27,34.5,53.5,44.5,28.9,35.4,40.2,25.5,20.6,39.4,36.2,28.3,46.2,21.9,34.8,49.4,51.7,32.9,33.5,40.8,32.4,17.4,36.8,30,31.2,23.4,31.9,29.4,20.7,34.2,43.4,72.1,23.8,40,34.8,23.9,21.3,23.2,52,39.1,21.1,27.8,34.9,24.3,36.9,30.6,24.9,41.6,28.3,26.3
"NOV_P80_DAILY_SW",63.1,49.54,22.98,15.26,44.14,24.66,42.38,27.62,50.52,20.36,22.02,32.7,24.96,23.76,41.04,28.06,26.92,41.5,32.76,14.6,39.4,41.26,42.5,28.84,27.36,31.3,59.94,37.1,25.9,46.54,30.6,43.24,41.14,28.3,37.1,42.44,43.2,24.6,29.88,29.2,39.4,19.4,45.54,26.3,24.7,31.7,19.04,33.4,53.04,36.54,53.24,29.16,40.2,30.72,17.5,43.78,37.58,32.44,21.68,28.32,22.48,19.16,48.5,40,51.64,27.2,42.26,23.7,24.84,19.28,39.24,41.46,43.56,30.66,27.46,44.52,30.4,34.76,23.62,52.38,30.88,55.66,29.5
"DEC_P80_DAILY_SW",47.3,32.8,19,14.4,28.9,22.8,40.2,23.3,47,18.7,18,23.8,20.2,22.6,27.8,19.9,28.9,39.6,29.4,14.4,29.2,36.8,30.6,24.2,22.7,24.7,39.4,24.5,21,37.9,26.8,25.4,28.6,29.2,26.8,32.6,32.3,21.1,24.6,22,34.5,19.2,39.1,21.1,22.4,24.3,19.5,30.3,36.1,29.2,29.2,21.1,25.6,23.6,17.8,28.3,36.5,39.5,19.5,16.6,22.1,18,57.8,30.7,33.5,29.8,50.6,19.3,26.7,19.7,25.6,37.4,30.2,26.3,24.7,22.2,22.1,26.2,19.7,39.8,23.3,49.8,29.4
"JAN_P90_DAILY_SW",24.1,34.8,23.2,17,8.5,23.5,20.8,25.4,20.4,26.6,12.2,16.7,19.2,18.1,18,20,14.6,21.2,30.6,20.9,14.9,24.8,24.8,24,18.6,19.8,24.5,25.9,21.8,17.6,28,22.8,23.5,24.9,25.4,24.2,17.6,24.6,20.9,18.4,20.9,25.8,17.6,27.8,16.4,17.9,17.7,15,36,28.6,26.2,28.3,17.6,22.2,18.9,16,23.4,28.2,27.1,17.2,16.1,21.9,17.6,35.5,26.7,29.8,26.7,31.8,16.8,24.4,19.5,20.5,26.5,33,20,16.6,20.9,20.9,22,17.6,25.8,20.8,34.8
"FEB_P90_DAILY_SW",13.42,28.9,29.02,16.18,8.5,18.3,16.6,22.08,18.3,20.54,14.81,14,17.77,16.8,18.47,18.26,13.6,21.2,29.25,18.66,17.67,19.6,20.21,18.92,17.4,19.9,18.4,22,23.91,18.84,30.95,18.18,23.14,20.7,23.61,26.2,19,21.4,37.57,18.16,18.07,25.14,16.97,22.26,16.57,16.6,16.77,14.78,30.42,24.8,27.2,25.66,15.6,19.87,17,15.3,19.14,23.2,28.93,26.14,15.3,18.7,18.99,30.6,24.37,27.6,23.6,27.1,14.97,22.5,19.1,19.18,42.01,25.88,19.2,17.9,19.17,20.27,20.91,17.2,22.7,17.67,34.04
"MAR_P90_DAILY_SW",19.2,28.9,25.9,17,13.2,21.1,15.6,24.2,29.2,19.7,13.9,13.9,16.4,18.9,21.1,16.4,14.8,18,26.2,17.7,17.4,21.7,17.1,17.8,17.3,25.7,18.2,20.1,27.4,17.4,28.9,17.4,23.8,19.7,22.2,39.9,18.1,20.4,26.8,21.8,22,23.2,18.3,20,17.5,16.3,21.1,22.8,38.2,32.6,43,24.8,15.5,26.9,29.4,18.5,17.7,23,30.7,29.8,15.4,24.7,21.2,28.3,24,28.6,25.8,34,14.6,23.3,18.5,20.4,40,27,19.5,18.7,18.7,21.6,20.7,18.4,25.3,17.7,48.1
"APR_P90_DAILY_SW",31.08,68.96,25.38,16,17.09,32.72,46.67,57.47,68.42,26.44,33.37,18.71,23.1,36.12,48.64,21.19,29.43,24.1,49.31,24.98,23.08,24.44,21.67,33.02,29.7,42.89,32.75,72.88,57.47,35.75,44.14,27.7,30.46,57.47,32.58,39.6,49.51,26.49,31.05,54.9,26.97,42.2,18.2,30.19,19.59,57.95,27.5,24.77,44.94,34.66,49,42.58,27.71,50.08,42.8,36.18,29.56,73.35,46.95,57.29,39.99,62.16,45.33,40.78,53.16,50.34,47.99,55.61,21.4,29.36,47.59,59.9,48.07,37.96,71.45,20,23.36,28.99,38.63,37.58,69.26,30.77,80.84
"MAY_P90_DAILY_SW",130,241,92.9,225,87.5,123,195,123,140,71.9,91.2,77.9,127,178,176,95.1,117,58.9,105,145,88.6,46.7,53.2,133,209,108,127,101,123,106,114,66.8,123,116,56.9,95.7,137,61.7,215,85.2,69.9,141,67.1,138,143,156,129,253,143,90.5,134,75,118,98.2,190,123,164,151,113,187,88.6,158,78.7,96.5,123,262,129,151,74.5,79.6,107,179,149,153,132,52.4,72.6,76.1,55.7,160,98.4,138,124
"JUN_P90_DAILY_SW",322.4,150.6,278.6,167.3,226.7,285.5,199.9,160.9,151.9,208.7,196.7,131.3,250.7,307,219.2,220.5,123.3,218.3,217.1,216.8,240.8,288.7,199,271,156.8,151,322.1,277.7,280.5,266.8,247.4,359.2,250.1,268.8,428.9,326.3,257.8,214.6,316.4,331,194.8,292,285.7,217.6,169.1,273.9,183.9,170.9,254,317.1,223.8,229.6,177.7,216.1,139.5,246.4,224.4,310,289.3,166.2,164.8,226,243,299.9,326.2,170.1,292.5,276.3,171.9,329.7,249.7,228.7,236.4,267,216.9,265.9,230.3,258.8,303.6,389.8,290.7,298.8,148.9
"JUL_P90_DAILY_SW",172,79,164,66.5,77.6,71.1,102,63.4,54.7,111,132,48.1,81,121,99.7,79.9,79,117,138,95.7,127,185,207,122,70.5,57.2,161,119,85.5,133,111,156,98.5,114,146,146,92.3,70.5,196,197,82.4,188,115,201,67.7,125,74.5,72.8,205,154,162,164,63.6,106,67.9,89.5,84.2,160,192,67.5,106,88.6,82.4,189,169,82.9,230,159,77.3,129,77.3,83.2,101,79.4,87.4,98.4,90.4,96.1,235,183,107,98.7,56.3
"AUG_P90_DAILY_SW",62.9,35.7,54.1,33.4,39.4,33.4,38.5,30.3,37.4,45.3,47.6,39.6,34.3,50.7,41.9,68.5,40.8,60,57.2,41.9,67.1,89.8,57.5,51,40.2,29.7,69.4,49.3,41.9,64.8,49,79.9,57.8,46.2,47,79.9,38.5,32.8,56.1,69.4,34.3,68,64.8,137,38.8,69.4,37.1,42.9,71.8,73.3,66,54.1,36.9,43.8,35.2,37.1,57.4,57.3,68.4,32,54.3,37.1,59,64.7,63.6,38.2,107,52.1,40.5,44.9,33.1,46.3,40.2,34,33.9,55,37,40.4,65.8,54.8,42.8,44,28.5
"SEP_P90_DAILY_SW",49.8,29.2,34.24,25.3,26.06,25.08,27.46,26.69,62.73,26.85,28.1,30.51,27.38,40.44,32.54,37.9,29.4,28.57,38.17,25.56,37.9,61.26,34,31.67,27.56,24.99,70.52,39.01,26.08,38.77,37.9,64.72,41.84,29.4,28.84,63.29,32.3,28.05,35.37,42.92,24.18,31.89,43.76,62.93,37.82,73.04,26.58,38.93,46.85,58.53,47,43.37,33.32,31.08,23.06,27.12,38.45,30.93,33.62,25.09,33.74,24.16,32.63,46.33,54.17,24.29,48.25,40.77,26.49,28.38,25.06,58.49,29.73,24.97,22.79,37.61,27.85,33.69,34.29,29.65,34.7,29.66,34.33
"OCT_P90_DAILY_SW",47.9,24.9,26.4,19,25.5,25.5,25.7,29.2,84.1,21.9,25.2,38.2,22.4,28.9,41.9,36.5,24.3,27.8,54.7,18.5,37.1,43.6,32.6,40.2,32.8,39.1,82.1,34,24.7,40.8,26.6,55.2,41.1,26.6,32.3,53,43.3,28.6,34.5,39.1,24.7,20,39.1,34.5,27.9,43.3,21.7,33,46.8,51.1,32.7,32.6,39.3,30.7,17.3,34.4,29.9,30.6,22.8,31.3,29.2,20.5,32.4,42.7,68.7,23.6,39.4,34.2,23.8,20.8,22.8,48.6,38,20.9,26.7,34.5,23,35.4,28.7,24.1,40.7,27.1,25.5
"NOV_P90_DAILY_SW",61.11,48.29,22.86,14.4,43.54,23.5,40.06,26.9,48.29,20.09,21.35,31.94,24.4,23.6,39.79,27.78,26.38,40.2,32.27,14.17,37.67,39.82,40.47,27.54,26.35,27.38,59.41,35.58,25.2,45.24,29.67,42.41,38.47,27.07,34.77,40.44,40.74,23.78,28.87,28.84,38.77,19.08,44.17,25.18,23.29,30.3,18.42,32.77,47.65,35.99,50.38,28.2,37.02,29.96,17.29,40.88,36.78,31.45,21.36,25.56,20.94,18.89,47.82,39.19,49.4,26.08,41.47,23.6,23.68,19.08,36.54,40.69,42.5,21.73,27.18,41.82,30.39,33.47,23,51.58,30.03,53.46,29.35
"DEC_P90_DAILY_SW",45.3,31.7,19,14,27.9,22.2,39.6,22.5,43,18.7,18,22.4,20,22.3,27.2,19.4,28.3,39.4,29.4,14.3,28.1,34.8,29.7,23.6,22.7,24.4,35.7,23.3,21,35.7,26.2,25,27.9,27.7,26.4,28.1,29.7,21,24.5,21.9,32,18.8,38.5,20.9,22,23.6,19,28.6,34.6,27.7,29.2,20.8,24.6,22.9,17.5,26.6,34.7,38.5,19,16.5,21.9,17.9,54.3,30.5,32.8,29.3,47.8,19.2,25.6,19.2,24.9,37,29.1,26.1,24,22,21.6,25.3,19.4,37.1,23.1,48.6,28.2
"Oct_to_Sept_TOTALQ_DAILY_SW",3298363200,3191106240,2931508800,2443072320,1856189952,2626128000,2461777920,2428885440,2278774080,2721677760,2355402240,1666465920,2372042880,3080185920,2621436480,3021952320,2270998080,2613790080,3097949760,2798245440,2601080640,3471154560,3105466560,3343524480,2617410240,2485460160,3302838720,3161488320,3100559040,2778649920,2908051200,3200834880,2792041920,2898141120,3279104640,3283338240,3085430400,2274298560,3448414080,3653078400,2212643520,3654348480,2551469760,3639392640,2027090880,2899877760,2188218240,2517480000,3448707840,3557684160,3232560960,3056970240,2450269440,2812138560,2250236160,2474150400,2650510080,3315384000,3430892160,2266107840,2388104640,2602324800,2413393920,3671766720,3857440320,2869335360,3691595520,3443083200,1963664640,2975088960,2432643840,2758190400,2928432960,3164218560,2747960640,2590790400,2361726720,2377270080,3347879040,3622942080,3293084160,2782702080,2774805120
"Oct_to_Sept_YIELDMM_DAILY_SW",999.504,967.001890909091,888.336,740.324945454545,562.481803636364,795.796363636364,745.993309090909,736.025890909091,690.5376,824.750836363636,713.758254545455,504.989672727273,718.800872727273,933.389672727273,794.374690909091,915.743127272727,688.181236363636,792.0576,938.772654545455,847.953163636364,788.206254545455,1051.86501818182,941.050472727272,1013.18923636364,793.154618181818,753.169745454545,1000.86021818182,958.026763636364,939.563345454545,842.015127272727,881.227636363636,969.949963636364,846.073309090909,878.224581818182,993.668072727273,994.950981818182,934.978909090909,689.181381818182,1044.97396363636,1106.99345454545,670.498036363636,1107.37832727273,773.172654545455,1102.84625454545,614.269963636364,878.750836363636,663.096436363636,762.872727272727,1045.06298181818,1078.08610909091,979.563927272727,926.354618181819,742.505890909091,852.1632,681.889745454545,749.742545454545,803.184872727273,1004.66181818182,1039.66429090909,686.699345454546,723.668072727273,788.583272727273,731.331490909091,1112.65658181818,1168.92130909091,869.495563636364,1118.66530909091,1043.35854545455,595.049890909091,901.542109090909,737.1648,835.815272727273,887.403927272727,958.854109090909,832.715345454546,785.088,715.674763636364,720.384872727273,1014.5088,1097.86123636364,997.904290909091,843.243054545455,840.850036363636
"ONDJFM_TOTALQ_DAILY_SW",457600320,777090240,536898240,332553600,233079552,487969920,377637120,610744320,465877440,742815360,290001600,314055360,444761280,346904640,400680000,539870400,379278720,415281600,633052800,536751360,288722880,505837440,552242880,527618880,418936320,444312000,461177280,776623680,507461760,380496960,637502400,416145600,595831680,503470080,443370240,551681280,527541120,541693440,464736960,466974720,443983680,548415360,310478400,565306560,395953920,389603520,474871680,331456320,602268480,657072000,652700160,593187840,372211200,564563520,451154880,293371200,523895040,559560960,629769600,405812160,366595200,396230400,358629120,794119680,570386880,749813760,479666880,799899840,360460800,445331520,379399680,503832960,737000640,642375360,471424320,390381120,494683200,403159680,488842560,366724800,589403520,459820800,925490880
"AMJJAS_TOTALQ_DAILY_SW",2840762880,2414016000,2394610560,2110518720,1623110400,2138158080,2084140800,1818141120,1812896640,1978862400,2065400640,1352410560,1927281600,2733281280,2220756480,2482081920,1891719360,2198508480,2464896960,2261494080,2312357760,2965317120,2553223680,2815905600,2198473920,2041148160,2841661440,2384864640,2593097280,2398152960,2270548800,2784689280,2196210240,2394671040,2835734400,2731656960,2557889280,1732605120,2983677120,3186103680,1768659840,3105933120,2240991360,3074086080,1631136960,2510274240,1713346560,2186023680,2846439360,2900612160,2579860800,2463782400,2078058240,2247575040,1799081280,2180779200,2126615040,2755823040,2801122560,1860295680,2021509440,2206094400,2054764800,2877647040,3287053440,2119521600,3211928640,2643183360,1603203840,2529757440,2053244160,2254357440,2191432320,2521843200,2276536320,2200409280,1867043520,1974110400,2859036480,3256217280,2703680640,2322881280,1849314240
"ONDJFM_YIELDMM_DAILY_SW",138.666763636364,235.481890909091,162.696436363636,100.773818181818,70.6301672727273,147.869672727273,114.435490909091,185.074036363636,141.174981818182,225.095563636364,87.8792727272727,95.1682909090909,134.776145454545,105.122618181818,121.418181818182,163.597090909091,114.932945454545,125.842909090909,191.834181818182,162.651927272727,87.4917818181818,153.284072727273,167.346327272727,159.884509090909,126.9504,134.64,139.750690909091,235.340509090909,153.776290909091,115.302109090909,193.182545454545,126.104727272727,180.555054545455,152.566690909091,134.354618181818,167.176145454545,159.860945454545,164.149527272727,140.829381818182,141.507490909091,134.540509090909,166.186472727273,94.0843636363636,171.305018181818,119.986036363636,118.061672727273,143.900509090909,100.441309090909,182.5056,199.112727272727,197.787927272727,179.753890909091,112.791272727273,171.079854545455,136.7136,88.9003636363636,158.756072727273,169.563927272727,190.839272727273,122.973381818182,111.089454545455,120.069818181818,108.675490909091,240.642327272727,172.844509090909,227.216290909091,145.3536,242.393890909091,109.230545454545,134.948945454545,114.9696,152.676654545455,223.333527272727,194.6592,142.855854545455,118.297309090909,149.904,122.1696,148.134109090909,111.128727272727,178.607127272727,139.339636363636,280.451781818182
"AMJJAS_YIELDMM_DAILY_SW",860.837236363636,731.52,725.639563636364,639.551127272727,491.851636363636,647.926690909091,631.557818181818,550.951854545454,549.362618181818,599.655272727273,625.878981818182,409.821381818182,584.024727272727,828.267054545454,672.956509090909,752.146036363636,573.248290909091,666.214690909091,746.938472727273,685.301236363636,700.714472727273,898.580945454545,773.704145454545,853.304727272727,666.204218181818,618.529745454545,861.109527272727,722.686254545455,785.787054545455,726.713018181818,688.045090909091,843.845236363636,665.518254545455,725.657890909091,859.313454545455,827.774836363636,775.117963636364,525.031854545455,904.144581818182,965.485963636364,535.957527272727,941.191854545454,679.088290909091,931.541236363636,494.283927272727,760.689163636364,519.195927272727,662.431418181818,862.557381818182,878.973381818182,781.776,746.600727272727,629.714618181818,681.083345454545,545.176145454545,660.842181818182,644.4288,835.097890909091,848.825018181818,563.725963636364,612.578618181818,668.513454545454,622.656,872.014254545454,996.0768,642.279272727273,973.311709090909,800.964654545454,485.819345454545,766.593163636364,622.1952,683.138618181818,664.0704,764.194909090909,689.859490909091,666.790690909091,565.770763636364,598.215272727273,866.374690909091,986.732509090909,819.297163636364,703.903418181818,560.398254545455
