"","Y1966","Y1967","Y1968","Y1969","Y1970","Y1971","Y1972","Y1973","Y1974","Y1975","Y1976","Y1977","Y1978","Y1979","Y1980","Y1981","Y1982","Y1983","Y1984","Y1985","Y1986","Y1987","Y1988","Y1989","Y1990","Y1991","Y1992","Y1993","Y1994","Y1995","Y1996","Y1997","Y1998","Y1999","Y2000","Y2001","Y2002","Y2003","Y2004","Y2005","Y2006","Y2007","Y2008","Y2009","Y2010","Y2011","Y2012","Y2013","Y2014"
"ANNUAL_MIN_01Day_SW",0.561,0.566,0.85,0.648,0.394,0.292,0.292,0.43,0.566,0.538,1.08,0.558,0.75,0.521,0.667,0.686,0.667,0.488,0.54,0.352,0.4,0.437,0.22,0.603,0.6,0.669,0.451,0.3,0.12,0.5,0.691,0.57,0.415,1.15,0.78,0.43,0.57,0.365,0.466,0.404,0.322,0.616,0.67,0.378,0.836,0.816,0.454,0.562,0.13
"ANNUAL_MINDOY_01Day_SW",273,271,257,244,17,364,1,261,357,12,319,235,365,269,245,262,267,290,366,70,51,276,6,282,50,286,247,328,340,6,241,25,260,266,348,268,304,248,231,228,255,258,23,244,238,258,286,258,329
"ANNUAL_MIN_03Day_SW",0.573666666666667,0.585333333333333,0.868666666666667,0.66,0.395333333333333,0.292666666666667,0.292,0.435,0.575666666666667,0.556666666666667,1.09333333333333,0.562,0.778666666666667,0.525666666666667,0.709333333333333,0.701,0.691,0.498,0.576666666666667,0.397333333333333,0.41,0.445666666666667,0.228333333333333,0.615333333333333,0.683333333333333,0.683666666666667,0.456,0.323333333333333,0.193333333333333,0.529666666666667,0.698666666666667,0.596666666666667,0.416333333333333,1.18333333333333,0.783333333333333,0.437666666666667,0.576666666666667,0.368333333333333,0.481666666666667,0.412333333333333,0.328333333333333,0.618333333333333,0.69,0.385333333333333,0.858666666666667,0.829666666666667,0.458666666666667,0.589,0.149
"ANNUAL_MINDOY_03Day_SW",273,271,257,256,18,365,1,261,358,13,290,235,365,270,245,263,267,290,366,71,51,284,7,282,52,288,247,330,341,271,242,26,261,267,349,269,305,249,232,228,255,259,29,245,238,259,286,258,330
"ANNUAL_MIN_07Day_SW",0.600142857142857,0.602857142857143,0.910142857142857,0.665,0.4,0.299,0.293714285714286,0.449714285714286,0.592714285714286,0.602857142857143,1.09428571428571,0.573285714285714,0.849571428571429,0.539428571428571,0.819571428571429,0.734428571428571,0.736428571428571,0.51,0.692857142857143,0.438857142857143,0.437857142857143,0.448857142857143,0.237142857142857,0.636714285714286,0.768857142857143,0.717857142857143,0.471,0.455714285714286,0.258571428571429,0.537285714285714,0.725285714285714,0.705714285714286,0.426142857142857,1.25571428571429,0.8,0.449428571428571,0.593142857142857,0.370714285714286,0.495428571428571,0.432714285714286,0.332,0.625,0.714285714285714,0.416285714285714,0.900285714285714,0.842142857142857,0.471428571428571,0.652714285714286,0.369
"ANNUAL_MINDOY_07Day_SW",273,272,258,259,19,365,3,262,362,42,295,236,365,270,256,264,268,292,366,247,52,288,10,282,274,288,247,332,273,272,243,29,261,267,352,269,306,253,234,229,255,262,28,245,239,261,287,259,330
"ANNUAL_MIN_30Day_SW",0.709666666666667,0.7527,1.30336666666667,0.757966666666667,0.444133333333333,0.414833333333333,0.312933333333333,0.6087,0.952733333333333,0.640666666666667,1.17166666666667,0.682433333333333,1.01423333333333,0.610433333333333,1.07906666666667,0.937266666666667,1.01293333333333,0.675533333333333,0.877766666666667,0.6124,0.661366666666667,0.460133333333333,0.4272,0.742366666666667,1.0162,0.9642,0.603166666666667,0.683666666666667,0.328033333333333,0.677733333333333,0.8875,0.965466666666667,0.458933333333333,1.75433333333333,0.919933333333333,0.479833333333333,0.699233333333333,0.428966666666667,0.643766666666667,0.490266666666667,0.392033333333333,0.766833333333333,0.948666666666667,0.505066666666667,1.00863333333333,1.0852,0.515433333333333,0.751866666666667,0.5812
"ANNUAL_MINDOY_30Day_SW",279,272,258,260,39,365,24,15,365,19,305,258,365,290,263,268,24,294,366,248,267,303,21,283,276,293,256,25,286,275,258,257,268,280,362,282,282,259,238,251,257,271,45,288,255,269,288,265,284
"ANNUAL_MIN_DAILY_SW",0.561,0.566,0.85,0.648,0.394,0.292,0.292,0.43,0.566,0.538,1.08,0.558,0.75,0.521,0.667,0.686,0.667,0.488,0.54,0.352,0.4,0.437,0.22,0.603,0.6,0.669,0.451,0.3,0.12,0.5,0.691,0.57,0.415,1.15,0.78,0.43,0.57,0.365,0.466,0.404,0.322,0.616,0.67,0.378,0.836,0.816,0.454,0.562,0.13
"ANNUAL_MAX_DAILY_SW",41.6,64.8,58.9,57.2,64.3,64.3,91.2,47.3,84.7,68.2,52.7,31.4,55.8,39.5,92.6,39.3,52.2,51.3,96.2,55.9,65.6,61.3,54.3,53.9,101,62.3,46.5,64.5,43.2,104,49.6,76.7,60,76.9,39.6,45.8,63.9,69,48.8,36,83.7,65.8,75.5,35.7,47.6,58.6,53.2,90.2,55.3
"ANNUAL_MEAN_DAILY_SW",6.76293870967742,8.82325149700599,9.06400273224044,6.34681095890411,4.8086301369863,8.86889589041096,10.9826693989071,4.06678630136986,8.95718630136986,8.28334794520548,8.35718579234973,4.19904383561644,6.4051698630137,4.38878356164384,6.76449180327869,6.19691232876712,7.0244301369863,6.24311232876712,5.75951912568306,5.61854520547945,6.62931780821918,5.64812876712329,5.54724590163934,7.31542739726027,8.75417260273973,9.60367671232877,5.24487158469945,4.51647945205479,4.96975068493151,9.35772876712329,7.56022950819672,9.28374246575343,5.97926301369863,10.5645753424658,5.75828961748634,4.07102191780822,8.49179178082192,5.88664657534247,5.89290163934426,4.32235342465753,6.77263287671233,9.08880547945206,6.0672131147541,4.05980821917808,6.6898602739726,8.0871397260274,8.3748306010929,6.77349589041096,7.17388219178082
"ANNUAL_TOTALQ_DAILY_SW",213276035.148387,278250059.209581,286625520,200153030.4,151644960,279689500.8,347298364.8,128250172.8,282473827.2,261223660.8,264274272,132421046.4,201993436.8,138404678.4,213909465.6,195425827.2,221522428.8,196882790.4,182129817.6,177186441.6,209062166.4,178119388.8,175417228.8,230699318.4,276071587.2,302861548.8,165855427.2,142431696,156726057.6,295105334.4,239072601.6,292772102.4,188562038.4,333164448,182090937.6,128383747.2,267797145.6,185641286.4,186347692.8,136309737.6,213581750.4,286624569.6,191859840,128030112,210971433.6,255036038.4,264832243.2,213608966.4,226235548.8
"ANNUAL_YIELDMM_DAILY_SW",674.924161861984,880.538162055635,907.042784810126,633.395665822785,479.889113924051,885.093356962025,1099.04545822785,405.85497721519,893.904516455696,826.65715443038,836.310987341772,419.053944303797,639.219736708861,437.989488607595,676.928688607595,618.436162025317,701.020344303798,623.046805063291,576.360182278481,560.716587341772,661.589134177215,563.668951898734,555.117812658228,730.061134177215,873.644263291139,958.42262278481,524.858946835443,450.733215189874,495.968536708861,933.877640506329,756.558865822785,926.493994936709,596.715311392405,1054.31787341772,576.237144303798,406.277681012658,847.459321518987,587.472425316456,589.707888607595,431.359929113924,675.891615189873,907.03977721519,607.151392405063,405.158582278481,667.631118987342,807.076070886076,838.076718987342,675.977741772152,715.935281012658
"ANNUAL_CUMQ_DAILY_SW",2468.47262903226,3220.48679640719,3317.425,2316.586,1755.15,3237.147,4019.657,1484.377,3269.373,3023.422,3058.73,1532.651,2337.887,1601.906,2475.804,2261.873,2563.917,2278.736,2107.984,2050.769,2419.701,2061.567,2030.292,2670.131,3195.273,3505.342,1919.623,1648.515,1813.959,3415.571,2767.044,3388.566,2182.431,3856.07,2107.534,1485.923,3099.504,2148.626,2156.802,1577.659,2472.011,3317.414,2220.6,1481.83,2441.799,2951.806,3065.188,2472.326,2618.467
"ANNUAL_Date_25P_CUMQ_DAILY_SW",130,147,108,132,141,133,142,136,145,151,133,120,130,126,126,116,145,124,103,138,116,119,131,127,134,120,94,131,111,133,107,132,124,148,128,133,137,123,118,51,136,107,140,140,135,144,136,127,135
"ANNUAL_Date_50P_CUMQ_DAILY_SW",159,165,152,145,154,154,159,152,166,168,166,148,155,147,156,145,164,148,160,149,149,132,151,153,172,149,125,139,130,155,148,149,137,169,155,148,156,152,143,124,151,146,152,155,156,164,162,139,154
"ANNUAL_Date_75P_CUMQ_DAILY_SW",197,217,178,161,167,182,183,179,183,199,191,176,177,174,289,178,180,175,180,168,165,157,181,219,314,178,155,162,157,316,173,173,161,199,179,178,175,189,248,182,183,174,181,241,181,188,189,169,182
"JFM_TOTALQ_DAILY_SW",10665820.8,16794314.8474576,65092896,11666073.6,5352307.2,15721689.6,14481158.4,5600361.6,14015030.4,6393254.4,25902720,16016832,15765408,10194854.4,14813452.8,36644832,10671091.2,22142592,42168384,7450790.4,33487430.4,20231856,6736089.6,12757824,12853728,47901888,38528352,10144828.8,18501696,25373088,36658656,21331728,14773104,15985728,13281408,7891430.4,26896320,21182256,16487712,47427552,16051392,54606528,10179648,7104931.2,17280000,17103744,14198976,13984790.4,11217052.8
"AMJ_TOTALQ_DAILY_SW",132969600,177400800,159265440,155453472,125244576,193978368,244753920,92348640,193597344,155999520,152084736,85684608,143011008,97107552,125349120,114727968,158370336,130796640,99607968,139218048,140523552,140679072,125877024,148932000,140546016,188734752,102569760,107251776,117959328,159844320,156222432,211513248,146395296,186426144,128672064,90383040,192991680,115305120,116813664,54604800,143377344,169222176,135638496,81815616,141913728,160546752,171601632,165672864,157721472
"JAS_TOTALQ_DAILY_SW",30242073.6,25862976,37811318.4,14715129.6,11320300.8,57742070.4,77092992,15801177.6,65787552,47974291.2,74497536,9726134.4,23685696,9735552,17572204.8,24644995.2,38894860.8,25047964.8,28933286.4,13143945.6,19225296,12677817.6,17953833.6,18475603.2,26019705.6,48760704,11424412.8,16539465.6,9817718.4,16053292.8,25952918.4,28992470.4,11344147.2,90577440,25528694.4,10592812.8,36836035.2,9317721.6,11163657.6,9256809.6,8935142.4,25403673.6,24096873.6,8711798.4,29663625.6,60020006.4,49629888,17569180.8,19668355.2
"OND_TOTALQ_DAILY_SW",18054517.6216216,40344480,24455865.6,18318355.2,9727776,12247372.8,10970294.4,14499993.6,9073900.8,50856595.2,11789280,20993472,19531324.8,21366720,56174688,19408032,13586140.8,18895593.6,11420179.2,17373657.6,15825888,4530643.2,24850281.6,50533891.2,96652137.6,17464204.8,13332902.4,8495625.6,10447315.2,93834633.6,20238595.2,30934656,16049491.2,40175136,14608771.2,19516464,11073110.4,39836188.8,41882659.2,25020576,45217872,37392192,21944822.4,30397766.4,22114080,17365536,29401747.2,16382131.2,37628668.8
"JFM_YIELDMM_DAILY_SW",33.7525974683544,53.1465659729672,205.99017721519,36.9179544303798,16.9376810126582,49.752182278481,45.8264506329114,17.7226632911392,44.3513620253164,20.231817721519,81.9706329113924,50.6861772151899,49.8905316455696,32.2621974683544,46.8780151898734,115.964658227848,33.7692759493671,70.0714936708861,133.444253164557,23.5784506329114,105.972881012658,64.0248607594937,21.3167392405063,40.3728607594937,40.6763544303797,151.588253164557,121.925164556962,32.1038886075949,58.5496708860759,80.294582278481,116.008405063291,67.5054683544304,46.750329113924,50.587746835443,42.0297721518987,24.9728810126582,85.1149367088607,67.0324556962025,52.1763037974684,150.087189873418,50.7955443037975,172.80546835443,32.2140759493671,22.4839594936709,54.6835443037975,54.1257721518987,44.9334683544304,44.2556658227848,35.4970025316456
"AMJ_YIELDMM_DAILY_SW",420.789873417722,561.394936708861,504.004556962025,491.941367088608,396.343594936709,613.855594936709,774.537721518987,292.24253164557,612.64982278481,493.669367088608,481.280810126582,271.15382278481,452.566481012658,307.302379746835,396.674430379747,363.063189873418,501.171949367089,413.913417721519,315.215088607595,440.563443037975,444.694784810127,445.186936708861,398.345012658228,471.303797468354,444.765873417722,597.261873417722,324.587848101266,339.40435443038,373.289012658228,505.836455696203,494.374784810127,669.345721518987,463.276253164557,589.956151898734,407.190075949367,286.022278481013,610.733164556962,364.889620253165,369.663493670886,172.8,453.725772151899,535.513215189873,429.235746835443,258.91017721519,449.094075949367,508.059341772152,543.043139240506,524.281215189873,499.118582278481
"JAS_YIELDMM_DAILY_SW",95.702764556962,81.8448607594937,119.656070886076,46.5668658227848,35.8237367088608,182.728070886076,243.965164556962,50.0037265822785,208.188455696202,151.81737721519,235.751696202532,30.7789063291139,74.9547341772152,30.8087088607595,55.6082430379747,77.9904911392405,123.085002531646,79.2657113924051,91.5610329113924,41.594764556962,60.8395443037975,40.1196759493671,56.815929113924,58.4670987341772,82.3408405063291,154.306025316456,36.1532050632911,52.3400810126582,31.0687291139241,50.8015594936709,82.1294886075949,91.7483240506329,35.8992,286.63746835443,80.7870075949367,33.5215594936709,116.56973164557,29.4864607594937,35.3280303797468,29.2937012658228,28.2757670886076,80.3913721518987,76.255929113924,27.568982278481,93.8722329113924,189.936729113924,157.056607594937,55.5986734177215,62.2416303797468
"OND_YIELDMM_DAILY_SW",57.1345494355115,127.672405063291,77.3919797468354,57.9694784810127,30.7841012658228,38.7575088607595,34.7161215189873,45.8860556962025,28.7148759493671,160.938592405063,37.3078481012658,66.4350379746836,61.8079898734177,67.6162025316456,177.768,61.4178227848101,42.9941164556962,59.796182278481,36.1398075949367,54.9799291139241,50.0819240506329,14.3374784810127,78.6401316455696,159.91737721519,305.861194936709,55.2664708860759,42.1927291139241,26.8848911392405,33.0611240506329,296.945043037975,64.0461873417722,97.8944810126582,50.7895291139241,127.136506329114,46.2302886075949,61.7609620253164,35.0414886075949,126.063888607595,132.540060759494,79.1790379746835,143.09453164557,118.329721518987,69.4456405063291,96.1954632911392,69.9812658227848,54.9542278481013,93.0435037974684,51.8421873417722,119.078065822785
"JAN_MIN_DAILY_SW",1.1,Inf,5.15,0.878,0.394,0.68,0.292,0.524,1.19,0.538,3.62,1.37,1.12,0.609,0.878,4,0.74,1.2,1.7,0.56,0.8,0.675,0.22,1.25,0.8,0.8,0.8,0.52,1.05,0.5,2.85,0.57,1.2,1.7,1.71,0.77,1.45,0.91,0.56,1.2,2.54,1.2,0.67,0.7,1.48,1.06,1.54,1,1.05
"FEB_MIN_DAILY_SW",0.776,1.94,3.99,0.906,0.453,2.29,0.382,0.566,1.35,0.58,2.41,2,1.26,0.637,1.29,2.3,0.75,1.6,1.8,0.8,0.4,1,0.36,0.9,0.6,3.9,2.78,0.48,0.245,1,2.87,1.2,1.05,1.56,1.54,0.5,1.54,1.1,1.1,2.56,0.34,1.8,0.91,0.76,1.56,1.16,1.36,0.846,1.06
"MAR_MIN_DAILY_SW",0.748,0.929,4.59,0.968,0.765,1.4,1.81,0.694,0.991,0.892,1.53,1.46,1.27,0.996,1.84,2.76,1.29,2.27,1.74,0.352,4.73,1.35,0.967,1.1,1,3.22,5.58,0.7,2.74,2.8,3.6,1.48,0.958,1.61,1.2,0.778,1.5,0.86,1.22,2.42,0.63,2.5,1.22,0.718,1.68,1.36,1.4,1.29,0.966
"APR_MIN_DAILY_SW",6.14,2.08,3.88,2.7,1.11,1.76,4.73,1.3,3.17,1.05,2.04,1.48,5.47,2.28,1.88,2.66,1.28,3.28,3.05,1.49,6.46,4.21,1.43,1.57,6.01,4.61,7.3,2.69,6.6,4.48,4.71,4.37,3.45,2.41,2.26,1.35,1.71,4.92,5.82,2.58,1.83,8.24,1.3,0.717,2.72,2.75,1.75,6.01,2.07
"MAY_MIN_DAILY_SW",6.14,4.22,10.2,7.96,2.61,19.2,6.31,5.21,11,5.13,14.3,8.33,12.1,12.3,13.1,10.1,6.54,13.7,3.97,5.82,7.31,13.9,9.27,11.6,10.5,14.6,9.24,8.93,8.63,18.1,7.03,15.9,16.7,10.1,8.81,8.14,8.65,8.44,12.1,5.81,12.5,11.8,4.38,4.15,7.03,5.59,14.3,10.1,12.4
"JUN_MIN_DAILY_SW",10,17.2,17.4,3.62,5.3,20.2,26.9,7.96,23.7,14.4,12.7,3.82,14.8,5.03,6.31,10.8,20,8.54,14.1,7.15,8.85,6.44,8.05,7.15,14.7,17.7,3.05,2.95,5.26,7.5,12.5,14.5,7.25,24.3,14.4,6.28,22.6,6.54,3.04,2.26,6.22,11.2,12.6,4.13,13.8,20.9,16.9,13.4,12.4
"JUL_MIN_DAILY_SW",3.4,2.78,3.06,1.24,1.2,8.18,9.09,1.65,11.1,2.97,10.2,1.26,1.66,0.853,1.39,2.72,4.41,2.12,2.5,1.2,2.3,1.45,1.65,1.46,2.03,3.61,1.04,2.03,0.812,1.8,2.12,2.58,0.977,12.4,3.09,1.07,3.47,0.873,0.698,0.743,0.797,2.3,1.83,0.869,2.81,8.19,3.99,1.27,1.72
"AUG_MIN_DAILY_SW",0.951,0.708,1.21,0.668,0.515,0.898,2.11,0.725,1.91,1.41,3.6,0.558,0.801,0.57,0.697,0.86,0.95,0.553,0.731,0.43,0.631,0.483,0.582,1.06,0.933,1.48,0.47,1.21,0.412,1.11,0.691,0.937,0.466,2.42,0.898,0.532,0.832,0.42,0.466,0.404,0.373,0.879,0.971,0.398,0.836,1.38,0.867,0.664,0.585
"SEP_MIN_DAILY_SW",0.561,0.566,0.85,0.648,0.45,0.527,1.57,0.43,1.03,0.878,1.42,0.58,1.39,0.521,0.667,0.686,0.667,0.66,0.961,0.422,0.552,0.438,0.447,0.66,0.691,0.947,0.451,0.666,0.242,0.525,0.767,0.712,0.415,1.15,0.875,0.43,0.597,0.365,0.733,0.432,0.322,0.616,0.783,0.378,0.882,0.816,0.491,0.562,0.484
"OCT_MIN_DAILY_SW",0.597,1.06,1.08,1.61,0.671,0.997,1.48,0.699,1.02,0.855,1.09,0.688,1.35,0.531,1.32,1.5,0.874,0.488,0.73,0.591,0.567,0.437,0.623,0.603,0.759,0.669,0.697,0.623,0.284,0.885,0.729,2.33,0.454,1.4,0.845,0.441,0.57,0.391,0.801,1.51,0.351,1.34,0.741,0.458,1.78,2.13,0.454,1.5,0.508
"NOV_MIN_DAILY_SW",1.77,2.27,1.18,1.7,0.951,1.32,0.934,1.42,1.04,3.51,1.08,0.864,1.27,0.635,1.58,1.45,0.67,2,0.78,0.6,0.857,0.47,1.45,1.93,4.02,0.925,0.64,0.3,0.395,1.04,1.95,2.33,0.62,2.67,0.968,1.8,0.58,1.2,1.39,1.8,0.688,1.9,1.66,2.47,1.45,1.09,1.65,0.978,0.13
"DEC_MIN_DAILY_SW",8.1,2.19,0.864,0.963,0.756,0.292,0.58,1.5,0.566,4.53,1.08,1.22,0.75,0.765,1.7,0.83,0.94,0.93,0.54,0.64,1.15,0.47,1,1.6,1.6,0.94,0.49,0.75,0.12,3.3,0.925,1.47,1.68,2.3,0.78,1.5,1.05,0.65,2.55,0.55,1.3,1.85,0.76,1.75,1.3,1.36,1.12,1.21,2.31
"JAN_MAX_DAILY_SW",2.23,-Inf,34,2.12,0.906,3.68,0.382,0.665,2.72,0.835,7.36,2.07,1.66,1.1,3.41,17.8,1.48,6,96.2,1.3,4.2,8.52,0.7,2.3,2.7,5.3,10.9,1.5,2.43,2.6,6.1,1.48,2.82,2.66,2.2,1.25,39.4,7.5,2.3,36,8.04,3.5,2.4,1.3,4.25,4.26,2.19,1.16,1.44
"FEB_MAX_DAILY_SW",1.1,4.42,11.3,2.22,0.736,6,1.7,0.694,1.98,0.949,4.98,3.62,1.5,1.13,3.17,6.65,2.46,3.17,3,2,30,2.1,1.25,2.6,2,32,12.2,1.75,2.2,10,4.8,2.65,1.99,2.68,2,0.96,3.85,5.67,1.29,11.6,2.6,3.33,1.29,1.01,2.19,3.34,2.55,1.01,1.66
"MAR_MAX_DAILY_SW",9.54,2.12,16.6,2.94,1.15,2.61,6.77,1.27,3.23,1.1,2.23,2.34,11,3.3,2.97,3.7,1.73,6.52,4.01,1.2,15,7,1.78,2.1,4.83,8,10.7,6.54,10.8,4.79,8.97,22.2,5.19,2.86,1.69,1.85,4.26,16.6,6.27,8.07,1.8,65.8,1.8,1.16,4.16,3.2,1.87,6.18,2.08
"APR_MAX_DAILY_SW",17.2,3.91,13,13.4,4.39,19.7,9.4,4.96,17,4.39,9.8,26.8,21.3,25.7,37.3,24.6,7.03,20.1,7.03,18.4,17,42.6,25.3,24.2,25.2,29,46.5,9.09,29.5,18.8,37.3,32.8,27.1,20.6,14.9,23.4,24.3,12.1,30.3,24.1,25.5,22.8,5.32,6.64,23.5,5.18,39.1,17.1,8.14
"MAY_MAX_DAILY_SW",41.6,53.8,49,57.2,51.3,64.3,91.2,47.3,54.1,52.7,47.3,21.4,42.2,30.5,36.9,39.3,48.7,51.3,34.1,55.9,65.6,61.3,54.3,48.7,31.6,62.3,34.9,64.5,43.2,52,34.8,76.7,60,75.4,39.6,45.8,63.9,49.2,35.2,17.1,69.7,44,75.5,35.7,47.6,39.8,47.8,90.2,55.3
"JUN_MAX_DAILY_SW",36.8,64.8,58.9,45,64.3,49,84.4,25.6,84.7,68.2,52.7,31.4,55.8,27.1,23.3,25.3,52.2,37.2,43,41,63.1,22.5,27.2,48.4,29.4,46.5,16.4,21.7,16.3,36.2,49.6,57,29,76.9,35.5,19.2,62,34.5,20.4,5.21,37.8,54.4,42.5,27.7,39.7,58.6,53.2,31.6,38.7
"JUL_MAX_DAILY_SW",20.4,15.1,24.4,6.57,5.18,23.4,39.6,9.06,34,34.3,31.4,3.88,12.5,5.39,6.28,13.5,23.4,21,16.5,7.39,8.96,7.69,8.92,7.48,16.7,34.8,6.15,5.67,7.65,7.37,20.4,18.1,7.58,42.1,12.3,6.35,25.2,6.28,2.8,4.27,5.76,15.2,18.7,3.81,12.3,31.5,33.6,12.6,13.8
"AUG_MAX_DAILY_SW",3.4,2.67,2.83,1.15,1.09,7.59,9.29,1.67,10.3,3.2,10.3,1.25,2.69,0.812,2.5,2.49,4.26,2.04,2.88,1.17,2.23,1.37,1.84,4.44,2.21,3.47,1.21,3.66,1.24,2.87,3.66,2.35,0.945,12,3,1.11,3.05,0.826,1.08,0.708,0.775,2.14,7.51,0.829,2.79,7.81,3.66,1.55,1.61
"SEP_MAX_DAILY_SW",1.42,1.17,5.24,7.19,3.37,1.72,4.16,1.16,1.85,2.46,6.17,1.67,5.3,1.35,5.06,1.9,1.85,2.16,2.37,1.64,3.02,0.782,1.97,1.74,2.31,4.12,2.79,1.54,0.479,1.05,1.58,3.08,0.552,4.76,4.69,1.57,1.03,0.813,5.29,4.06,0.735,1.08,3.39,0.908,10.4,15.3,0.834,9.85,1.06
"OCT_MAX_DAILY_SW",1.72,57.5,11.2,7.05,2.15,5.52,3.88,4.13,1.79,9.97,1.63,4.93,10.6,3.04,3.73,6.16,6.52,3.81,4.57,8.46,4.88,0.544,12.2,5.92,30.5,1.97,5.37,2.76,2.95,9.69,6.6,15.3,1.11,5.93,9.22,2.4,1.12,69,2.22,16.2,3.28,12.2,5.74,17.8,4,8.28,22.2,8.43,8.19
"NOV_MAX_DAILY_SW",3.4,24.6,6.94,6.09,3.91,3.14,2.16,2.15,1.7,40.5,4.7,17.6,31.1,1.26,9.06,9.85,2.89,12.8,2.2,10.8,9.8,0.756,20.7,53.9,101,11.7,4.26,2.31,1.5,104,12.9,12.1,8.79,53.9,5.86,17,7.37,4.8,14.2,8.12,83.7,6.05,14.6,17.2,11,2.67,26.4,2.15,40.9
"DEC_MAX_DAILY_SW",12.9,9.15,3.88,1.67,1.2,1.22,0.906,1.95,1.35,23,1.76,6.94,1.39,39.5,92.6,1.85,1.83,1.85,1.3,1,3.9,0.97,6.01,38.6,17.1,5.31,2,2.7,10.4,38.1,2.3,2.97,7.36,6.48,1.06,2.2,2.31,2.4,48.8,16.5,2.7,39.1,4.1,5.7,2.7,2.39,1.63,1.68,26
"JAN_MEAN_DAILY_SW",1.69290322580645,NA,10.6325806451613,1.41132258064516,0.511548387096774,1.0698064516129,0.322290322580645,0.612774193548387,1.68903225806452,0.695193548387097,4.6341935483871,1.71709677419355,1.50903225806452,0.820225806451613,1.622,6.89161290322581,1.08122580645161,2.58967741935484,10.6970967741935,0.857193548387097,1.70935483870968,2.015,0.463548387096774,1.73806451612903,1.65483870967742,2.46032258064516,2.07032258064516,0.795161290322581,1.73161290322581,1.42129032258065,4.05387096774194,1.07435483870968,1.97258064516129,2.19225806451613,1.94225806451613,1.09032258064516,5.55,1.98403225806452,1.44451612903226,8.65322580645161,3.94322580645161,2.46935483870968,1.27870967741935,0.990967741935484,2.44838709677419,2.33548387096774,1.79806451612903,1.05290322580645,1.31516129032258
"FEB_MEAN_DAILY_SW",0.876964285714286,2.75857142857143,6.49344827586207,1.65182142857143,0.554357142857143,2.90035714285714,0.873275862068966,0.618785714285714,1.66392857142857,0.752642857142857,3.31103448275862,2.69392857142857,1.3625,0.82475,1.71103448275862,3.94071428571429,1.54142857142857,2.21892857142857,2.32689655172414,1.2075,3.51057142857143,1.55107142857143,0.82148275862069,1.5525,1.13571428571429,11.96,4.54344827586207,0.866428571428571,1.08892857142857,4.83,4.03724137931034,2.19214285714286,1.34678571428571,1.90392857142857,1.75344827586207,0.810178571428571,2.7025,2.42714285714286,1.17758620689655,5.49464285714286,1.11714285714286,2.735,1.10965517241379,0.861071428571429,1.79821428571429,2.24,2.08931034482759,0.973607142857143,1.43214285714286
"MAR_MEAN_DAILY_SW",1.49716129032258,1.61890322580645,7.5958064516129,1.45232258064516,0.986064516129032,2.18032258064516,4.26741935483871,0.919258064516129,2.04067741935484,1.01196774193548,1.93935483870968,1.82967741935484,3.14645161290323,2.24116129032258,2.30806451612903,3.23064516129032,1.51064516129032,3.67322580645161,2.87,0.833967741935484,7.62258064516129,4.13774193548387,1.28293548387097,1.62290322580645,2.11838709677419,4.62161290322581,8.0641935483871,2.20990322580645,4.19258064516129,3.68935483870968,5.85612903225806,4.91,2.32661290322581,2.05645161290323,1.37612903225806,1.12422580645161,2.05096774193548,3.73225806451613,3.60967741935484,4.09129032258065,1.04064516129032,15.448064516129,1.48387096774194,0.883967741935484,2.37903225806452,2.02709677419355,1.54870967741935,3.28903225806452,1.57925806451613
"APR_MEAN_DAILY_SW",9.16,2.826,4.80166666666667,6.57,2.365,5.444,6.41833333333333,3.07633333333333,7.19033333333333,2.036,4.23466666666667,7.164,8.364,4.444,10.614,7.129,2.70966666666667,7.83266666666667,4.38833333333333,7.79633333333333,8.63366666666667,11.8396666666667,10.5896666666667,10.3686666666667,14.273,10.9343333333333,14.867,5.292,15.3533333333333,7.35366666666667,18.0433333333333,11.3723333333333,7.09866666666667,7.20033333333333,9.31733333333333,4.94033333333333,7.64833333333333,8.19533333333333,14.0313333333333,6.62966666666667,6.51566666666667,12.1496666666667,2.38233333333333,2.6,8.21666666666667,3.51,10.8243333333333,10.227,5.646
"MAY_MEAN_DAILY_SW",21.3838709677419,24.4248387096774,24.558064516129,33.7258064516129,20.5506451612903,36.958064516129,39.9016129032258,18.6890322580645,21.241935483871,20.9570967741935,26.0258064516129,12.76,19.9193548387097,20.1677419354839,22.0225806451613,21.2516129032258,21.0064516129032,26.6290322580645,9.48129032258064,24.8774193548387,23.6806451612903,27.5161290322581,20.8677419354839,25.7774193548387,18.1483870967742,30.9967741935484,16.5390322580645,27.1535483870968,20.1629032258065,34.1516129032258,17.6590322580645,39.4838709677419,33.2096774193548,23.4129032258065,18.281935483871,17.948064516129,26.2596774193548,18.2832258064516,20.7322580645161,10.4412903225806,27.7387096774194,28.0161290322581,30.3554838709677,15.5616129032258,20.5393548387097,20.738064516129,25.2258064516129,33.4806451612903,30.2451612903226
"JUN_MEAN_DAILY_SW",20.0433333333333,40.3766666666667,31.2666666666667,18.5543333333333,24.719,31.2033333333333,46.7766666666667,13.24,45.55,36.4933333333333,27.5466666666667,12.708,26.2266666666667,12.1803333333333,14.9893333333333,15.1733333333333,36.6833333333333,15.1123333333333,24.2433333333333,20.2076666666667,21.1106666666667,14.0013333333333,16.4106666666667,20.453,21.1966666666667,29.85,7.61433333333333,8.02733333333333,9.32066666666667,19.0246666666667,23.98,29.43,15.0643333333333,40.53,21.4333333333333,11.3833333333333,39.6733333333333,17.397,9.61233333333333,3.64766666666667,20.1363333333333,24.1866666666667,18.58,12.8843333333333,25.31,37,29.3133333333333,19.0933333333333,23.95
"JUL_MEAN_DAILY_SW",8.63870967741935,7.20096774193548,10.5932258064516,2.93935483870968,2.57193548387097,17.9712903225806,22.6864516129032,4.20870967741936,19.1548387096774,14.5293548387097,19.2354838709677,2.03967741935484,5.2358064516129,2.28367741935484,3.58096774193548,6.92967741935484,11.191935483871,7.05548387096774,7.94903225806452,3.25129032258065,5.21612903225806,3.40354838709677,4.92677419354839,3.82741935483871,7.40096774193548,13.9603225806452,2.5841935483871,3.18258064516129,2.69493548387097,3.52290322580645,7.38,8.23322580645161,3.14925806451613,26.1935483870968,6.4058064516129,2.63612903225806,11.3512903225806,2.44083870967742,1.61090322580645,2.04641935483871,2.40245161290323,7.38741935483871,5.85032258064516,2.08032258064516,6.94064516129032,17.3238709677419,16.1570967741935,4.16290322580645,5.78161290322581
"AUG_MEAN_DAILY_SW",1.94858064516129,1.724,1.74129032258065,0.848225806451613,0.77941935483871,2.64006451612903,4.11612903225806,1.0128064516129,4.12290322580645,2.19064516129032,6.09451612903226,0.762516129032258,1.22548387096774,0.654516129032258,1.46270967741935,1.33029032258065,2.27158064516129,1.14693548387097,1.52809677419355,0.731677419354839,1.16990322580645,0.813774193548387,1.02858064516129,2.11709677419355,1.25667741935484,2.68064516129032,0.725193548387097,2.10096774193548,0.622096774193548,1.80774193548387,1.3158064516129,1.36912903225806,0.639709677419355,5.62645161290323,1.44635483870968,0.750129032258064,1.69974193548387,0.588935483870968,0.671870967741935,0.52858064516129,0.515870967741936,1.34429032258065,1.90909677419355,0.610354838709677,1.53696774193548,3.21161290322581,1.76496774193548,0.949677419354839,0.942870967741935
"SEP_MEAN_DAILY_SW",0.727266666666667,0.755533333333333,1.84203333333333,1.7633,0.904333333333333,0.978633333333333,2.04666666666667,0.700566666666667,1.32733333333333,1.23126666666667,2.567,0.856766666666667,2.46133333333333,0.719866666666667,1.5676,0.9728,1.09343333333333,1.18773333333333,1.3695,0.955233333333333,0.818266666666667,0.533233333333333,0.772766666666667,0.985266666666667,1.09223333333333,1.61633333333333,0.987866666666667,0.9213,0.3601,0.685066666666667,1.02703333333333,1.26293333333333,0.461333333333333,2.06433333333333,1.73513333333333,0.5876,0.725366666666667,0.464033333333333,1.9481,0.910466666666667,0.4316,0.778033333333333,1.27856666666667,0.580666666666667,2.6841,1.93586666666667,0.627866666666667,1.49523333333333,0.639466666666667
"OCT_MEAN_DAILY_SW",0.89,4.88677419354839,3.17838709677419,2.89677419354839,1.24090322580645,2.15764516129032,1.96935483870968,1.92754838709677,1.26032258064516,2.768,1.17870967741935,1.29967741935484,2.39096774193548,0.906774193548387,1.75612903225806,2.67645161290323,2.28587096774194,1.14932258064516,1.98177419354839,2.98835483870968,1.41332258064516,0.460129032258065,2.50545161290323,2.57493548387097,7.28158064516129,1.04696774193548,1.73958064516129,1.00241935483871,0.773387096774194,3.59512903225806,1.91316129032258,5.20870967741936,0.699354838709677,2.64354838709677,2.39403225806452,1.05596774193548,0.761,11.1268387096774,1.40396774193548,3.51709677419355,0.695387096774194,3.87064516129032,2.07274193548387,2.22664516129032,2.36806451612903,3.17483870967742,3.05832258064516,3.26161290322581,2.47690322580645
"NOV_MEAN_DAILY_SW",2.2825,5.70666666666667,3.32166666666667,2.833,1.45836666666667,2.04,1.51646666666667,1.72333333333333,1.20333333333333,9.00733333333333,1.80533333333333,3.56466666666667,4.004,0.854033333333333,4.315,3.34433333333333,1.4905,4.72666666666667,1.44366666666667,2.78166666666667,2.8519,0.5903,4.894,9.74,23.356,3.42286666666667,2.05666666666667,1.03466666666667,0.8452,23.3836666666667,4.24566666666667,4.67766666666667,2.31393333333333,9.19366666666667,2.20393333333333,4.57166666666667,1.99233333333333,2.51666666666667,5.43866666666667,3.35233333333333,14.6256,3.297,4.462,6.50366666666667,3.997,1.55966666666667,6.78833333333333,1.4206,5.13543333333333
"DEC_MEAN_DAILY_SW",10.5,4.65354838709677,2.73787096774194,1.20090322580645,0.979709677419355,0.440806451612903,0.658935483870968,1.81838709677419,0.962967741935484,7.50290322580645,1.4758064516129,3.08870967741935,1.02635483870968,6.24416129032258,15.0412903225806,1.33322580645161,1.3441935483871,1.33129032258065,0.884935483870968,0.806290322580645,1.73548387096774,0.660161290322581,2.03645161290323,6.86645161290323,6.20161290322581,2.16096774193548,1.24803225806452,1.1681935483871,2.30925806451613,8.80935483870968,1.53435483870968,1.8141935483871,3.05354838709677,3.45903225806452,0.92741935483871,1.80645161290323,1.44516129032258,1.3108064516129,8.97,2.58032258064516,2.03322580645161,6.89935483870968,1.80245161290323,2.82870967741935,2.02032258064516,1.79935483870968,1.34967741935484,1.48,6.60225806451613
"JAN_P50_DAILY_SW",1.7,NA,9.34,1.3,0.462,0.736,0.317,0.623,1.59,0.694,4.39,1.78,1.56,0.779,1.42,5.4,1,2.1,4.5,0.84,1.28,1.55,0.548,1.7,1.6,2.48,1.3,0.76,1.66,1.49,3.52,1.01,1.96,2.2,1.9,1.1,3.2,1.2,1.4,2,3.67,2.5,1.02,1.02,2.2,1.81,1.75,1.04,1.36
"FEB_P50_DAILY_SW",0.847,2.595,6.06,1.86,0.528,2.46,0.793,0.616,1.76,0.722,3.03,2.57,1.35,0.8045,1.58,3.69,1.615,2.105,2.3,1.165,0.91,1.565,0.9,1.59,1.025,11,3.68,0.68,1,4.28,4.05,2.24,1.245,1.735,1.74,0.8,2.51,2.335,1.16,4.215,0.725,2.8,1.12,0.8325,1.765,2.085,2.27,0.984,1.475
"MAR_P50_DAILY_SW",0.917,1.68,6.54,1.4,0.994,2.21,4.25,0.892,2.27,0.991,1.95,1.76,1.78,2.35,2.29,3.25,1.54,3.56,2.9,0.86,7.24,4,1.27,1.68,1.75,3.95,8.36,1.68,3.55,3.76,5.78,2.04,2.02,1.89,1.34,0.924,1.75,3.35,4,3.52,0.95,13.9,1.5,0.907,2.04,1.99,1.53,3.1,1.6
"APR_P50_DAILY_SW",8.225,2.81,4.33,6.345,2.455,2.97,6.385,3.27,5.665,1.585,4.5,4.05,6.68,2.44,5.615,3.525,1.67,3.92,4.34,6.775,7.77,9.415,12.65,13.7,12.05,7.44,11.3,4.375,12.25,6.06,18.1,6.655,4.25,3.47,10.2,1.575,7.91,7.725,12.35,3.285,4.81,11.35,2.46,1.89,4.325,3.18,6.075,10.06,6.48
"MAY_P50_DAILY_SW",19.8,21.5,25.4,32.3,17.7,35.4,38.8,15.3,18.4,18.9,24.4,11.9,18.1,17,20,21.1,22.7,20.6,8.35,13.9,11.4,21.4,19.1,21.4,17,28.8,14.4,22.3,16.9,31.2,19.7,36.9,30.2,13.9,18.7,14.3,19.6,13.9,19.9,9.62,23.8,29.1,34.6,11.3,15,21.2,24.6,25.2,27.9
"JUN_P50_DAILY_SW",18.15,42.75,32.3,12.75,21.2,29.45,39.9,12.35,41.6,35.65,25.35,13.2,20.45,9.345,16.05,13.5,37.15,13.4,23.95,19.4,15.95,13.8,16.05,15.65,20.9,31.15,7.485,7.705,9.06,17.15,22.65,31.25,13.75,36.05,20.05,11.7,38.85,12.6,8.43,3.595,22.05,18.45,16.65,10.75,25.25,34.35,27.6,17.8,22.45
"JUL_P50_DAILY_SW",8.52,5.86,6.8,2.8,2.04,19.7,23.6,3.94,17.8,9.06,18.2,1.92,4.11,1.91,3.53,6.99,10.2,5.88,7.95,2.48,5.06,2.67,4.58,3.75,5.65,10.8,2.21,3.21,2.3,2.98,5.99,7.61,2.74,25.6,5.49,1.96,10.9,2.17,1.55,2.05,2.11,6.38,3.86,1.93,6.08,17,16.6,2.79,4.54
"AUG_P50_DAILY_SW",1.94,1.56,1.55,0.813,0.81,1.79,3.23,0.898,3.14,2.31,5.24,0.697,1.06,0.636,1.38,1.13,2.32,1.07,1.44,0.656,1.02,0.802,0.926,1.86,1.16,2.74,0.721,2.02,0.568,1.68,1.03,1.24,0.596,4.57,1.18,0.659,1.58,0.565,0.644,0.521,0.486,1.18,1.56,0.599,1.19,2.39,1.5,0.872,0.917
"SEP_P50_DAILY_SW",0.65,0.708,1.465,0.9585,0.616,0.9975,1.805,0.708,1.285,1.095,2.28,0.7365,2.215,0.653,1.16,0.9135,1.055,1.035,1.255,0.9855,0.673,0.5005,0.529,0.8155,0.9425,1.42,0.783,0.8745,0.381,0.6185,0.9755,0.9905,0.447,1.925,1.36,0.5155,0.673,0.4375,1.47,0.724,0.391,0.782,1.003,0.555,1.435,0.9735,0.622,0.7485,0.601
"OCT_P50_DAILY_SW",0.7875,2.26,2.03,2.58,1.2,1.76,1.68,1.96,1.12,2.25,1.11,0.858,1.79,0.612,1.59,2.31,1.89,0.663,1.69,3.1,0.934,0.455,2.01,2.46,4.4,0.922,1.05,0.772,0.475,3.18,1.62,3.66,0.648,2.33,1.29,0.9,0.766,2.36,1.42,2.54,0.476,2.99,1.72,0.616,2.11,2.69,1.35,2.7,1.4
"NOV_P50_DAILY_SW",2.055,4.81,2.97,2.635,1.24,1.925,1.515,1.7,1.19,6.06,1.48,3.255,2.275,0.818,3.595,2.755,1.26,3.53,1.44,1.85,2.025,0.617,3.305,6.385,15.5,3.14,2.11,1.005,0.802,17.6,2.8,3.695,2.41,6.13,1.915,2.95,1.62,2.4,4.36,3.05,9.935,3.155,3.57,5.65,3.705,1.35,3.845,1.42,2.58
"DEC_P50_DAILY_SW",10.5,4.81,2.94,1.12,0.963,0.34,0.651,1.87,0.991,5.52,1.47,2.66,1.02,3.74,7.29,1.26,1.39,1.4,0.86,0.8,1.65,0.61,1.88,4.28,5,1.9,1.3,1,1.75,5.6,1.55,1.8,2.32,3.13,0.94,1.8,1.4,1.25,6.7,0.81,2,3.7,1.37,2.42,2.05,1.53,1.3,1.48,5.08
"JAN_P80_DAILY_SW",1.27,NA,7.08,0.906,0.408,0.694,0.306,0.552,1.27,0.651,4.11,1.49,1.43,0.736,1.18,4.69,0.881,1.82,2.6,0.71,1,1.25,0.25,1.5,1.25,1.4,0.96,0.61,1.51,0.9,3.4,0.87,1.55,2,1.85,1,2.35,1.05,0.9,1.45,2.8,1.7,0.76,0.81,1.71,1.27,1.65,1.01,1.2
"FEB_P80_DAILY_SW",0.793,2.08,4.814,1.154,0.4742,2.38,0.5834,0.58,1.396,0.623,2.81,2.152,1.32,0.68,1.446,3.158,0.918,1.788,2.03,0.888,0.474,1.32,0.458,1.02,0.82,8,3.324,0.532,0.548,3.188,3.68,1.976,1.174,1.634,1.652,0.754,2.176,1.746,1.126,3.4,0.444,2.6,1.056,0.814,1.644,1.776,1.638,0.9608,1.276
"MAR_P80_DAILY_SW",0.77,1.37,5.32,1.08,0.9,2.07,2.49,0.736,1.18,0.963,1.78,1.55,1.37,1.84,2.07,2.96,1.34,2.51,1.94,0.6,5.28,3.39,1.05,1.5,1.54,3.6,6.6,1.25,2.97,3.2,4.2,1.8,1.02,1.68,1.23,0.834,1.6,1.3,1.33,2.82,0.7,2.93,1.34,0.763,1.83,1.83,1.48,2.11,1.13
"APR_P80_DAILY_SW",6.82,2.25,4.038,3.17,1.938,2.236,4.954,1.858,3.712,1.1,2.65,3.19,5.884,2.338,2.194,3.092,1.418,3.492,3.35,3.386,7.014,8.154,2.174,3.516,10.098,5.408,8.832,3.302,7.39,5.126,11.032,4.78,3.628,2.528,5.508,1.416,3.106,6.34,10.056,2.82,3.012,9.458,1.36,1.013,2.992,2.892,1.906,7.212,2.708
"MAY_P80_DAILY_SW",12.5,13.9,12.3,14.9,9.32,25.9,21.9,8.86,13.6,7.62,20.9,9.85,15.8,14.1,17.3,11.6,8.76,17.1,4.41,8.92,9.07,17.4,12,13.4,15.3,23.7,10.5,12.1,14.9,26.8,8.69,22,21.4,10.9,10.1,10.6,12.3,10,15.2,6.79,13.5,14,11,7.8,8.35,9.27,17.2,18.3,20.9
"JUN_P80_DAILY_SW",12.7,30.36,24.44,4.796,11.212,23.62,33.28,10.28,27,25.98,16.92,6.634,17.48,6.196,8.992,12.18,24.84,9.584,18.58,8.66,10.86,8.348,13.48,9.47,18.18,24.36,4.232,3.84,7.026,12.28,16.4,19.52,9.6,27.04,18.08,8.16,32.44,8.116,6.632,2.918,10.07,14.7,13.74,5.722,21.78,30.06,22.88,14,18.78
"JUL_P80_DAILY_SW",4.64,4.08,4.33,1.73,1.41,13.3,13.2,1.99,14.8,4.79,13.1,1.5,2.32,1.15,2.09,4.88,5.71,3.49,3.95,1.63,3.57,2,2.6,1.97,2.89,7.07,1.49,2.34,1.31,2.2,3.6,3.96,1.41,17.9,4.29,1.47,5.37,1.15,0.949,1.15,1.11,3.81,2.39,1.37,3.98,10.7,7.32,1.7,2.74
"AUG_P80_DAILY_SW",1.14,1.4,1.31,0.756,0.575,1.27,2.53,0.739,2.27,1.59,4.33,0.589,0.951,0.6,1.25,0.928,1.28,0.61,0.964,0.5,0.702,0.578,0.713,1.29,1.04,2.13,0.505,1.57,0.478,1.4,0.792,1,0.532,3.15,0.986,0.581,1.04,0.44,0.525,0.458,0.413,1.01,1.32,0.474,0.931,1.83,1.06,0.75,0.683
"SEP_P80_DAILY_SW",0.6,0.623,0.9796,0.6704,0.504,0.6718,1.658,0.4718,1.08,0.9318,1.7,0.6454,1.624,0.5598,0.8376,0.7784,0.8094,0.7926,1.05,0.628,0.6032,0.4616,0.4936,0.701,0.8578,1.16,0.6992,0.7412,0.2782,0.5502,0.8924,0.8174,0.433,1.37,1.102,0.451,0.625,0.375,1.0016,0.4822,0.3422,0.634,0.8496,0.4332,0.9864,0.8524,0.5158,0.6574,0.512
"OCT_P80_DAILY_SW",0.7012,1.51,1.64,1.89,0.934,1.41,1.56,0.784,1.07,1.21,1.1,0.779,1.46,0.551,1.4,1.82,1.46,0.529,1.32,0.628,0.635,0.448,0.783,0.675,3.23,0.763,0.783,0.675,0.323,1.4,0.999,2.9,0.606,1.82,0.919,0.476,0.651,0.416,1.14,2.06,0.363,2.18,1.25,0.503,1.91,2.31,0.484,1.99,0.574
"NOV_P80_DAILY_SW",1.9,3.566,2.35,2.218,1.118,1.56,1.294,1.53,1.1,4.834,1.208,1.522,1.498,0.7448,2.856,2.184,1.098,3.002,1.232,0.854,1.562,0.4884,2.4,4.658,5.638,2.114,1.57,0.68,0.7,1.964,2.28,2.672,0.6496,4.034,1.286,2.16,0.7644,2.08,3.274,2.136,2.32,2.282,2.372,3.698,2.38,1.192,2.898,1.238,0.8228
"DEC_P80_DAILY_SW",9.06,2.25,2.41,1.01,0.816,0.309,0.623,1.7,0.623,5.1,1.42,1.54,0.906,2.38,2.55,1.15,1.1,1,0.74,0.72,1.4,0.5,1.52,1.95,2.1,1.62,0.81,0.88,0.8,4,1.2,1.6,2,2.8,0.83,1.7,1.15,0.825,3.2,0.75,1.65,2.5,0.838,1.85,1.8,1.46,1.22,1.4,3.81
"JAN_P90_DAILY_SW",1.2,NA,5.52,0.892,0.399,0.694,0.303,0.538,1.25,0.623,3.99,1.42,1.35,0.708,1.13,4.2,0.805,1.7,2.2,0.675,0.95,1.1,0.235,1.4,1,1.05,0.88,0.56,1.25,0.74,3.35,0.68,1.5,1.82,1.82,0.98,1.7,0.97,0.65,1.4,2.65,1.5,0.7,0.75,1.6,1.16,1.57,1.01,1.15
"FEB_P90_DAILY_SW",0.7811,2.018,4.442,0.9459,0.4611,2.35,0.4614,0.566,1.36,0.595,2.644,2.094,1.284,0.6608,1.362,3.07,0.85,1.7,1.974,0.861,0.4305,1.155,0.4034,0.944,0.735,7.44,3.116,0.4935,0.441,2.712,3.44,1.842,1.124,1.614,1.586,0.721,1.735,1.595,1.12,2.848,0.374,1.97,0.982,0.794,1.594,1.559,1.42,0.9268,1.147
"MAR_P90_DAILY_SW",0.759,1.13,5.01,1.03,0.83,2.03,2.1,0.708,1.06,0.934,1.7,1.53,1.32,1.13,1.98,2.9,1.33,2.31,1.86,0.46,5.17,3.18,1.03,1.25,1.25,3.39,6.24,0.9,2.83,3,4.1,1.71,0.991,1.64,1.22,0.79,1.57,1,1.23,2.48,0.66,2.65,1.27,0.745,1.73,1.48,1.47,1.84,0.985
"APR_P90_DAILY_SW",6.452,2.206,3.99,2.887,1.156,1.846,4.864,1.669,3.394,1.08,2.199,1.843,5.703,2.3,2.058,2.833,1.319,3.39,3.149,2.889,6.667,7.709,2.086,1.638,9.459,5.175,7.815,2.958,6.889,4.82,4.941,4.546,3.599,2.488,4.565,1.379,1.838,5.619,7.203,2.79,1.989,8.831,1.339,0.7353,2.857,2.837,1.877,7.005,2.145
"MAY_P90_DAILY_SW",11,8.44,11.3,9.06,6.57,22.3,11.2,7.65,12.1,6.6,18.9,9.49,14.3,13.2,14.7,11.3,7.19,14.7,4.2,8.16,8.72,14.8,10.2,12.6,14.1,19.8,9.81,9.91,10.9,21.2,7.61,16.8,17.6,10.4,10,8.61,9.78,9.3,13.7,6.33,13.2,13.7,6.22,7.06,7.43,6.63,15.9,15.6,19.9
"JUN_P90_DAILY_SW",11.96,24.79,23.15,4.26,8.707,22.51,31.91,8.883,24.9,19.12,13.84,4.768,17.07,5.862,7.773,11.19,23.15,9.085,16.46,8.026,10.27,7.886,12.312,8.352,15.78,18.72,3.586,3.508,6.556,8.581,13.91,16.83,8.609,25.14,17.56,7.335,28.31,7.465,4.365,2.631,9.395,13.73,13.39,5.106,20.05,26.89,19.43,13.59,16.94
"JUL_P90_DAILY_SW",3.85,3.51,4.05,1.47,1.35,10.8,9.97,1.94,12.5,4.28,11.6,1.34,2.11,0.97,1.66,3.8,4.83,2.83,3.31,1.32,3,1.85,1.96,1.88,2.58,5.49,1.26,2.14,0.981,1.93,2.62,3.15,1.17,15.9,3.56,1.22,4.07,0.996,0.8,0.892,0.901,2.87,2.11,1.01,3.46,8.77,5.6,1.43,2.19
"AUG_P90_DAILY_SW",1.06,1.37,1.28,0.731,0.549,1.06,2.25,0.736,2.1,1.47,4.16,0.569,0.92,0.585,1.08,0.917,1.04,0.588,0.781,0.455,0.671,0.523,0.643,1.13,0.97,1.84,0.491,1.45,0.464,1.23,0.708,0.951,0.494,2.7,0.96,0.571,0.953,0.425,0.497,0.43,0.395,0.953,1.16,0.447,0.908,1.51,0.901,0.706,0.594
"SEP_P90_DAILY_SW",0.58,0.595,0.9032,0.6597,0.491,0.5927,1.617,0.4492,1.059,0.9043,1.514,0.6177,1.55,0.5385,0.7666,0.7325,0.7359,0.7741,0.9777,0.447,0.5875,0.4506,0.468,0.6743,0.7795,1.058,0.4757,0.6989,0.2506,0.5338,0.8342,0.7839,0.4235,1.245,0.9846,0.4417,0.6089,0.37,0.7799,0.4567,0.3308,0.6238,0.8205,0.4217,0.9266,0.8399,0.5003,0.6196,0.5016
"OCT_P90_DAILY_SW",0.6254,1.23,1.18,1.77,0.728,1.33,1.54,0.722,1.06,1.12,1.09,0.719,1.38,0.545,1.34,1.59,1.33,0.509,0.927,0.605,0.613,0.444,0.664,0.636,2.88,0.73,0.747,0.644,0.295,1.28,0.787,2.49,0.57,1.52,0.886,0.452,0.61,0.406,0.921,1.59,0.355,2.09,0.813,0.492,1.86,2.24,0.469,1.87,0.524
"NOV_P90_DAILY_SW",1.835,2.288,2.284,1.834,1.093,1.438,1.125,1.465,1.088,4.182,1.159,0.9587,1.431,0.6985,2.593,1.796,0.895,2.815,1.131,0.657,1.19,0.4802,1.903,3.887,5.047,1.0427,0.998,0.433,0.483,1.74,2.1,2.492,0.642,3.158,1.173,1.895,0.695,1.6,2.49,1.933,1.537,2.196,1.867,3.198,1.835,1.13,1.679,1.142,0.257
"DEC_P90_DAILY_SW",8.58,2.22,1.98,0.997,0.784,0.297,0.595,1.61,0.595,4.96,1.3,1.32,0.85,1.06,2.12,1.1,1.03,0.96,0.62,0.7,1.25,0.5,1.2,1.7,1.8,1.2,0.59,0.81,0.5,3.52,1.18,1.55,1.9,2.65,0.79,1.58,1.09,0.75,2.67,0.65,1.45,2.3,0.79,1.8,1.7,1.44,1.19,1.26,3.39
"Oct_to_Sep_TOTALQ_DAILY_SW",203212886.4,289821039.483871,302514134.4,206290540.8,160235539.2,277169904,348575443.2,124720473.6,287899920,219440966.4,303341587.2,123216854.4,203455584,136569283.2,179101497.6,232192483.2,227344320,191573337.6,189605232,171232963.2,210609936,189414633.6,155097590.4,205015708.8,229953340.8,382049481.6,169986729.6,147268972.8,154774368,211718016,312668640,282076041.6,203447203.2,309038803.2,207657302.4,123476054.4,276240499.2,156878208,184301222.4,153171820.8,193384454.4,294450249.6,207307209.6,119577168,219255120,259784582.4,252796032,226628582.4,204989011.2
"Oct_to_Sep_YIELDMM_DAILY_SW",643.07875443038,917.155188240098,957.323210126582,652.818167088608,507.07449113924,877.119949367088,1103.08684556962,394.685043037975,911.075696202532,694.433437974683,959.94173164557,389.92675443038,643.846784810127,432.181275949367,566.77689113924,734.786339240506,719.444050632911,606.244739240506,600.016556962025,541.876465822785,666.487139240506,599.413397468355,490.815159493671,648.783888607595,727.70044556962,1209.01734683544,537.932688607595,466.041053164557,489.792303797468,669.993721518987,989.457721518987,892.645701265823,643.820263291139,977.970896202532,657.143362025317,390.747007594937,874.178794936709,496.450025316456,583.231716455696,484.720951898734,611.976121518987,931.804587341772,656.035473417722,378.408759493671,693.845316455696,822.103108860759,799.987443037975,717.179058227848,648.699402531646
"ONDJFM_TOTALQ_DAILY_SW",40001212.8,34638130.8,105437376,36121939.2,23670662.4,25449465.6,26728531.2,16570656,28515024,15467155.2,76759315.2,27806112,36758880,29726179.2,36180172.8,92819520,30079123.2,35728732.8,61063977.6,18870969.6,50861088,36057744,11266732.8,37608105.6,63387619.2,144554025.6,55992556.8,23477731.2,26997321.6,35820403.2,130493289.6,41570323.2,45707760,32035219.2,53456544,22500201.6,46412784,32255366.4,56323900.8,89310211.2,41071968,99824400,47571840,29049753.6,47677766.4,39217824,31564512,43386537.6,27599184
"AMJJAS_TOTALQ_DAILY_SW",163211673.6,203263776,197076758.4,170168601.6,136564876.8,251720438.4,321846912,108149817.6,259384896,203973811.2,226582272,95410742.4,166696704,106843104,142921324.8,139372963.2,197265196.8,155844604.8,128541254.4,152361993.6,159748848,153356889.6,143830857.6,167407603.2,166565721.6,237495456,113994172.8,123791241.6,127777046.4,175897612.8,182175350.4,240505718.4,157739443.2,277003584,154200758.4,100975852.8,229827715.2,124622841.6,127977321.6,63861609.6,152312486.4,194625849.6,159735369.6,90527414.4,171577353.6,220566758.4,221231520,183242044.8,177389827.2
"ONDJFM_YIELDMM_DAILY_SW",126.586116455696,109.614337974684,333.662582278481,114.309934177215,74.9071594936709,80.5362835443038,84.5839594936709,52.4387848101266,90.237417721519,48.9466936708861,242.909225316456,87.9940253164557,116.325569620253,94.0701873417722,114.494217721519,293.732658227848,95.1870987341772,113.065610126582,193.240435443038,59.7182582278481,160.952810126582,114.106784810127,35.654217721519,119.012992405063,200.59373164557,457.449448101266,177.191635443038,74.296617721519,85.4345620253165,113.355706329114,412.953448101266,131.551655696203,144.644810126582,101.377275949367,169.166278481013,71.2031696202532,146.875898734177,102.073944303797,178.240192405063,282.627250632911,129.974582278481,315.9,150.543797468354,91.9296,150.879007594937,124.107037974684,99.8876962025317,137.299169620253,87.3391898734177
"AMJJAS_YIELDMM_DAILY_SW",516.492637974684,643.239797468354,623.660627848101,538.508232911392,432.16733164557,796.583665822785,1018.50288607595,342.246258227848,820.838278481013,645.486744303798,717.032506329114,301.932729113924,527.521215189873,338.111088607595,452.282673417722,441.053681012658,624.256951898734,493.179129113924,406.776121518987,482.158207594937,505.534329113924,485.306612658228,455.160941772152,529.770896202532,527.106713924051,751.567898734177,360.741053164557,391.744435443038,404.357741772152,556.638015189873,576.504273417721,761.09404556962,499.175453164557,876.593620253165,487.977083544304,319.543837974683,727.302896202532,394.376081012658,404.991524050633,202.093701265823,482.001539240506,615.904587341772,505.491675949367,286.479159493671,542.96630886076,697.996070886076,700.099746835443,579.879888607595,561.360212658228
